LONGITUDE_largegrid,LATITUDE_largegrid,STANDARDISED_KRILL_UNDER_1M2,STANDARDISED_KRILL_UNDER_1M2_var,STANDARDISED_KRILL_UNDER_1M2_log
-179,-77,,,
-179,-75,,,
-179,-73,,,
-179,-71,,,
-179,-69,0.0,,0.0
-179,-67,0.0,,0.0
-179,-65,,,
-179,-63,,,
-179,-61,21.669,,1.355432362470549
-179,-59,,,
-179,-57,,,
-179,-55,,,
-179,-53,,,
-179,-51,,,
-179,-49,,,
-179,-47,,,
-177,-77,,,
-177,-75,,,
-177,-73,,,
-177,-71,,,
-177,-69,0.0,,0.0
-177,-67,0.0,,0.0
-177,-65,,,
-177,-63,,,
-177,-61,21.669,,1.355432362470549
-177,-59,,,
-177,-57,,,
-177,-55,,,
-177,-53,,,
-177,-51,,,
-177,-49,,,
-177,-47,,,
-175,-77,,,
-175,-75,,,
-175,-73,,,
-175,-71,0.17766666666666667,0.09469633333333335,0.07102238271518305
-175,-69,,,
-175,-67,0.0,,0.0
-175,-65,,,
-175,-63,,,
-175,-61,0.0,0.0,0.0
-175,-59,,,
-175,-57,,,
-175,-55,,,
-175,-53,,,
-175,-51,,,
-175,-49,,,
-175,-47,,,
-173,-77,,,
-173,-75,,,
-173,-73,,,
-173,-71,0.17766666666666667,0.09469633333333335,0.07102238271518305
-173,-69,,,
-173,-67,0.0,,0.0
-173,-65,,,
-173,-63,,,
-173,-61,0.0,0.0,0.0
-173,-59,,,
-173,-57,,,
-173,-55,,,
-173,-53,,,
-173,-51,,,
-173,-49,,,
-173,-47,,,
-171,-77,,,
-171,-75,,,
-171,-73,,,
-171,-71,0.17766666666666667,0.09469633333333335,0.07102238271518305
-171,-69,,,
-171,-67,0.0,,0.0
-171,-65,,,
-171,-63,,,
-171,-61,0.0,0.0,0.0
-171,-59,,,
-171,-57,,,
-171,-55,,,
-171,-53,,,
-171,-51,,,
-171,-49,,,
-171,-47,,,
-169,-77,,,
-169,-75,,,
-169,-73,,,
-169,-71,,,
-169,-69,,,
-169,-67,0.067,0.008978000000000002,0.028164419424469872
-169,-65,0.07133333333333333,0.015265333333333332,0.02992461770766326
-169,-63,0.1645,0.0541205,0.06613949287069953
-169,-61,0.16,,0.06445798922691845
-169,-59,0.0,0.0,0.0
-169,-57,,,
-169,-55,,,
-169,-53,,,
-169,-51,,,
-169,-49,,,
-169,-47,,,
-167,-77,,,
-167,-75,,,
-167,-73,,,
-167,-71,,,
-167,-69,,,
-167,-67,0.067,0.008978000000000002,0.028164419424469872
-167,-65,0.07133333333333333,0.015265333333333332,0.02992461770766326
-167,-63,0.1645,0.0541205,0.06613949287069953
-167,-61,0.16,,0.06445798922691845
-167,-59,0.0,0.0,0.0
-167,-57,,,
-167,-55,,,
-167,-53,,,
-167,-51,,,
-167,-49,,,
-167,-47,,,
-165,-77,,,
-165,-75,,,
-165,-73,,,
-165,-71,,,
-165,-69,,,
-165,-67,0.067,0.008978000000000002,0.028164419424469872
-165,-65,0.07133333333333333,0.015265333333333332,0.02992461770766326
-165,-63,0.1645,0.0541205,0.06613949287069953
-165,-61,0.16,,0.06445798922691845
-165,-59,0.0,0.0,0.0
-165,-57,,,
-165,-55,,,
-165,-53,,,
-165,-51,,,
-165,-49,,,
-165,-47,,,
-163,-77,,,
-163,-75,,,
-163,-73,,,
-163,-71,,,
-163,-69,3.365,,0.6399842480415886
-163,-67,2.9962857142857144,21.915804571428577,0.6016565305303926
-163,-65,45.59,,1.668292710448221
-163,-63,,,
-163,-61,,,
-163,-59,0.5115,1.0465289999999998,0.17940815151383585
-163,-57,,,
-163,-55,,,
-163,-53,,,
-163,-51,,,
-163,-49,,,
-163,-47,,,
-161,-77,,,
-161,-75,,,
-161,-73,,,
-161,-71,,,
-161,-69,3.365,,0.6399842480415886
-161,-67,2.9962857142857144,21.915804571428577,0.6016565305303926
-161,-65,45.59,,1.668292710448221
-161,-63,,,
-161,-61,,,
-161,-59,0.5115,1.0465289999999998,0.17940815151383585
-161,-57,,,
-161,-55,,,
-161,-53,,,
-161,-51,,,
-161,-49,,,
-161,-47,,,
-159,-77,,,
-159,-75,,,
-159,-73,,,
-159,-71,,,
-159,-69,3.365,,0.6399842480415886
-159,-67,2.9962857142857144,21.915804571428577,0.6016565305303926
-159,-65,45.59,,1.668292710448221
-159,-63,,,
-159,-61,,,
-159,-59,0.5115,1.0465289999999998,0.17940815151383585
-159,-57,,,
-159,-55,,,
-159,-53,,,
-159,-51,,,
-159,-49,,,
-159,-47,,,
-157,-77,,,
-157,-75,,,
-157,-73,,,
-157,-71,,,
-157,-69,0.0,0.0,0.0
-157,-67,0.124,0.07192166666666666,0.05076631123304232
-157,-65,,,
-157,-63,,,
-157,-61,,,
-157,-59,4.261,36.312242000000005,0.7210683017971591
-157,-57,0.0,0.0,0.0
-157,-55,,,
-157,-53,,,
-157,-51,,,
-157,-49,,,
-157,-47,,,
-155,-77,,,
-155,-75,,,
-155,-73,,,
-155,-71,,,
-155,-69,0.0,0.0,0.0
-155,-67,0.124,0.07192166666666666,0.05076631123304232
-155,-65,,,
-155,-63,,,
-155,-61,,,
-155,-59,4.261,36.312242000000005,0.7210683017971591
-155,-57,0.0,0.0,0.0
-155,-55,,,
-155,-53,,,
-155,-51,,,
-155,-49,,,
-155,-47,,,
-153,-77,,,
-153,-75,,,
-153,-73,,,
-153,-71,,,
-153,-69,0.0,0.0,0.0
-153,-67,0.124,0.07192166666666666,0.05076631123304232
-153,-65,,,
-153,-63,,,
-153,-61,,,
-153,-59,4.261,36.312242000000005,0.7210683017971591
-153,-57,0.0,0.0,0.0
-153,-55,,,
-153,-53,,,
-153,-51,,,
-153,-49,,,
-153,-47,,,
-151,-77,,,
-151,-75,,,
-151,-73,,,
-151,-71,,,
-151,-69,0.0,0.0,0.0
-151,-67,0.0,,0.0
-151,-65,0.27625,0.10206025,0.1059357550949667
-151,-63,0.0,,0.0
-151,-61,,,
-151,-59,0.0,0.0,0.0
-151,-57,3.707,,0.6727441983065992
-151,-55,,,
-151,-53,,,
-151,-51,,,
-151,-49,,,
-151,-47,,,
-149,-77,,,
-149,-75,,,
-149,-73,,,
-149,-71,,,
-149,-69,0.0,0.0,0.0
-149,-67,0.0,,0.0
-149,-65,0.27625,0.10206025,0.1059357550949667
-149,-63,0.0,,0.0
-149,-61,,,
-149,-59,0.0,0.0,0.0
-149,-57,3.707,,0.6727441983065992
-149,-55,,,
-149,-53,,,
-149,-51,,,
-149,-49,,,
-149,-47,,,
-147,-77,,,
-147,-75,,,
-147,-73,,,
-147,-71,,,
-147,-69,0.0,0.0,0.0
-147,-67,0.0,,0.0
-147,-65,0.27625,0.10206025,0.1059357550949667
-147,-63,0.0,,0.0
-147,-61,,,
-147,-59,0.0,0.0,0.0
-147,-57,3.707,,0.6727441983065992
-147,-55,,,
-147,-53,,,
-147,-51,,,
-147,-49,,,
-147,-47,,,
-145,-77,,,
-145,-75,,,
-145,-73,,,
-145,-71,0.0,0.0,0.0
-145,-69,0.28300000000000003,7.999999999999681e-06,0.10822665637492848
-145,-67,0.0,,0.0
-145,-65,0.0,0.0,0.0
-145,-63,0.0,0.0,0.0
-145,-61,,,
-145,-59,,,
-145,-57,,,
-145,-55,,,
-145,-53,,,
-145,-51,,,
-145,-49,,,
-145,-47,,,
-143,-77,,,
-143,-75,,,
-143,-73,,,
-143,-71,0.0,0.0,0.0
-143,-69,0.28300000000000003,7.999999999999681e-06,0.10822665637492848
-143,-67,0.0,,0.0
-143,-65,0.0,0.0,0.0
-143,-63,0.0,0.0,0.0
-143,-61,,,
-143,-59,,,
-143,-57,,,
-143,-55,,,
-143,-53,,,
-143,-51,,,
-143,-49,,,
-143,-47,,,
-141,-77,,,
-141,-75,,,
-141,-73,,,
-141,-71,0.0,0.0,0.0
-141,-69,0.28300000000000003,7.999999999999681e-06,0.10822665637492848
-141,-67,0.0,,0.0
-141,-65,0.0,0.0,0.0
-141,-63,0.0,0.0,0.0
-141,-61,,,
-141,-59,,,
-141,-57,,,
-141,-55,,,
-141,-53,,,
-141,-51,,,
-141,-49,,,
-141,-47,,,
-139,-77,,,
-139,-75,,,
-139,-73,,,
-139,-71,,,
-139,-69,0.7326666666666668,0.8173363333333334,0.23871502044533138
-139,-67,0.094,0.017672,0.039017321997412
-139,-65,0.715,1.7517999999999998,0.23426412437878927
-139,-63,,,
-139,-61,,,
-139,-59,,,
-139,-57,,,
-139,-55,,,
-139,-53,,,
-139,-51,,,
-139,-49,,,
-139,-47,,,
-137,-77,,,
-137,-75,,,
-137,-73,,,
-137,-71,,,
-137,-69,0.7326666666666668,0.8173363333333334,0.23871502044533138
-137,-67,0.094,0.017672,0.039017321997412
-137,-65,0.715,1.7517999999999998,0.23426412437878927
-137,-63,,,
-137,-61,,,
-137,-59,,,
-137,-57,,,
-137,-55,,,
-137,-53,,,
-137,-51,,,
-137,-49,,,
-137,-47,,,
-135,-77,,,
-135,-75,,,
-135,-73,,,
-135,-71,,,
-135,-69,0.7326666666666668,0.8173363333333334,0.23871502044533138
-135,-67,0.094,0.017672,0.039017321997412
-135,-65,0.715,1.7517999999999998,0.23426412437878927
-135,-63,,,
-135,-61,,,
-135,-59,,,
-135,-57,,,
-135,-55,,,
-135,-53,,,
-135,-51,,,
-135,-49,,,
-135,-47,,,
-133,-77,,,
-133,-75,,,
-133,-73,,,
-133,-71,,,
-133,-69,4.70575,26.517886916666665,0.7563127389300582
-133,-67,0.0,0.0,0.0
-133,-65,,,
-133,-63,,,
-133,-61,,,
-133,-59,,,
-133,-57,,,
-133,-55,,,
-133,-53,,,
-133,-51,,,
-133,-49,,,
-133,-47,,,
-131,-77,,,
-131,-75,,,
-131,-73,,,
-131,-71,,,
-131,-69,4.70575,26.517886916666665,0.7563127389300582
-131,-67,0.0,0.0,0.0
-131,-65,,,
-131,-63,,,
-131,-61,,,
-131,-59,,,
-131,-57,,,
-131,-55,,,
-131,-53,,,
-131,-51,,,
-131,-49,,,
-131,-47,,,
-129,-77,,,
-129,-75,,,
-129,-73,,,
-129,-71,,,
-129,-69,4.70575,26.517886916666665,0.7563127389300582
-129,-67,0.0,0.0,0.0
-129,-65,,,
-129,-63,,,
-129,-61,,,
-129,-59,,,
-129,-57,,,
-129,-55,,,
-129,-53,,,
-129,-51,,,
-129,-49,,,
-129,-47,,,
-127,-77,,,
-127,-75,,,
-127,-73,,,
-127,-71,,,
-127,-69,1.665,11.0889,0.4256972133625911
-127,-67,0.0,0.0,0.0
-127,-65,0.0,0.0,0.0
-127,-63,,,
-127,-61,,,
-127,-59,,,
-127,-57,,,
-127,-55,,,
-127,-53,,,
-127,-51,,,
-127,-49,,,
-127,-47,,,
-125,-77,,,
-125,-75,,,
-125,-73,,,
-125,-71,,,
-125,-69,1.665,11.0889,0.4256972133625911
-125,-67,0.0,0.0,0.0
-125,-65,0.0,0.0,0.0
-125,-63,,,
-125,-61,,,
-125,-59,,,
-125,-57,,,
-125,-55,,,
-125,-53,,,
-125,-51,,,
-125,-49,,,
-125,-47,,,
-123,-77,,,
-123,-75,,,
-123,-73,,,
-123,-71,,,
-123,-69,1.665,11.0889,0.4256972133625911
-123,-67,0.0,0.0,0.0
-123,-65,0.0,0.0,0.0
-123,-63,,,
-123,-61,,,
-123,-59,,,
-123,-57,,,
-123,-55,,,
-123,-53,,,
-123,-51,,,
-123,-49,,,
-123,-47,,,
-121,-77,,,
-121,-75,,,
-121,-73,0.0,,0.0
-121,-71,0.0485,0.0014045000000000001,0.020568434801362646
-121,-69,0.103,,0.04257551244019059
-121,-67,0.47433333333333333,1.3088350000000004,0.16859568464994135
-121,-65,0.0,,0.0
-121,-63,,,
-121,-61,,,
-121,-59,,,
-121,-57,,,
-121,-55,,,
-121,-53,,,
-121,-51,,,
-121,-49,,,
-121,-47,,,
-119,-77,,,
-119,-75,,,
-119,-73,0.0,,0.0
-119,-71,0.0485,0.0014045000000000001,0.020568434801362646
-119,-69,0.103,,0.04257551244019059
-119,-67,0.47433333333333333,1.3088350000000004,0.16859568464994135
-119,-65,0.0,,0.0
-119,-63,,,
-119,-61,,,
-119,-59,,,
-119,-57,,,
-119,-55,,,
-119,-53,,,
-119,-51,,,
-119,-49,,,
-119,-47,,,
-117,-77,,,
-117,-75,,,
-117,-73,0.0,,0.0
-117,-71,0.0485,0.0014045000000000001,0.020568434801362646
-117,-69,0.103,,0.04257551244019059
-117,-67,0.47433333333333333,1.3088350000000004,0.16859568464994135
-117,-65,0.0,,0.0
-117,-63,,,
-117,-61,,,
-117,-59,,,
-117,-57,,,
-117,-55,,,
-117,-53,,,
-117,-51,,,
-117,-49,,,
-117,-47,,,
-115,-77,,,
-115,-75,,,
-115,-73,,,
-115,-71,,,
-115,-69,0.845,,0.2659963704950792
-115,-67,0.0,0.0,0.0
-115,-65,0.04,0.011200000000000003,0.01703333929878037
-115,-63,,,
-115,-61,,,
-115,-59,,,
-115,-57,,,
-115,-55,,,
-115,-53,,,
-115,-51,,,
-115,-49,,,
-115,-47,,,
-113,-77,,,
-113,-75,,,
-113,-73,,,
-113,-71,,,
-113,-69,0.845,,0.2659963704950792
-113,-67,0.0,0.0,0.0
-113,-65,0.04,0.011200000000000003,0.01703333929878037
-113,-63,,,
-113,-61,,,
-113,-59,,,
-113,-57,,,
-113,-55,,,
-113,-53,,,
-113,-51,,,
-113,-49,,,
-113,-47,,,
-111,-77,,,
-111,-75,,,
-111,-73,,,
-111,-71,,,
-111,-69,0.845,,0.2659963704950792
-111,-67,0.0,0.0,0.0
-111,-65,0.04,0.011200000000000003,0.01703333929878037
-111,-63,,,
-111,-61,,,
-111,-59,,,
-111,-57,,,
-111,-55,,,
-111,-53,,,
-111,-51,,,
-111,-49,,,
-111,-47,,,
-109,-77,,,
-109,-75,,,
-109,-73,,,
-109,-71,,,
-109,-69,,,
-109,-67,0.057,0.022743000000000003,0.024074987307426243
-109,-65,0.0,0.0,0.0
-109,-63,0.0,0.0,0.0
-109,-61,0.0,0.0,0.0
-109,-59,,,
-109,-57,,,
-109,-55,,,
-109,-53,,,
-109,-51,,,
-109,-49,,,
-109,-47,,,
-107,-77,,,
-107,-75,,,
-107,-73,,,
-107,-71,,,
-107,-69,,,
-107,-67,0.057,0.022743000000000003,0.024074987307426243
-107,-65,0.0,0.0,0.0
-107,-63,0.0,0.0,0.0
-107,-61,0.0,0.0,0.0
-107,-59,,,
-107,-57,,,
-107,-55,,,
-107,-53,,,
-107,-51,,,
-107,-49,,,
-107,-47,,,
-105,-77,,,
-105,-75,,,
-105,-73,,,
-105,-71,,,
-105,-69,,,
-105,-67,0.057,0.022743000000000003,0.024074987307426243
-105,-65,0.0,0.0,0.0
-105,-63,0.0,0.0,0.0
-105,-61,0.0,0.0,0.0
-105,-59,,,
-105,-57,,,
-105,-55,,,
-105,-53,,,
-105,-51,,,
-105,-49,,,
-105,-47,,,
-103,-77,,,
-103,-75,,,
-103,-73,,,
-103,-71,,,
-103,-69,50.60975,20409.3623705,1.712731755332625
-103,-67,0.0,,0.0
-103,-65,0.0,0.0,0.0
-103,-63,0.0,0.0,0.0
-103,-61,,,
-103,-59,,,
-103,-57,,,
-103,-55,,,
-103,-53,,,
-103,-51,,,
-103,-49,,,
-103,-47,,,
-101,-77,,,
-101,-75,,,
-101,-73,,,
-101,-71,,,
-101,-69,50.60975,20409.3623705,1.712731755332625
-101,-67,0.0,,0.0
-101,-65,0.0,0.0,0.0
-101,-63,0.0,0.0,0.0
-101,-61,,,
-101,-59,,,
-101,-57,,,
-101,-55,,,
-101,-53,,,
-101,-51,,,
-101,-49,,,
-101,-47,,,
-99,-77,,,
-99,-75,,,
-99,-73,,,
-99,-71,,,
-99,-69,50.60975,20409.3623705,1.712731755332625
-99,-67,0.0,,0.0
-99,-65,0.0,0.0,0.0
-99,-63,0.0,0.0,0.0
-99,-61,,,
-99,-59,,,
-99,-57,,,
-99,-55,,,
-99,-53,,,
-99,-51,,,
-99,-49,,,
-99,-47,,,
-97,-77,,,
-97,-75,,,
-97,-73,,,
-97,-71,,,
-97,-69,0.26771428571428574,0.5016965714285715,0.10302138436627928
-97,-67,0.09899999999999999,0.023547999999999996,0.04099769242349056
-97,-65,0.0,,0.0
-97,-63,0.0,,0.0
-97,-61,,,
-97,-59,,,
-97,-57,,,
-97,-55,,,
-97,-53,,,
-97,-51,,,
-97,-49,,,
-97,-47,,,
-95,-77,,,
-95,-75,,,
-95,-73,,,
-95,-71,,,
-95,-69,0.26771428571428574,0.5016965714285715,0.10302138436627928
-95,-67,0.09899999999999999,0.023547999999999996,0.04099769242349056
-95,-65,0.0,,0.0
-95,-63,0.0,,0.0
-95,-61,,,
-95,-59,,,
-95,-57,,,
-95,-55,,,
-95,-53,,,
-95,-51,,,
-95,-49,,,
-95,-47,,,
-93,-77,,,
-93,-75,,,
-93,-73,,,
-93,-71,,,
-93,-69,0.26771428571428574,0.5016965714285715,0.10302138436627928
-93,-67,0.09899999999999999,0.023547999999999996,0.04099769242349056
-93,-65,0.0,,0.0
-93,-63,0.0,,0.0
-93,-61,,,
-93,-59,,,
-93,-57,,,
-93,-55,,,
-93,-53,,,
-93,-51,,,
-93,-49,,,
-93,-47,,,
-91,-77,,,
-91,-75,,,
-91,-73,,,
-91,-71,,,
-91,-69,42.416250000000005,6866.224252916666,1.6376523093385997
-91,-67,2.3716666666666666,27.26194096969697,0.5278446323871611
-91,-65,0.0,0.0,0.0
-91,-63,0.0,0.0,0.0
-91,-61,0.0,,0.0
-91,-59,,,
-91,-57,,,
-91,-55,,,
-91,-53,,,
-91,-51,,,
-91,-49,,,
-91,-47,,,
-89,-77,,,
-89,-75,,,
-89,-73,,,
-89,-71,,,
-89,-69,42.416250000000005,6866.224252916666,1.6376523093385997
-89,-67,2.3716666666666666,27.26194096969697,0.5278446323871611
-89,-65,0.0,0.0,0.0
-89,-63,0.0,0.0,0.0
-89,-61,0.0,,0.0
-89,-59,,,
-89,-57,,,
-89,-55,,,
-89,-53,,,
-89,-51,,,
-89,-49,,,
-89,-47,,,
-87,-77,,,
-87,-75,,,
-87,-73,,,
-87,-71,,,
-87,-69,42.416250000000005,6866.224252916666,1.6376523093385997
-87,-67,2.3716666666666666,27.26194096969697,0.5278446323871611
-87,-65,0.0,0.0,0.0
-87,-63,0.0,0.0,0.0
-87,-61,0.0,,0.0
-87,-59,,,
-87,-57,,,
-87,-55,,,
-87,-53,,,
-87,-51,,,
-87,-49,,,
-87,-47,,,
-85,-77,,,
-85,-75,,,
-85,-73,,,
-85,-71,1.293,,0.36040405472993886
-85,-69,,,
-85,-67,8.558200000000001,343.3449912,0.9803761136494789
-85,-65,0.04875,0.019012500000000005,0.02067197383675672
-85,-63,,,
-85,-61,,,
-85,-59,,,
-85,-57,,,
-85,-55,,,
-85,-53,,,
-85,-51,,,
-85,-49,,,
-85,-47,,,
-83,-77,,,
-83,-75,,,
-83,-73,,,
-83,-71,1.293,,0.36040405472993886
-83,-69,,,
-83,-67,8.558200000000001,343.3449912,0.9803761136494789
-83,-65,0.04875,0.019012500000000005,0.02067197383675672
-83,-63,,,
-83,-61,,,
-83,-59,,,
-83,-57,,,
-83,-55,,,
-83,-53,,,
-83,-51,,,
-83,-49,,,
-83,-47,,,
-81,-77,,,
-81,-75,,,
-81,-73,,,
-81,-71,1.293,,0.36040405472993886
-81,-69,,,
-81,-67,8.558200000000001,343.3449912,0.9803761136494789
-81,-65,0.04875,0.019012500000000005,0.02067197383675672
-81,-63,,,
-81,-61,,,
-81,-59,,,
-81,-57,,,
-81,-55,,,
-81,-53,,,
-81,-51,,,
-81,-49,,,
-81,-47,,,
-79,-77,,,
-79,-75,,,
-79,-73,,,
-79,-71,0.601,,0.20439133191929973
-79,-69,70.61185,31072.4868449,1.8549848933104618
-79,-67,20.46375,2212.689960804348,1.331705601228699
-79,-65,0.714125,4.0797961250000006,0.23404248901704963
-79,-63,0.0,0.0,0.0
-79,-61,0.0,,0.0
-79,-59,,,
-79,-57,,,
-79,-55,,,
-79,-53,,,
-79,-51,,,
-79,-49,,,
-79,-47,,,
-77,-77,,,
-77,-75,,,
-77,-73,,,
-77,-71,0.601,,0.20439133191929973
-77,-69,70.61185,31072.4868449,1.8549848933104618
-77,-67,20.46375,2212.689960804348,1.331705601228699
-77,-65,0.714125,4.0797961250000006,0.23404248901704963
-77,-63,0.0,0.0,0.0
-77,-61,0.0,,0.0
-77,-59,,,
-77,-57,,,
-77,-55,,,
-77,-53,,,
-77,-51,,,
-77,-49,,,
-77,-47,,,
-75,-77,,,
-75,-75,,,
-75,-73,,,
-75,-71,0.601,,0.20439133191929973
-75,-69,70.61185,31072.4868449,1.8549848933104618
-75,-67,20.46375,2212.689960804348,1.331705601228699
-75,-65,0.714125,4.0797961250000006,0.23404248901704963
-75,-63,0.0,0.0,0.0
-75,-61,0.0,,0.0
-75,-59,,,
-75,-57,,,
-75,-55,,,
-75,-53,,,
-75,-51,,,
-75,-49,,,
-75,-47,,,
-73,-77,,,
-73,-75,,,
-73,-73,,,
-73,-71,8.9725,105.45876450000003,0.9988040449818771
-73,-69,,,
-73,-67,51.02422131147541,63860.08847233767,1.7162055884961538
-73,-65,15.011669696969696,8964.463487778108,1.2044366225108216
-73,-63,0.25853846153846155,0.1455712692307692,0.0998664923346646
-73,-61,5.634,49.740338,0.8217754671834635
-73,-59,,,
-73,-57,,,
-73,-55,,,
-73,-53,,,
-73,-51,,,
-73,-49,,,
-73,-47,,,
-71,-77,,,
-71,-75,,,
-71,-73,,,
-71,-71,8.9725,105.45876450000003,0.9988040449818771
-71,-69,,,
-71,-67,51.02422131147541,63860.08847233767,1.7162055884961538
-71,-65,15.011669696969696,8964.463487778108,1.2044366225108216
-71,-63,0.25853846153846155,0.1455712692307692,0.0998664923346646
-71,-61,5.634,49.740338,0.8217754671834635
-71,-59,,,
-71,-57,,,
-71,-55,,,
-71,-53,,,
-71,-51,,,
-71,-49,,,
-71,-47,,,
-69,-77,,,
-69,-75,,,
-69,-73,,,
-69,-71,8.9725,105.45876450000003,0.9988040449818771
-69,-69,,,
-69,-67,51.02422131147541,63860.08847233767,1.7162055884961538
-69,-65,15.011669696969696,8964.463487778108,1.2044366225108216
-69,-63,0.25853846153846155,0.1455712692307692,0.0998664923346646
-69,-61,5.634,49.740338,0.8217754671834635
-69,-59,,,
-69,-57,,,
-69,-55,,,
-69,-53,,,
-69,-51,,,
-69,-49,,,
-69,-47,,,
-67,-77,,,
-67,-75,,,
-67,-73,,,
-67,-71,,,
-67,-69,,,
-67,-67,8.80655172413793,263.57222454187195,0.9915163233388936
-67,-65,54.22609552238806,35413.91593355973,1.7421443397468928
-67,-63,22.0488658008658,27862.996303435317,1.3626495592898915
-67,-61,7.745666666666667,867.1451107642276,0.9417929205750333
-67,-59,1.2131666666666667,8.830640166666665,0.3450141205192758
-67,-57,,,
-67,-55,,,
-67,-53,,,
-67,-51,,,
-67,-49,,,
-67,-47,,,
-65,-77,,,
-65,-75,,,
-65,-73,,,
-65,-71,,,
-65,-69,,,
-65,-67,8.80655172413793,263.57222454187195,0.9915163233388936
-65,-65,54.22609552238806,35413.91593355973,1.7421443397468928
-65,-63,22.0488658008658,27862.996303435317,1.3626495592898915
-65,-61,7.745666666666667,867.1451107642276,0.9417929205750333
-65,-59,1.2131666666666667,8.830640166666665,0.3450141205192758
-65,-57,,,
-65,-55,,,
-65,-53,,,
-65,-51,,,
-65,-49,,,
-65,-47,,,
-63,-77,,,
-63,-75,,,
-63,-73,,,
-63,-71,,,
-63,-69,,,
-63,-67,8.80655172413793,263.57222454187195,0.9915163233388936
-63,-65,54.22609552238806,35413.91593355973,1.7421443397468928
-63,-63,22.0488658008658,27862.996303435317,1.3626495592898915
-63,-61,7.745666666666667,867.1451107642276,0.9417929205750333
-63,-59,1.2131666666666667,8.830640166666665,0.3450141205192758
-63,-57,,,
-63,-55,,,
-63,-53,,,
-63,-51,,,
-63,-49,,,
-63,-47,,,
-61,-77,,,
-61,-75,0.0,0.0,0.0
-61,-73,0.0,,0.0
-61,-71,,,
-61,-69,,,
-61,-67,,,
-61,-65,,,
-61,-63,53.26490384615385,34536.23608431225,1.734519037805455
-61,-61,22.098119638826184,27435.540228486432,1.363576626484317
-61,-59,7.103506756756756,2707.3082021830055,0.9086729985740917
-61,-57,0.0,0.0,0.0
-61,-55,,,
-61,-53,,,
-61,-51,,,
-61,-49,,,
-61,-47,,,
-59,-77,,,
-59,-75,0.0,0.0,0.0
-59,-73,0.0,,0.0
-59,-71,,,
-59,-69,,,
-59,-67,,,
-59,-65,,,
-59,-63,53.26490384615385,34536.23608431225,1.734519037805455
-59,-61,22.098119638826184,27435.540228486432,1.363576626484317
-59,-59,7.103506756756756,2707.3082021830055,0.9086729985740917
-59,-57,0.0,0.0,0.0
-59,-55,,,
-59,-53,,,
-59,-51,,,
-59,-49,,,
-59,-47,,,
-57,-77,,,
-57,-75,0.0,0.0,0.0
-57,-73,0.0,,0.0
-57,-71,,,
-57,-69,,,
-57,-67,,,
-57,-65,,,
-57,-63,53.26490384615385,34536.23608431225,1.734519037805455
-57,-61,22.098119638826184,27435.540228486432,1.363576626484317
-57,-59,7.103506756756756,2707.3082021830055,0.9086729985740917
-57,-57,0.0,0.0,0.0
-57,-55,,,
-57,-53,,,
-57,-51,,,
-57,-49,,,
-57,-47,,,
-55,-77,,,
-55,-75,0.0,0.0,0.0
-55,-73,,,
-55,-71,,,
-55,-69,,,
-55,-67,,,
-55,-65,,,
-55,-63,58.23757500000001,15940.72522060962,1.7725972715629634
-55,-61,55.267206565252195,179353.6486413002,1.7502553547592787
-55,-59,23.266189239332096,16863.0909785194,1.3850015801113718
-55,-57,1.7061764705882352,20.96897465441176,0.4323561136598928
-55,-55,,,
-55,-53,,,
-55,-51,,,
-55,-49,,,
-55,-47,,,
-53,-77,,,
-53,-75,0.0,0.0,0.0
-53,-73,,,
-53,-71,,,
-53,-69,,,
-53,-67,,,
-53,-65,,,
-53,-63,58.23757500000001,15940.72522060962,1.7725972715629634
-53,-61,55.267206565252195,179353.6486413002,1.7502553547592787
-53,-59,23.266189239332096,16863.0909785194,1.3850015801113718
-53,-57,1.7061764705882352,20.96897465441176,0.4323561136598928
-53,-55,,,
-53,-53,,,
-53,-51,,,
-53,-49,,,
-53,-47,,,
-51,-77,,,
-51,-75,0.0,0.0,0.0
-51,-73,,,
-51,-71,,,
-51,-69,,,
-51,-67,,,
-51,-65,,,
-51,-63,58.23757500000001,15940.72522060962,1.7725972715629634
-51,-61,55.267206565252195,179353.6486413002,1.7502553547592787
-51,-59,23.266189239332096,16863.0909785194,1.3850015801113718
-51,-57,1.7061764705882352,20.96897465441176,0.4323561136598928
-51,-55,,,
-51,-53,,,
-51,-51,,,
-51,-49,,,
-51,-47,,,
-49,-77,0.0,0.0,0.0
-49,-75,0.04090909090909091,0.03681818181818182,0.0174128015176818
-49,-73,,,
-49,-71,,,
-49,-69,,,
-49,-67,,,
-49,-65,138.963,26709.508597,2.146013242681135
-49,-63,77.706,44510.99875057143,1.8960078412226744
-49,-61,44.05725454545454,24386.793784859932,1.6537647255128738
-49,-59,36.009115853658535,8956.529478679748,1.568308709940724
-49,-57,38.607062500000005,23565.079856357715,1.5977726336855924
-49,-55,1.533090909090909,25.347867290909093,0.4036507762919548
-49,-53,1.6875,19.491016722222227,0.42934847292366174
-49,-51,0.03342857142857143,0.007822285714285714,0.014280464411344066
-49,-49,0.0,,0.0
-49,-47,,,
-47,-77,0.0,0.0,0.0
-47,-75,0.04090909090909091,0.03681818181818182,0.0174128015176818
-47,-73,,,
-47,-71,,,
-47,-69,,,
-47,-67,,,
-47,-65,138.963,26709.508597,2.146013242681135
-47,-63,77.706,44510.99875057143,1.8960078412226744
-47,-61,44.05725454545454,24386.793784859932,1.6537647255128738
-47,-59,36.009115853658535,8956.529478679748,1.568308709940724
-47,-57,38.607062500000005,23565.079856357715,1.5977726336855924
-47,-55,1.533090909090909,25.347867290909093,0.4036507762919548
-47,-53,1.6875,19.491016722222227,0.42934847292366174
-47,-51,0.03342857142857143,0.007822285714285714,0.014280464411344066
-47,-49,0.0,,0.0
-47,-47,,,
-45,-77,0.0,0.0,0.0
-45,-75,0.04090909090909091,0.03681818181818182,0.0174128015176818
-45,-73,,,
-45,-71,,,
-45,-69,,,
-45,-67,,,
-45,-65,138.963,26709.508597,2.146013242681135
-45,-63,77.706,44510.99875057143,1.8960078412226744
-45,-61,44.05725454545454,24386.793784859932,1.6537647255128738
-45,-59,36.009115853658535,8956.529478679748,1.568308709940724
-45,-57,38.607062500000005,23565.079856357715,1.5977726336855924
-45,-55,1.533090909090909,25.347867290909093,0.4036507762919548
-45,-53,1.6875,19.491016722222227,0.42934847292366174
-45,-51,0.03342857142857143,0.007822285714285714,0.014280464411344066
-45,-49,0.0,,0.0
-45,-47,,,
-43,-77,0.4266,0.8707855999999999,0.15430221968466445
-43,-75,,,
-43,-73,,,
-43,-71,,,
-43,-69,,,
-43,-67,0.241,,0.09377178149872986
-43,-65,0.0945,2.4500000000000043e-05,0.039215765903950504
-43,-63,26.292666666666666,337.3932973333334,1.4360459710688998
-43,-61,113.22526086956522,131377.17539683796,2.057762158577892
-43,-59,31.394819548872185,12735.053915224767,1.5104755651071724
-43,-57,210.90797674418604,1457194.372677928,2.326147304944778
-43,-55,25.867255319148935,22849.885700629053,1.4292233024349643
-43,-53,23.644935064935066,36218.31019832255,1.3917276782027521
-43,-51,0.2897090909090909,2.743258358249158,0.11049176110497891
-43,-49,0.7284761904761905,11.144228761904762,0.23766340157236526
-43,-47,,,
-41,-77,0.4266,0.8707855999999999,0.15430221968466445
-41,-75,,,
-41,-73,,,
-41,-71,,,
-41,-69,,,
-41,-67,0.241,,0.09377178149872986
-41,-65,0.0945,2.4500000000000043e-05,0.039215765903950504
-41,-63,26.292666666666666,337.3932973333334,1.4360459710688998
-41,-61,113.22526086956522,131377.17539683796,2.057762158577892
-41,-59,31.394819548872185,12735.053915224767,1.5104755651071724
-41,-57,210.90797674418604,1457194.372677928,2.326147304944778
-41,-55,25.867255319148935,22849.885700629053,1.4292233024349643
-41,-53,23.644935064935066,36218.31019832255,1.3917276782027521
-41,-51,0.2897090909090909,2.743258358249158,0.11049176110497891
-41,-49,0.7284761904761905,11.144228761904762,0.23766340157236526
-41,-47,,,
-39,-77,0.4266,0.8707855999999999,0.15430221968466445
-39,-75,,,
-39,-73,,,
-39,-71,,,
-39,-69,,,
-39,-67,0.241,,0.09377178149872986
-39,-65,0.0945,2.4500000000000043e-05,0.039215765903950504
-39,-63,26.292666666666666,337.3932973333334,1.4360459710688998
-39,-61,113.22526086956522,131377.17539683796,2.057762158577892
-39,-59,31.394819548872185,12735.053915224767,1.5104755651071724
-39,-57,210.90797674418604,1457194.372677928,2.326147304944778
-39,-55,25.867255319148935,22849.885700629053,1.4292233024349643
-39,-53,23.644935064935066,36218.31019832255,1.3917276782027521
-39,-51,0.2897090909090909,2.743258358249158,0.11049176110497891
-39,-49,0.7284761904761905,11.144228761904762,0.23766340157236526
-39,-47,,,
-37,-77,0.0,0.0,0.0
-37,-75,0.0,,0.0
-37,-73,,,
-37,-71,,,
-37,-69,,,
-37,-67,,,
-37,-65,,,
-37,-63,0.0,0.0,0.0
-37,-61,25.206666666666667,707.0162415,1.418411784764408
-37,-59,78.67223333333332,109953.73321177126,1.901306991268097
-37,-57,228.3795384615385,1110062.544127058,2.3605546745522545
-37,-55,36.58096062992126,92813.85705510162,1.574967877173283
-37,-53,136.81347368421055,1397448.4967175238,2.1392916795501886
-37,-51,50.625921568627454,102037.60176155373,1.7128678172765122
-37,-49,,,
-37,-47,,,
-35,-77,0.0,0.0,0.0
-35,-75,0.0,,0.0
-35,-73,,,
-35,-71,,,
-35,-69,,,
-35,-67,,,
-35,-65,,,
-35,-63,0.0,0.0,0.0
-35,-61,25.206666666666667,707.0162415,1.418411784764408
-35,-59,78.67223333333332,109953.73321177126,1.901306991268097
-35,-57,228.3795384615385,1110062.544127058,2.3605546745522545
-35,-55,36.58096062992126,92813.85705510162,1.574967877173283
-35,-53,136.81347368421055,1397448.4967175238,2.1392916795501886
-35,-51,50.625921568627454,102037.60176155373,1.7128678172765122
-35,-49,,,
-35,-47,,,
-33,-77,0.0,0.0,0.0
-33,-75,0.0,,0.0
-33,-73,,,
-33,-71,,,
-33,-69,,,
-33,-67,,,
-33,-65,,,
-33,-63,0.0,0.0,0.0
-33,-61,25.206666666666667,707.0162415,1.418411784764408
-33,-59,78.67223333333332,109953.73321177126,1.901306991268097
-33,-57,228.3795384615385,1110062.544127058,2.3605546745522545
-33,-55,36.58096062992126,92813.85705510162,1.574967877173283
-33,-53,136.81347368421055,1397448.4967175238,2.1392916795501886
-33,-51,50.625921568627454,102037.60176155373,1.7128678172765122
-33,-49,,,
-33,-47,,,
-31,-77,,,
-31,-75,0.497,0.9880360000000001,0.17522180034305232
-31,-73,,,
-31,-71,,,
-31,-69,,,
-31,-67,,,
-31,-65,10.441,,1.0584639856022509
-31,-63,0.387,,0.14207646107328487
-31,-61,0.7396666666666668,1.6144258666666669,0.24046604213579803
-31,-59,271.9792727272727,544294.7284134182,2.4361296723817376
-31,-57,3.332318181818182,81.47264013203464,0.6367203453524874
-31,-55,77.8139,118955.5276072655,1.8966028185166741
-31,-53,297.4263823529412,2121682.8169054566,2.4748372142558197
-31,-51,0.404,0.217654,0.14736710779378645
-31,-49,,,
-31,-47,,,
-29,-77,,,
-29,-75,0.497,0.9880360000000001,0.17522180034305232
-29,-73,,,
-29,-71,,,
-29,-69,,,
-29,-67,,,
-29,-65,10.441,,1.0584639856022509
-29,-63,0.387,,0.14207646107328487
-29,-61,0.7396666666666668,1.6144258666666669,0.24046604213579803
-29,-59,271.9792727272727,544294.7284134182,2.4361296723817376
-29,-57,3.332318181818182,81.47264013203464,0.6367203453524874
-29,-55,77.8139,118955.5276072655,1.8966028185166741
-29,-53,297.4263823529412,2121682.8169054566,2.4748372142558197
-29,-51,0.404,0.217654,0.14736710779378645
-29,-49,,,
-29,-47,,,
-27,-77,,,
-27,-75,0.497,0.9880360000000001,0.17522180034305232
-27,-73,,,
-27,-71,,,
-27,-69,,,
-27,-67,,,
-27,-65,10.441,,1.0584639856022509
-27,-63,0.387,,0.14207646107328487
-27,-61,0.7396666666666668,1.6144258666666669,0.24046604213579803
-27,-59,271.9792727272727,544294.7284134182,2.4361296723817376
-27,-57,3.332318181818182,81.47264013203464,0.6367203453524874
-27,-55,77.8139,118955.5276072655,1.8966028185166741
-27,-53,297.4263823529412,2121682.8169054566,2.4748372142558197
-27,-51,0.404,0.217654,0.14736710779378645
-27,-49,,,
-27,-47,,,
-25,-77,,,
-25,-75,,,
-25,-73,24.954666666666668,1868.2061653333335,1.4142154556476596
-25,-71,,,
-25,-69,,,
-25,-67,23.33925,2100.0382469166666,1.3863071915653762
-25,-65,12.702666666666667,59.025690333333344,1.1368050931360243
-25,-63,8.061333333333332,15.045508333333332,0.9571921068053079
-25,-61,18.043823529411764,5499.237393279413,1.2797541484085546
-25,-59,99.24915000000001,155850.93988002895,2.0010806989792562
-25,-57,4.644055555555556,178.2581482908497,0.7515912799498635
-25,-55,480.8365714285714,3221239.2804538016,2.6828997598940743
-25,-53,11.918857142857144,414.4875001428572,1.111224095818189
-25,-51,0.058,0.0067280000000000005,0.024485667699166973
-25,-49,,,
-25,-47,,,
-23,-77,,,
-23,-75,,,
-23,-73,24.954666666666668,1868.2061653333335,1.4142154556476596
-23,-71,,,
-23,-69,,,
-23,-67,23.33925,2100.0382469166666,1.3863071915653762
-23,-65,12.702666666666667,59.025690333333344,1.1368050931360243
-23,-63,8.061333333333332,15.045508333333332,0.9571921068053079
-23,-61,18.043823529411764,5499.237393279413,1.2797541484085546
-23,-59,99.24915000000001,155850.93988002895,2.0010806989792562
-23,-57,4.644055555555556,178.2581482908497,0.7515912799498635
-23,-55,480.8365714285714,3221239.2804538016,2.6828997598940743
-23,-53,11.918857142857144,414.4875001428572,1.111224095818189
-23,-51,0.058,0.0067280000000000005,0.024485667699166973
-23,-49,,,
-23,-47,,,
-21,-77,,,
-21,-75,,,
-21,-73,24.954666666666668,1868.2061653333335,1.4142154556476596
-21,-71,,,
-21,-69,,,
-21,-67,23.33925,2100.0382469166666,1.3863071915653762
-21,-65,12.702666666666667,59.025690333333344,1.1368050931360243
-21,-63,8.061333333333332,15.045508333333332,0.9571921068053079
-21,-61,18.043823529411764,5499.237393279413,1.2797541484085546
-21,-59,99.24915000000001,155850.93988002895,2.0010806989792562
-21,-57,4.644055555555556,178.2581482908497,0.7515912799498635
-21,-55,480.8365714285714,3221239.2804538016,2.6828997598940743
-21,-53,11.918857142857144,414.4875001428572,1.111224095818189
-21,-51,0.058,0.0067280000000000005,0.024485667699166973
-21,-49,,,
-21,-47,,,
-19,-77,,,
-19,-75,,,
-19,-73,,,
-19,-71,4.04025,29.241020250000002,0.7024520782962727
-19,-69,259.0056666666667,50320.616116333345,2.414982813260225
-19,-67,0.319,,0.12024479554636527
-19,-65,0.65275,1.7043302500000002,0.2182071658330022
-19,-63,0.27,0.1458,0.10380372095595687
-19,-61,8.777666666666667,137.63862033333334,0.9902352275182358
-19,-59,16.260166666666667,1479.3798285666667,1.2370449850097922
-19,-57,258.2195,100878.1919645,2.4136676685868856
-19,-55,2.983,,0.600210306409328
-19,-53,,,
-19,-51,,,
-19,-49,,,
-19,-47,,,
-17,-77,,,
-17,-75,,,
-17,-73,,,
-17,-71,4.04025,29.241020250000002,0.7024520782962727
-17,-69,259.0056666666667,50320.616116333345,2.414982813260225
-17,-67,0.319,,0.12024479554636527
-17,-65,0.65275,1.7043302500000002,0.2182071658330022
-17,-63,0.27,0.1458,0.10380372095595687
-17,-61,8.777666666666667,137.63862033333334,0.9902352275182358
-17,-59,16.260166666666667,1479.3798285666667,1.2370449850097922
-17,-57,258.2195,100878.1919645,2.4136676685868856
-17,-55,2.983,,0.600210306409328
-17,-53,,,
-17,-51,,,
-17,-49,,,
-17,-47,,,
-15,-77,,,
-15,-75,,,
-15,-73,,,
-15,-71,4.04025,29.241020250000002,0.7024520782962727
-15,-69,259.0056666666667,50320.616116333345,2.414982813260225
-15,-67,0.319,,0.12024479554636527
-15,-65,0.65275,1.7043302500000002,0.2182071658330022
-15,-63,0.27,0.1458,0.10380372095595687
-15,-61,8.777666666666667,137.63862033333334,0.9902352275182358
-15,-59,16.260166666666667,1479.3798285666667,1.2370449850097922
-15,-57,258.2195,100878.1919645,2.4136676685868856
-15,-55,2.983,,0.600210306409328
-15,-53,,,
-15,-51,,,
-15,-49,,,
-15,-47,,,
-13,-77,,,
-13,-75,,,
-13,-73,,,
-13,-71,15.717214285714286,2054.111502335165,1.2231639093985989
-13,-69,1.2692,2.834954844444445,0.35587277489266456
-13,-67,0.33825,0.45765225,0.1265372520554692
-13,-65,0.45766666666666667,0.6283763333333333,0.16365822262519455
-13,-63,,,
-13,-61,11.698333333333332,652.1546275000003,1.1037467231893676
-13,-59,0.14133333333333334,0.05992533333333333,0.05741250128545317
-13,-57,,,
-13,-55,0.0,0.0,0.0
-13,-53,,,
-13,-51,,,
-13,-49,,,
-13,-47,,,
-11,-77,,,
-11,-75,,,
-11,-73,,,
-11,-71,15.717214285714286,2054.111502335165,1.2231639093985989
-11,-69,1.2692,2.834954844444445,0.35587277489266456
-11,-67,0.33825,0.45765225,0.1265372520554692
-11,-65,0.45766666666666667,0.6283763333333333,0.16365822262519455
-11,-63,,,
-11,-61,11.698333333333332,652.1546275000003,1.1037467231893676
-11,-59,0.14133333333333334,0.05992533333333333,0.05741250128545317
-11,-57,,,
-11,-55,0.0,0.0,0.0
-11,-53,,,
-11,-51,,,
-11,-49,,,
-11,-47,,,
-9,-77,,,
-9,-75,,,
-9,-73,,,
-9,-71,15.717214285714286,2054.111502335165,1.2231639093985989
-9,-69,1.2692,2.834954844444445,0.35587277489266456
-9,-67,0.33825,0.45765225,0.1265372520554692
-9,-65,0.45766666666666667,0.6283763333333333,0.16365822262519455
-9,-63,,,
-9,-61,11.698333333333332,652.1546275000003,1.1037467231893676
-9,-59,0.14133333333333334,0.05992533333333333,0.05741250128545317
-9,-57,,,
-9,-55,0.0,0.0,0.0
-9,-53,,,
-9,-51,,,
-9,-49,,,
-9,-47,,,
-7,-77,,,
-7,-75,,,
-7,-73,,,
-7,-71,,,
-7,-69,7.29953125,303.2984248377017,0.9190535645101505
-7,-67,0.483,,0.17114115102838207
-7,-65,0.21833333333333335,0.038614333333333334,0.0857661265742168
-7,-63,,,
-7,-61,1.282,0.0009680000000000017,0.35831564008219585
-7,-59,,,
-7,-57,20.119,696.7644499999999,1.3246733501892451
-7,-55,,,
-7,-53,,,
-7,-51,0.0,,0.0
-7,-49,,,
-7,-47,,,
-5,-77,,,
-5,-75,,,
-5,-73,,,
-5,-71,,,
-5,-69,7.29953125,303.2984248377017,0.9190535645101505
-5,-67,0.483,,0.17114115102838207
-5,-65,0.21833333333333335,0.038614333333333334,0.0857661265742168
-5,-63,,,
-5,-61,1.282,0.0009680000000000017,0.35831564008219585
-5,-59,,,
-5,-57,20.119,696.7644499999999,1.3246733501892451
-5,-55,,,
-5,-53,,,
-5,-51,0.0,,0.0
-5,-49,,,
-5,-47,,,
-3,-77,,,
-3,-75,,,
-3,-73,,,
-3,-71,,,
-3,-69,7.29953125,303.2984248377017,0.9190535645101505
-3,-67,0.483,,0.17114115102838207
-3,-65,0.21833333333333335,0.038614333333333334,0.0857661265742168
-3,-63,,,
-3,-61,1.282,0.0009680000000000017,0.35831564008219585
-3,-59,,,
-3,-57,20.119,696.7644499999999,1.3246733501892451
-3,-55,,,
-3,-53,,,
-3,-51,0.0,,0.0
-3,-49,,,
-3,-47,,,
-1,-77,,,
-1,-75,,,
-1,-73,,,
-1,-71,,,
-1,-69,15.005615384615385,910.5839539230769,1.2042723765748007
-1,-67,4.283458333333333,759.36943056162,0.7229182868185975
-1,-65,9.706272727272728,1938.4709064935062,1.029638302230768
-1,-63,1.3418461538461537,14.150755807692304,0.36955836096251876
-1,-61,24.415499999999998,3282.1027855,1.4050986580129488
-1,-59,16.186875,491.103022982143,1.2351969183605793
-1,-57,88.30014285714286,18909.820831142857,1.9508521536480001
-1,-55,23.579777777777778,3739.882218444444,1.3905779521744739
-1,-53,36.54566666666667,3087.813954666667,1.5745598201323856
-1,-51,0.566125,2.3859932678571423,0.19482642224538183
-1,-49,0.0,,0.0
-1,-47,,,
1,-77,,,
1,-75,,,
1,-73,,,
1,-71,,,
1,-69,15.005615384615385,910.5839539230769,1.2042723765748007
1,-67,4.283458333333333,759.36943056162,0.7229182868185975
1,-65,9.706272727272728,1938.4709064935062,1.029638302230768
1,-63,1.3418461538461537,14.150755807692304,0.36955836096251876
1,-61,24.415499999999998,3282.1027855,1.4050986580129488
1,-59,16.186875,491.103022982143,1.2351969183605793
1,-57,88.30014285714286,18909.820831142857,1.9508521536480001
1,-55,23.579777777777778,3739.882218444444,1.3905779521744739
1,-53,36.54566666666667,3087.813954666667,1.5745598201323856
1,-51,0.566125,2.3859932678571423,0.19482642224538183
1,-49,0.0,,0.0
1,-47,,,
3,-77,,,
3,-75,,,
3,-73,,,
3,-71,,,
3,-69,15.005615384615385,910.5839539230769,1.2042723765748007
3,-67,4.283458333333333,759.36943056162,0.7229182868185975
3,-65,9.706272727272728,1938.4709064935062,1.029638302230768
3,-63,1.3418461538461537,14.150755807692304,0.36955836096251876
3,-61,24.415499999999998,3282.1027855,1.4050986580129488
3,-59,16.186875,491.103022982143,1.2351969183605793
3,-57,88.30014285714286,18909.820831142857,1.9508521536480001
3,-55,23.579777777777778,3739.882218444444,1.3905779521744739
3,-53,36.54566666666667,3087.813954666667,1.5745598201323856
3,-51,0.566125,2.3859932678571423,0.19482642224538183
3,-49,0.0,,0.0
3,-47,,,
5,-77,,,
5,-75,,,
5,-73,,,
5,-71,,,
5,-69,50.26775,6507.382441583333,1.709844257872885
5,-67,0.18858333333333333,0.31579135606060604,0.07502963615934938
5,-65,0.2981666666666667,0.35023542424242426,0.11333045345587639
5,-63,0.517,0.534578,0.18098558078673047
5,-61,0.21633333333333335,0.14040033333333335,0.08505260864498582
5,-59,13.6900243902439,6819.281975274386,1.1670225168617028
5,-57,0.0,0.0,0.0
5,-55,10.043375,346.6152283833333,1.043101819758972
5,-53,3.534166666666667,72.44987536666666,0.6564974798582798
5,-51,0.09844444444444445,0.08722177777777777,0.04077809668543315
5,-49,0.0,0.0,0.0
5,-47,,,
7,-77,,,
7,-75,,,
7,-73,,,
7,-71,,,
7,-69,50.26775,6507.382441583333,1.709844257872885
7,-67,0.18858333333333333,0.31579135606060604,0.07502963615934938
7,-65,0.2981666666666667,0.35023542424242426,0.11333045345587639
7,-63,0.517,0.534578,0.18098558078673047
7,-61,0.21633333333333335,0.14040033333333335,0.08505260864498582
7,-59,13.6900243902439,6819.281975274386,1.1670225168617028
7,-57,0.0,0.0,0.0
7,-55,10.043375,346.6152283833333,1.043101819758972
7,-53,3.534166666666667,72.44987536666666,0.6564974798582798
7,-51,0.09844444444444445,0.08722177777777777,0.04077809668543315
7,-49,0.0,0.0,0.0
7,-47,,,
9,-77,,,
9,-75,,,
9,-73,,,
9,-71,,,
9,-69,50.26775,6507.382441583333,1.709844257872885
9,-67,0.18858333333333333,0.31579135606060604,0.07502963615934938
9,-65,0.2981666666666667,0.35023542424242426,0.11333045345587639
9,-63,0.517,0.534578,0.18098558078673047
9,-61,0.21633333333333335,0.14040033333333335,0.08505260864498582
9,-59,13.6900243902439,6819.281975274386,1.1670225168617028
9,-57,0.0,0.0,0.0
9,-55,10.043375,346.6152283833333,1.043101819758972
9,-53,3.534166666666667,72.44987536666666,0.6564974798582798
9,-51,0.09844444444444445,0.08722177777777777,0.04077809668543315
9,-49,0.0,0.0,0.0
9,-47,,,
11,-77,,,
11,-75,,,
11,-73,,,
11,-71,,,
11,-69,0.0,0.0,0.0
11,-67,0.4501818181818182,1.7528949636363638,0.16142245580935546
11,-65,41.74581818181818,19135.06775736363,1.6308936341660816
11,-63,0.0,,0.0
11,-61,8.419,,0.9740047968974147
11,-59,,,
11,-57,13.763,,1.1691746197537431
11,-55,,,
11,-53,0.0,,0.0
11,-51,0.0008,3.2000000000000003e-06,0.00034729668536350247
11,-49,0.0,0.0,0.0
11,-47,,,
13,-77,,,
13,-75,,,
13,-73,,,
13,-71,,,
13,-69,0.0,0.0,0.0
13,-67,0.4501818181818182,1.7528949636363638,0.16142245580935546
13,-65,41.74581818181818,19135.06775736363,1.6308936341660816
13,-63,0.0,,0.0
13,-61,8.419,,0.9740047968974147
13,-59,,,
13,-57,13.763,,1.1691746197537431
13,-55,,,
13,-53,0.0,,0.0
13,-51,0.0008,3.2000000000000003e-06,0.00034729668536350247
13,-49,0.0,0.0,0.0
13,-47,,,
15,-77,,,
15,-75,,,
15,-73,,,
15,-71,,,
15,-69,0.0,0.0,0.0
15,-67,0.4501818181818182,1.7528949636363638,0.16142245580935546
15,-65,41.74581818181818,19135.06775736363,1.6308936341660816
15,-63,0.0,,0.0
15,-61,8.419,,0.9740047968974147
15,-59,,,
15,-57,13.763,,1.1691746197537431
15,-55,,,
15,-53,0.0,,0.0
15,-51,0.0008,3.2000000000000003e-06,0.00034729668536350247
15,-49,0.0,0.0,0.0
15,-47,,,
17,-77,,,
17,-75,,,
17,-73,,,
17,-71,,,
17,-69,7.381,,0.923295840655504
17,-67,2.601,9.972577999999999,0.5564231213712854
17,-65,2.657,27.073938,0.5631249603380444
17,-63,0.0,0.0,0.0
17,-61,0.0,0.0,0.0
17,-59,0.03,0.0026999999999999997,0.012837224705172217
17,-57,102.69233333333334,7845.026590333333,2.015746647284756
17,-55,0.05275,0.009733357142857144,0.022325250092302715
17,-53,6.444599999999999,141.01334980000001,0.871841367976761
17,-51,0.0,0.0,0.0
17,-49,0.0,0.0,0.0
17,-47,,,
19,-77,,,
19,-75,,,
19,-73,,,
19,-71,,,
19,-69,7.381,,0.923295840655504
19,-67,2.601,9.972577999999999,0.5564231213712854
19,-65,2.657,27.073938,0.5631249603380444
19,-63,0.0,0.0,0.0
19,-61,0.0,0.0,0.0
19,-59,0.03,0.0026999999999999997,0.012837224705172217
19,-57,102.69233333333334,7845.026590333333,2.015746647284756
19,-55,0.05275,0.009733357142857144,0.022325250092302715
19,-53,6.444599999999999,141.01334980000001,0.871841367976761
19,-51,0.0,0.0,0.0
19,-49,0.0,0.0,0.0
19,-47,,,
21,-77,,,
21,-75,,,
21,-73,,,
21,-71,,,
21,-69,7.381,,0.923295840655504
21,-67,2.601,9.972577999999999,0.5564231213712854
21,-65,2.657,27.073938,0.5631249603380444
21,-63,0.0,0.0,0.0
21,-61,0.0,0.0,0.0
21,-59,0.03,0.0026999999999999997,0.012837224705172217
21,-57,102.69233333333334,7845.026590333333,2.015746647284756
21,-55,0.05275,0.009733357142857144,0.022325250092302715
21,-53,6.444599999999999,141.01334980000001,0.871841367976761
21,-51,0.0,0.0,0.0
21,-49,0.0,0.0,0.0
21,-47,,,
23,-77,,,
23,-75,,,
23,-73,,,
23,-71,,,
23,-69,,,
23,-67,,,
23,-65,,,
23,-63,0.24066666666666667,0.1737613333333333,0.09365511407508574
23,-61,1.338,,0.3688445068258213
23,-59,,,
23,-57,,,
23,-55,,,
23,-53,,,
23,-51,,,
23,-49,,,
23,-47,,,
25,-77,,,
25,-75,,,
25,-73,,,
25,-71,,,
25,-69,,,
25,-67,,,
25,-65,,,
25,-63,0.24066666666666667,0.1737613333333333,0.09365511407508574
25,-61,1.338,,0.3688445068258213
25,-59,,,
25,-57,,,
25,-55,,,
25,-53,,,
25,-51,,,
25,-49,,,
25,-47,,,
27,-77,,,
27,-75,,,
27,-73,,,
27,-71,,,
27,-69,,,
27,-67,,,
27,-65,,,
27,-63,0.24066666666666667,0.1737613333333333,0.09365511407508574
27,-61,1.338,,0.3688445068258213
27,-59,,,
27,-57,,,
27,-55,,,
27,-53,,,
27,-51,,,
27,-49,,,
27,-47,,,
29,-77,,,
29,-75,,,
29,-73,,,
29,-71,,,
29,-69,0.1925,0.009940500000000001,0.0764583877121515
29,-67,49.194,8636.698485066667,1.7006518063357177
29,-65,8.688833333333333,113.85355576666666,0.9862714852654498
29,-63,0.092,,0.03822263836871846
29,-61,0.0,,0.0
29,-59,,,
29,-57,,,
29,-55,1.243,1.29605,0.3508292735829678
29,-53,0.306,0.09510066666666667,0.11594317693905513
29,-51,0.0,0.0,0.0
29,-49,,,
29,-47,,,
31,-77,,,
31,-75,,,
31,-73,,,
31,-71,,,
31,-69,0.1925,0.009940500000000001,0.0764583877121515
31,-67,49.194,8636.698485066667,1.7006518063357177
31,-65,8.688833333333333,113.85355576666666,0.9862714852654498
31,-63,0.092,,0.03822263836871846
31,-61,0.0,,0.0
31,-59,,,
31,-57,,,
31,-55,1.243,1.29605,0.3508292735829678
31,-53,0.306,0.09510066666666667,0.11594317693905513
31,-51,0.0,0.0,0.0
31,-49,,,
31,-47,,,
33,-77,,,
33,-75,,,
33,-73,,,
33,-71,,,
33,-69,0.1925,0.009940500000000001,0.0764583877121515
33,-67,49.194,8636.698485066667,1.7006518063357177
33,-65,8.688833333333333,113.85355576666666,0.9862714852654498
33,-63,0.092,,0.03822263836871846
33,-61,0.0,,0.0
33,-59,,,
33,-57,,,
33,-55,1.243,1.29605,0.3508292735829678
33,-53,0.306,0.09510066666666667,0.11594317693905513
33,-51,0.0,0.0,0.0
33,-49,,,
33,-47,,,
35,-77,,,
35,-75,,,
35,-73,,,
35,-71,,,
35,-69,,,
35,-67,14.500842105263159,1095.567891596017,1.1903552924757506
35,-65,25.154653846153845,2855.175405035384,1.4175489765637956
35,-63,96.60366666666665,27996.805240333328,1.9894661330682177
35,-61,7.134,,0.9103041680685687
35,-59,0.0665,0.008844500000000002,0.027960859785447545
35,-57,,,
35,-55,0.5303333333333333,0.32484633333333335,0.18478603804635835
35,-53,0.0,,0.0
35,-51,,,
35,-49,,,
35,-47,,,
37,-77,,,
37,-75,,,
37,-73,,,
37,-71,,,
37,-69,,,
37,-67,14.500842105263159,1095.567891596017,1.1903552924757506
37,-65,25.154653846153845,2855.175405035384,1.4175489765637956
37,-63,96.60366666666665,27996.805240333328,1.9894661330682177
37,-61,7.134,,0.9103041680685687
37,-59,0.0665,0.008844500000000002,0.027960859785447545
37,-57,,,
37,-55,0.5303333333333333,0.32484633333333335,0.18478603804635835
37,-53,0.0,,0.0
37,-51,,,
37,-49,,,
37,-47,,,
39,-77,,,
39,-75,,,
39,-73,,,
39,-71,,,
39,-69,,,
39,-67,14.500842105263159,1095.567891596017,1.1903552924757506
39,-65,25.154653846153845,2855.175405035384,1.4175489765637956
39,-63,96.60366666666665,27996.805240333328,1.9894661330682177
39,-61,7.134,,0.9103041680685687
39,-59,0.0665,0.008844500000000002,0.027960859785447545
39,-57,,,
39,-55,0.5303333333333333,0.32484633333333335,0.18478603804635835
39,-53,0.0,,0.0
39,-51,,,
39,-49,,,
39,-47,,,
41,-77,,,
41,-75,,,
41,-73,,,
41,-71,,,
41,-69,,,
41,-67,51.06328301886792,11042.47045297606,1.7165315504813086
41,-65,68.26461290322581,55860.38288484517,1.8405114114367302
41,-63,7.3434,128.5001343,0.921343065066322
41,-61,3.636,26.440992,0.6661434272915584
41,-59,,,
41,-57,1.1873333333333334,2.2695213333333335,0.3399149713303664
41,-55,0.0,,0.0
41,-53,0.0,0.0,0.0
41,-51,0.0,0.0,0.0
41,-49,,,
41,-47,,,
43,-77,,,
43,-75,,,
43,-73,,,
43,-71,,,
43,-69,,,
43,-67,51.06328301886792,11042.47045297606,1.7165315504813086
43,-65,68.26461290322581,55860.38288484517,1.8405114114367302
43,-63,7.3434,128.5001343,0.921343065066322
43,-61,3.636,26.440992,0.6661434272915584
43,-59,,,
43,-57,1.1873333333333334,2.2695213333333335,0.3399149713303664
43,-55,0.0,,0.0
43,-53,0.0,0.0,0.0
43,-51,0.0,0.0,0.0
43,-49,,,
43,-47,,,
45,-77,,,
45,-75,,,
45,-73,,,
45,-71,,,
45,-69,,,
45,-67,51.06328301886792,11042.47045297606,1.7165315504813086
45,-65,68.26461290322581,55860.38288484517,1.8405114114367302
45,-63,7.3434,128.5001343,0.921343065066322
45,-61,3.636,26.440992,0.6661434272915584
45,-59,,,
45,-57,1.1873333333333334,2.2695213333333335,0.3399149713303664
45,-55,0.0,,0.0
45,-53,0.0,0.0,0.0
45,-51,0.0,0.0,0.0
45,-49,,,
45,-47,,,
47,-77,,,
47,-75,,,
47,-73,,,
47,-71,,,
47,-69,,,
47,-67,16.768333333333334,1543.3589754666668,1.2496466929666559
47,-65,12.237309523809524,863.8303786579557,1.1217997239481292
47,-63,3.35475,44.62505691666667,0.6389632278311803
47,-61,0.4623333333333333,0.6412563333333334,0.16504637968528268
47,-59,1.368,7.485696000000001,0.37438169805088223
47,-57,0.0,0.0,0.0
47,-55,0.07316666666666667,0.032120166666666665,0.030667174708480575
47,-53,0.015833333333333335,0.0015041666666666667,0.00682245957075711
47,-51,0.0,0.0,0.0
47,-49,,,
47,-47,,,
49,-77,,,
49,-75,,,
49,-73,,,
49,-71,,,
49,-69,,,
49,-67,16.768333333333334,1543.3589754666668,1.2496466929666559
49,-65,12.237309523809524,863.8303786579557,1.1217997239481292
49,-63,3.35475,44.62505691666667,0.6389632278311803
49,-61,0.4623333333333333,0.6412563333333334,0.16504637968528268
49,-59,1.368,7.485696000000001,0.37438169805088223
49,-57,0.0,0.0,0.0
49,-55,0.07316666666666667,0.032120166666666665,0.030667174708480575
49,-53,0.015833333333333335,0.0015041666666666667,0.00682245957075711
49,-51,0.0,0.0,0.0
49,-49,,,
49,-47,,,
51,-77,,,
51,-75,,,
51,-73,,,
51,-71,,,
51,-69,,,
51,-67,16.768333333333334,1543.3589754666668,1.2496466929666559
51,-65,12.237309523809524,863.8303786579557,1.1217997239481292
51,-63,3.35475,44.62505691666667,0.6389632278311803
51,-61,0.4623333333333333,0.6412563333333334,0.16504637968528268
51,-59,1.368,7.485696000000001,0.37438169805088223
51,-57,0.0,0.0,0.0
51,-55,0.07316666666666667,0.032120166666666665,0.030667174708480575
51,-53,0.015833333333333335,0.0015041666666666667,0.00682245957075711
51,-51,0.0,0.0,0.0
51,-49,,,
51,-47,,,
53,-77,,,
53,-75,,,
53,-73,,,
53,-71,,,
53,-69,,,
53,-67,,,
53,-65,2.1838,19.20314862222222,0.5029457784046781
53,-63,16.568333333333335,2573.794679666666,1.2447305629483871
53,-61,1.5721,24.436921877777777,0.4102878494014606
53,-59,0.0,0.0,0.0
53,-57,2.785,,0.5780658838360916
53,-55,0.847,1.434818,0.2664668954402414
53,-53,,,
53,-51,,,
53,-49,,,
53,-47,,,
55,-77,,,
55,-75,,,
55,-73,,,
55,-71,,,
55,-69,,,
55,-67,,,
55,-65,2.1838,19.20314862222222,0.5029457784046781
55,-63,16.568333333333335,2573.794679666666,1.2447305629483871
55,-61,1.5721,24.436921877777777,0.4102878494014606
55,-59,0.0,0.0,0.0
55,-57,2.785,,0.5780658838360916
55,-55,0.847,1.434818,0.2664668954402414
55,-53,,,
55,-51,,,
55,-49,,,
55,-47,,,
57,-77,,,
57,-75,,,
57,-73,,,
57,-71,,,
57,-69,,,
57,-67,,,
57,-65,2.1838,19.20314862222222,0.5029457784046781
57,-63,16.568333333333335,2573.794679666666,1.2447305629483871
57,-61,1.5721,24.436921877777777,0.4102878494014606
57,-59,0.0,0.0,0.0
57,-57,2.785,,0.5780658838360916
57,-55,0.847,1.434818,0.2664668954402414
57,-53,,,
57,-51,,,
57,-49,,,
57,-47,,,
59,-77,,,
59,-75,,,
59,-73,,,
59,-71,,,
59,-69,,,
59,-67,0.41733333333333333,0.9207360606060604,0.1514720011315967
59,-65,4.665629032258065,522.5168219427198,0.7532481348653861
59,-63,3.936777777777777,177.56591758585856,0.693443578494199
59,-61,2.3026000000000004,152.59378842352942,0.5188559765638335
59,-59,0.4747619047619047,2.72246129047619,0.16872191062286748
59,-57,1.79475,2.816750916666667,0.44634296482477737
59,-55,,,
59,-53,,,
59,-51,,,
59,-49,,,
59,-47,,,
61,-77,,,
61,-75,,,
61,-73,,,
61,-71,,,
61,-69,,,
61,-67,0.41733333333333333,0.9207360606060604,0.1514720011315967
61,-65,4.665629032258065,522.5168219427198,0.7532481348653861
61,-63,3.936777777777777,177.56591758585856,0.693443578494199
61,-61,2.3026000000000004,152.59378842352942,0.5188559765638335
61,-59,0.4747619047619047,2.72246129047619,0.16872191062286748
61,-57,1.79475,2.816750916666667,0.44634296482477737
61,-55,,,
61,-53,,,
61,-51,,,
61,-49,,,
61,-47,,,
63,-77,,,
63,-75,,,
63,-73,,,
63,-71,,,
63,-69,,,
63,-67,0.41733333333333333,0.9207360606060604,0.1514720011315967
63,-65,4.665629032258065,522.5168219427198,0.7532481348653861
63,-63,3.936777777777777,177.56591758585856,0.693443578494199
63,-61,2.3026000000000004,152.59378842352942,0.5188559765638335
63,-59,0.4747619047619047,2.72246129047619,0.16872191062286748
63,-57,1.79475,2.816750916666667,0.44634296482477737
63,-55,,,
63,-53,,,
63,-51,,,
63,-49,,,
63,-47,,,
65,-77,,,
65,-75,,,
65,-73,,,
65,-71,,,
65,-69,,,
65,-67,7.8373333333333335,1202.0529170333336,0.9463212363555991
65,-65,8.056647540983606,649.8200401144155,0.9569674665630734
65,-63,0.36788571428571426,1.09435316302521,0.1360498139568736
65,-61,0.007176470588235295,0.00045552941176470597,0.0031055713362495804
65,-59,1.6082307692307691,30.73626335897435,0.4163460139654454
65,-57,0.0,,0.0
65,-55,,,
65,-53,,,
65,-51,0.0,,0.0
65,-49,0.0,0.0,0.0
65,-47,0.0,,0.0
67,-77,,,
67,-75,,,
67,-73,,,
67,-71,,,
67,-69,,,
67,-67,7.8373333333333335,1202.0529170333336,0.9463212363555991
67,-65,8.056647540983606,649.8200401144155,0.9569674665630734
67,-63,0.36788571428571426,1.09435316302521,0.1360498139568736
67,-61,0.007176470588235295,0.00045552941176470597,0.0031055713362495804
67,-59,1.6082307692307691,30.73626335897435,0.4163460139654454
67,-57,0.0,,0.0
67,-55,,,
67,-53,,,
67,-51,0.0,,0.0
67,-49,0.0,0.0,0.0
67,-47,0.0,,0.0
69,-77,,,
69,-75,,,
69,-73,,,
69,-71,,,
69,-69,,,
69,-67,7.8373333333333335,1202.0529170333336,0.9463212363555991
69,-65,8.056647540983606,649.8200401144155,0.9569674665630734
69,-63,0.36788571428571426,1.09435316302521,0.1360498139568736
69,-61,0.007176470588235295,0.00045552941176470597,0.0031055713362495804
69,-59,1.6082307692307691,30.73626335897435,0.4163460139654454
69,-57,0.0,,0.0
69,-55,,,
69,-53,,,
69,-51,0.0,,0.0
69,-49,0.0,0.0,0.0
69,-47,0.0,,0.0
71,-77,,,
71,-75,,,
71,-73,,,
71,-71,,,
71,-69,0.0,0.0,0.0
71,-67,1.2925714285714287,14.0043587744361,0.3603228756620861
71,-65,15.582758333333334,2912.363685294047,1.2196567716491271
71,-63,9.358485294117646,4472.233426671425,1.0152962538164823
71,-61,50.722153846153844,98845.0309682915,1.7136766017463085
71,-59,95.84025,183695.36810588164,1.9860559019332673
71,-57,0.016833333333333336,0.0017001666666666669,0.007249774608743844
71,-55,,,
71,-53,,,
71,-51,0.0,0.0,0.0
71,-49,0.0,0.0,0.0
71,-47,0.0,0.0,0.0
73,-77,,,
73,-75,,,
73,-73,,,
73,-71,,,
73,-69,0.0,0.0,0.0
73,-67,1.2925714285714287,14.0043587744361,0.3603228756620861
73,-65,15.582758333333334,2912.363685294047,1.2196567716491271
73,-63,9.358485294117646,4472.233426671425,1.0152962538164823
73,-61,50.722153846153844,98845.0309682915,1.7136766017463085
73,-59,95.84025,183695.36810588164,1.9860559019332673
73,-57,0.016833333333333336,0.0017001666666666669,0.007249774608743844
73,-55,,,
73,-53,,,
73,-51,0.0,0.0,0.0
73,-49,0.0,0.0,0.0
73,-47,0.0,0.0,0.0
75,-77,,,
75,-75,,,
75,-73,,,
75,-71,,,
75,-69,0.0,0.0,0.0
75,-67,1.2925714285714287,14.0043587744361,0.3603228756620861
75,-65,15.582758333333334,2912.363685294047,1.2196567716491271
75,-63,9.358485294117646,4472.233426671425,1.0152962538164823
75,-61,50.722153846153844,98845.0309682915,1.7136766017463085
75,-59,95.84025,183695.36810588164,1.9860559019332673
75,-57,0.016833333333333336,0.0017001666666666669,0.007249774608743844
75,-55,,,
75,-53,,,
75,-51,0.0,0.0,0.0
75,-49,0.0,0.0,0.0
75,-47,0.0,0.0,0.0
77,-77,,,
77,-75,,,
77,-73,,,
77,-71,,,
77,-69,,,
77,-67,4.573628571428571,201.15410918151267,0.7461380238043163
77,-65,18.377418604651165,2786.9075960815326,1.2872959212995787
77,-63,2.2568823529411763,23.43530028877006,0.5128020710023117
77,-61,1.5403333333333333,16.367926352941176,0.4048907069069962
77,-59,0.0,0.0,0.0
77,-57,8.311,197.284323,0.9689963266483123
77,-55,0.1785,0.19117349999999997,0.0713295868603426
77,-53,0.0,0.0,0.0
77,-51,0.0,0.0,0.0
77,-49,,,
77,-47,,,
79,-77,,,
79,-75,,,
79,-73,,,
79,-71,,,
79,-69,,,
79,-67,4.573628571428571,201.15410918151267,0.7461380238043163
79,-65,18.377418604651165,2786.9075960815326,1.2872959212995787
79,-63,2.2568823529411763,23.43530028877006,0.5128020710023117
79,-61,1.5403333333333333,16.367926352941176,0.4048907069069962
79,-59,0.0,0.0,0.0
79,-57,8.311,197.284323,0.9689963266483123
79,-55,0.1785,0.19117349999999997,0.0713295868603426
79,-53,0.0,0.0,0.0
79,-51,0.0,0.0,0.0
79,-49,,,
79,-47,,,
81,-77,,,
81,-75,,,
81,-73,,,
81,-71,,,
81,-69,,,
81,-67,4.573628571428571,201.15410918151267,0.7461380238043163
81,-65,18.377418604651165,2786.9075960815326,1.2872959212995787
81,-63,2.2568823529411763,23.43530028877006,0.5128020710023117
81,-61,1.5403333333333333,16.367926352941176,0.4048907069069962
81,-59,0.0,0.0,0.0
81,-57,8.311,197.284323,0.9689963266483123
81,-55,0.1785,0.19117349999999997,0.0713295868603426
81,-53,0.0,0.0,0.0
81,-51,0.0,0.0,0.0
81,-49,,,
81,-47,,,
83,-77,,,
83,-75,,,
83,-73,,,
83,-71,,,
83,-69,,,
83,-67,,,
83,-65,27.92925,5222.387422749999,1.4613371745714672
83,-63,6.4079411764705885,228.13318230882354,0.8696975251269479
83,-61,0.09559999999999999,0.022860799999999997,0.03965202358192373
83,-59,2.19725,19.311630249999997,0.5047765960388322
83,-57,0.0695,0.009660500000000002,0.02918078890754685
83,-55,0.0,0.0,0.0
83,-53,0.0,,0.0
83,-51,0.0,,0.0
83,-49,,,
83,-47,,,
85,-77,,,
85,-75,,,
85,-73,,,
85,-71,,,
85,-69,,,
85,-67,,,
85,-65,27.92925,5222.387422749999,1.4613371745714672
85,-63,6.4079411764705885,228.13318230882354,0.8696975251269479
85,-61,0.09559999999999999,0.022860799999999997,0.03965202358192373
85,-59,2.19725,19.311630249999997,0.5047765960388322
85,-57,0.0695,0.009660500000000002,0.02918078890754685
85,-55,0.0,0.0,0.0
85,-53,0.0,,0.0
85,-51,0.0,,0.0
85,-49,,,
85,-47,,,
87,-77,,,
87,-75,,,
87,-73,,,
87,-71,,,
87,-69,,,
87,-67,,,
87,-65,27.92925,5222.387422749999,1.4613371745714672
87,-63,6.4079411764705885,228.13318230882354,0.8696975251269479
87,-61,0.09559999999999999,0.022860799999999997,0.03965202358192373
87,-59,2.19725,19.311630249999997,0.5047765960388322
87,-57,0.0695,0.009660500000000002,0.02918078890754685
87,-55,0.0,0.0,0.0
87,-53,0.0,,0.0
87,-51,0.0,,0.0
87,-49,,,
87,-47,,,
89,-77,,,
89,-75,,,
89,-73,,,
89,-71,,,
89,-69,,,
89,-67,,,
89,-65,1.6442,8.0468832,0.42229430089356257
89,-63,58.07808333333333,37789.394406446976,1.7714263970789852
89,-61,2.27625,24.864137071428566,0.5153770339546568
89,-59,0.9673999999999999,2.1623943,0.29389266705300887
89,-57,0.16225,0.05929358333333334,0.06529955485512469
89,-55,0.0,,0.0
89,-53,,,
89,-51,,,
89,-49,,,
89,-47,,,
91,-77,,,
91,-75,,,
91,-73,,,
91,-71,,,
91,-69,,,
91,-67,,,
91,-65,1.6442,8.0468832,0.42229430089356257
91,-63,58.07808333333333,37789.394406446976,1.7714263970789852
91,-61,2.27625,24.864137071428566,0.5153770339546568
91,-59,0.9673999999999999,2.1623943,0.29389266705300887
91,-57,0.16225,0.05929358333333334,0.06529955485512469
91,-55,0.0,,0.0
91,-53,,,
91,-51,,,
91,-49,,,
91,-47,,,
93,-77,,,
93,-75,,,
93,-73,,,
93,-71,,,
93,-69,,,
93,-67,,,
93,-65,1.6442,8.0468832,0.42229430089356257
93,-63,58.07808333333333,37789.394406446976,1.7714263970789852
93,-61,2.27625,24.864137071428566,0.5153770339546568
93,-59,0.9673999999999999,2.1623943,0.29389266705300887
93,-57,0.16225,0.05929358333333334,0.06529955485512469
93,-55,0.0,,0.0
93,-53,,,
93,-51,,,
93,-49,,,
93,-47,,,
95,-77,,,
95,-75,,,
95,-73,,,
95,-71,,,
95,-69,,,
95,-67,,,
95,-65,0.0,,0.0
95,-63,8.6005,374.75374314285716,0.9822938519548051
95,-61,25.266,2462.907356666667,1.419393939927422
95,-59,0.138,,0.05614226205905233
95,-57,0.091,0.016562,0.037824750588341866
95,-55,0.058,0.0067280000000000005,0.024485667699166973
95,-53,0.0,,0.0
95,-51,,,
95,-49,,,
95,-47,,,
97,-77,,,
97,-75,,,
97,-73,,,
97,-71,,,
97,-69,,,
97,-67,,,
97,-65,0.0,,0.0
97,-63,8.6005,374.75374314285716,0.9822938519548051
97,-61,25.266,2462.907356666667,1.419393939927422
97,-59,0.138,,0.05614226205905233
97,-57,0.091,0.016562,0.037824750588341866
97,-55,0.058,0.0067280000000000005,0.024485667699166973
97,-53,0.0,,0.0
97,-51,,,
97,-49,,,
97,-47,,,
99,-77,,,
99,-75,,,
99,-73,,,
99,-71,,,
99,-69,,,
99,-67,,,
99,-65,0.0,,0.0
99,-63,8.6005,374.75374314285716,0.9822938519548051
99,-61,25.266,2462.907356666667,1.419393939927422
99,-59,0.138,,0.05614226205905233
99,-57,0.091,0.016562,0.037824750588341866
99,-55,0.058,0.0067280000000000005,0.024485667699166973
99,-53,0.0,,0.0
99,-51,,,
99,-49,,,
99,-47,,,
101,-77,,,
101,-75,,,
101,-73,,,
101,-71,,,
101,-69,,,
101,-67,,,
101,-65,0.0,,0.0
101,-63,13.343714285714286,1559.0761876043957,1.1566616258727613
101,-61,553.6773333333333,915016.1645213333,2.7440404189716974
101,-59,0.0,,0.0
101,-57,,,
101,-55,,,
101,-53,,,
101,-51,,,
101,-49,,,
101,-47,,,
103,-77,,,
103,-75,,,
103,-73,,,
103,-71,,,
103,-69,,,
103,-67,,,
103,-65,0.0,,0.0
103,-63,13.343714285714286,1559.0761876043957,1.1566616258727613
103,-61,553.6773333333333,915016.1645213333,2.7440404189716974
103,-59,0.0,,0.0
103,-57,,,
103,-55,,,
103,-53,,,
103,-51,,,
103,-49,,,
103,-47,,,
105,-77,,,
105,-75,,,
105,-73,,,
105,-71,,,
105,-69,,,
105,-67,,,
105,-65,0.0,,0.0
105,-63,13.343714285714286,1559.0761876043957,1.1566616258727613
105,-61,553.6773333333333,915016.1645213333,2.7440404189716974
105,-59,0.0,,0.0
105,-57,,,
105,-55,,,
105,-53,,,
105,-51,,,
105,-49,,,
105,-47,,,
107,-77,,,
107,-75,,,
107,-73,,,
107,-71,,,
107,-69,,,
107,-67,,,
107,-65,,,
107,-63,0.0,0.0,0.0
107,-61,28.726000000000003,2429.0494230000004,1.4731364734564774
107,-59,,,
107,-57,,,
107,-55,,,
107,-53,,,
107,-51,,,
107,-49,,,
107,-47,,,
109,-77,,,
109,-75,,,
109,-73,,,
109,-71,,,
109,-69,,,
109,-67,,,
109,-65,,,
109,-63,0.0,0.0,0.0
109,-61,28.726000000000003,2429.0494230000004,1.4731364734564774
109,-59,,,
109,-57,,,
109,-55,,,
109,-53,,,
109,-51,,,
109,-49,,,
109,-47,,,
111,-77,,,
111,-75,,,
111,-73,,,
111,-71,,,
111,-69,,,
111,-67,,,
111,-65,,,
111,-63,0.0,0.0,0.0
111,-61,28.726000000000003,2429.0494230000004,1.4731364734564774
111,-59,,,
111,-57,,,
111,-55,,,
111,-53,,,
111,-51,,,
111,-49,,,
111,-47,,,
113,-77,,,
113,-75,,,
113,-73,,,
113,-71,,,
113,-69,,,
113,-67,,,
113,-65,4.9825,97.78041233333335,0.7768827072854749
113,-63,5.1996153846153845,310.4536347564102,0.7923647473175385
113,-61,0.0,,0.0
113,-59,0.0,0.0,0.0
113,-57,0.0,0.0,0.0
113,-55,0.0,,0.0
113,-53,0.0,0.0,0.0
113,-51,,,
113,-49,,,
113,-47,,,
115,-77,,,
115,-75,,,
115,-73,,,
115,-71,,,
115,-69,,,
115,-67,,,
115,-65,4.9825,97.78041233333335,0.7768827072854749
115,-63,5.1996153846153845,310.4536347564102,0.7923647473175385
115,-61,0.0,,0.0
115,-59,0.0,0.0,0.0
115,-57,0.0,0.0,0.0
115,-55,0.0,,0.0
115,-53,0.0,0.0,0.0
115,-51,,,
115,-49,,,
115,-47,,,
117,-77,,,
117,-75,,,
117,-73,,,
117,-71,,,
117,-69,,,
117,-67,,,
117,-65,4.9825,97.78041233333335,0.7768827072854749
117,-63,5.1996153846153845,310.4536347564102,0.7923647473175385
117,-61,0.0,,0.0
117,-59,0.0,0.0,0.0
117,-57,0.0,0.0,0.0
117,-55,0.0,,0.0
117,-53,0.0,0.0,0.0
117,-51,,,
117,-49,,,
117,-47,,,
119,-77,,,
119,-75,,,
119,-73,,,
119,-71,,,
119,-69,,,
119,-67,,,
119,-65,3.4118000000000004,28.366589700000002,0.644615816355384
119,-63,1.0869230769230769,2.7329567435897437,0.3195064414547593
119,-61,0.0,,0.0
119,-59,,,
119,-57,,,
119,-55,,,
119,-53,,,
119,-51,,,
119,-49,,,
119,-47,,,
121,-77,,,
121,-75,,,
121,-73,,,
121,-71,,,
121,-69,,,
121,-67,,,
121,-65,3.4118000000000004,28.366589700000002,0.644615816355384
121,-63,1.0869230769230769,2.7329567435897437,0.3195064414547593
121,-61,0.0,,0.0
121,-59,,,
121,-57,,,
121,-55,,,
121,-53,,,
121,-51,,,
121,-49,,,
121,-47,,,
123,-77,,,
123,-75,,,
123,-73,,,
123,-71,,,
123,-69,,,
123,-67,,,
123,-65,3.4118000000000004,28.366589700000002,0.644615816355384
123,-63,1.0869230769230769,2.7329567435897437,0.3195064414547593
123,-61,0.0,,0.0
123,-59,,,
123,-57,,,
123,-55,,,
123,-53,,,
123,-51,,,
123,-49,,,
123,-47,,,
125,-77,,,
125,-75,,,
125,-73,,,
125,-71,,,
125,-69,,,
125,-67,,,
125,-65,1.1016,2.0699593,0.3225500597780139
125,-63,0.01925,0.0014767500000000004,0.008280720124194355
125,-61,0.23783333333333334,0.3393881666666667,0.09266217353195387
125,-59,0.0,,0.0
125,-57,,,
125,-55,,,
125,-53,,,
125,-51,,,
125,-49,,,
125,-47,,,
127,-77,,,
127,-75,,,
127,-73,,,
127,-71,,,
127,-69,,,
127,-67,,,
127,-65,1.1016,2.0699593,0.3225500597780139
127,-63,0.01925,0.0014767500000000004,0.008280720124194355
127,-61,0.23783333333333334,0.3393881666666667,0.09266217353195387
127,-59,0.0,,0.0
127,-57,,,
127,-55,,,
127,-53,,,
127,-51,,,
127,-49,,,
127,-47,,,
129,-77,,,
129,-75,,,
129,-73,,,
129,-71,,,
129,-69,,,
129,-67,,,
129,-65,1.1016,2.0699593,0.3225500597780139
129,-63,0.01925,0.0014767500000000004,0.008280720124194355
129,-61,0.23783333333333334,0.3393881666666667,0.09266217353195387
129,-59,0.0,,0.0
129,-57,,,
129,-55,,,
129,-53,,,
129,-51,,,
129,-49,,,
129,-47,,,
131,-77,,,
131,-75,,,
131,-73,,,
131,-71,,,
131,-69,,,
131,-67,,,
131,-65,,,
131,-63,67.86555555555555,34752.60645252777,1.8380020553973784
131,-61,0.0,0.0,0.0
131,-59,,,
131,-57,,,
131,-55,,,
131,-53,,,
131,-51,,,
131,-49,,,
131,-47,,,
133,-77,,,
133,-75,,,
133,-73,,,
133,-71,,,
133,-69,,,
133,-67,,,
133,-65,,,
133,-63,67.86555555555555,34752.60645252777,1.8380020553973784
133,-61,0.0,0.0,0.0
133,-59,,,
133,-57,,,
133,-55,,,
133,-53,,,
133,-51,,,
133,-49,,,
133,-47,,,
135,-77,,,
135,-75,,,
135,-73,,,
135,-71,,,
135,-69,,,
135,-67,,,
135,-65,,,
135,-63,67.86555555555555,34752.60645252777,1.8380020553973784
135,-61,0.0,0.0,0.0
135,-59,,,
135,-57,,,
135,-55,,,
135,-53,,,
135,-51,,,
135,-49,,,
135,-47,,,
137,-77,,,
137,-75,,,
137,-73,,,
137,-71,,,
137,-69,,,
137,-67,,,
137,-65,1.7967272727272727,8.112205218181819,0.4466501175247104
137,-63,0.5686249999999999,2.1987059833333333,0.19551913230834908
137,-61,0.0,,0.0
137,-59,,,
137,-57,,,
137,-55,,,
137,-53,,,
137,-51,,,
137,-49,,,
137,-47,,,
139,-77,,,
139,-75,,,
139,-73,,,
139,-71,,,
139,-69,,,
139,-67,,,
139,-65,1.7967272727272727,8.112205218181819,0.4466501175247104
139,-63,0.5686249999999999,2.1987059833333333,0.19551913230834908
139,-61,0.0,,0.0
139,-59,,,
139,-57,,,
139,-55,,,
139,-53,,,
139,-51,,,
139,-49,,,
139,-47,,,
141,-77,,,
141,-75,,,
141,-73,,,
141,-71,,,
141,-69,,,
141,-67,,,
141,-65,1.7967272727272727,8.112205218181819,0.4466501175247104
141,-63,0.5686249999999999,2.1987059833333333,0.19551913230834908
141,-61,0.0,,0.0
141,-59,,,
141,-57,,,
141,-55,,,
141,-53,,,
141,-51,,,
141,-49,,,
141,-47,,,
143,-77,,,
143,-75,,,
143,-73,,,
143,-71,,,
143,-69,,,
143,-67,,,
143,-65,6.235666666666667,4.691094333333335,0.8594785515319208
143,-63,2.4441875,39.58509296249999,0.5370867862191331
143,-61,1.2543333333333333,9.440112666666666,0.3530181327056803
143,-59,,,
143,-57,0.0,,0.0
143,-55,,,
143,-53,,,
143,-51,,,
143,-49,,,
143,-47,,,
145,-77,,,
145,-75,,,
145,-73,,,
145,-71,,,
145,-69,,,
145,-67,,,
145,-65,6.235666666666667,4.691094333333335,0.8594785515319208
145,-63,2.4441875,39.58509296249999,0.5370867862191331
145,-61,1.2543333333333333,9.440112666666666,0.3530181327056803
145,-59,,,
145,-57,0.0,,0.0
145,-55,,,
145,-53,,,
145,-51,,,
145,-49,,,
145,-47,,,
147,-77,,,
147,-75,,,
147,-73,,,
147,-71,,,
147,-69,,,
147,-67,,,
147,-65,6.235666666666667,4.691094333333335,0.8594785515319208
147,-63,2.4441875,39.58509296249999,0.5370867862191331
147,-61,1.2543333333333333,9.440112666666666,0.3530181327056803
147,-59,,,
147,-57,0.0,,0.0
147,-55,,,
147,-53,,,
147,-51,,,
147,-49,,,
147,-47,,,
149,-77,,,
149,-75,,,
149,-73,,,
149,-71,,,
149,-69,,,
149,-67,,,
149,-65,20.0954,2019.1255058000002,1.3241877646619993
149,-63,0.0,0.0,0.0
149,-61,3.0745,29.198149666666666,0.6100743221400549
149,-59,191.492,73338.37212799999,2.284412684867628
149,-57,0.0,,0.0
149,-55,0.0,0.0,0.0
149,-53,,,
149,-51,,,
149,-49,,,
149,-47,,,
151,-77,,,
151,-75,,,
151,-73,,,
151,-71,,,
151,-69,,,
151,-67,,,
151,-65,20.0954,2019.1255058000002,1.3241877646619993
151,-63,0.0,0.0,0.0
151,-61,3.0745,29.198149666666666,0.6100743221400549
151,-59,191.492,73338.37212799999,2.284412684867628
151,-57,0.0,,0.0
151,-55,0.0,0.0,0.0
151,-53,,,
151,-51,,,
151,-49,,,
151,-47,,,
153,-77,,,
153,-75,,,
153,-73,,,
153,-71,,,
153,-69,,,
153,-67,,,
153,-65,20.0954,2019.1255058000002,1.3241877646619993
153,-63,0.0,0.0,0.0
153,-61,3.0745,29.198149666666666,0.6100743221400549
153,-59,191.492,73338.37212799999,2.284412684867628
153,-57,0.0,,0.0
153,-55,0.0,0.0,0.0
153,-53,,,
153,-51,,,
153,-49,,,
153,-47,,,
155,-77,,,
155,-75,,,
155,-73,,,
155,-71,,,
155,-69,,,
155,-67,,,
155,-65,2.914,9.296672000000001,0.5926208213219823
155,-63,0.47833333333333333,0.6864083333333334,0.16977236944808274
155,-61,,,
155,-59,0.0,,0.0
155,-57,,,
155,-55,,,
155,-53,,,
155,-51,,,
155,-49,,,
155,-47,,,
157,-77,,,
157,-75,,,
157,-73,,,
157,-71,,,
157,-69,,,
157,-67,,,
157,-65,2.914,9.296672000000001,0.5926208213219823
157,-63,0.47833333333333333,0.6864083333333334,0.16977236944808274
157,-61,,,
157,-59,0.0,,0.0
157,-57,,,
157,-55,,,
157,-53,,,
157,-51,,,
157,-49,,,
157,-47,,,
159,-77,,,
159,-75,,,
159,-73,,,
159,-71,,,
159,-69,,,
159,-67,,,
159,-65,2.914,9.296672000000001,0.5926208213219823
159,-63,0.47833333333333333,0.6864083333333334,0.16977236944808274
159,-61,,,
159,-59,0.0,,0.0
159,-57,,,
159,-55,,,
159,-53,,,
159,-51,,,
159,-49,,,
159,-47,,,
161,-77,,,
161,-75,,,
161,-73,,,
161,-71,,,
161,-69,,,
161,-67,0.568,0.6452479999999999,0.19534605834841964
161,-65,47.31733333333333,12290.040343999997,1.6841029572650519
161,-63,3.52,49.5616,0.6551384348113821
161,-61,0.0,,0.0
161,-59,0.0,,0.0
161,-57,,,
161,-55,,,
161,-53,,,
161,-51,,,
161,-49,,,
161,-47,,,
163,-77,,,
163,-75,,,
163,-73,,,
163,-71,,,
163,-69,,,
163,-67,0.568,0.6452479999999999,0.19534605834841964
163,-65,47.31733333333333,12290.040343999997,1.6841029572650519
163,-63,3.52,49.5616,0.6551384348113821
163,-61,0.0,,0.0
163,-59,0.0,,0.0
163,-57,,,
163,-55,,,
163,-53,,,
163,-51,,,
163,-49,,,
163,-47,,,
165,-77,,,
165,-75,,,
165,-73,,,
165,-71,,,
165,-69,,,
165,-67,0.568,0.6452479999999999,0.19534605834841964
165,-65,47.31733333333333,12290.040343999997,1.6841029572650519
165,-63,3.52,49.5616,0.6551384348113821
165,-61,0.0,,0.0
165,-59,0.0,,0.0
165,-57,,,
165,-55,,,
165,-53,,,
165,-51,,,
165,-49,,,
165,-47,,,
167,-77,,,
167,-75,,,
167,-73,,,
167,-71,,,
167,-69,,,
167,-67,276.159,,2.442728985713524
167,-65,0.0,,0.0
167,-63,0.0,0.0,0.0
167,-61,,,
167,-59,,,
167,-57,,,
167,-55,,,
167,-53,,,
167,-51,,,
167,-49,,,
167,-47,,,
169,-77,,,
169,-75,,,
169,-73,,,
169,-71,,,
169,-69,,,
169,-67,276.159,,2.442728985713524
169,-65,0.0,,0.0
169,-63,0.0,0.0,0.0
169,-61,,,
169,-59,,,
169,-57,,,
169,-55,,,
169,-53,,,
169,-51,,,
169,-49,,,
169,-47,,,
171,-77,,,
171,-75,,,
171,-73,,,
171,-71,,,
171,-69,,,
171,-67,276.159,,2.442728985713524
171,-65,0.0,,0.0
171,-63,0.0,0.0,0.0
171,-61,,,
171,-59,,,
171,-57,,,
171,-55,,,
171,-53,,,
171,-51,,,
171,-49,,,
171,-47,,,
173,-77,,,
173,-75,,,
173,-73,0.0,,0.0
173,-71,0.0,,0.0
173,-69,,,
173,-67,43.235,3738.5304499999997,1.6457660316074794
173,-65,0.263,0.13833800000000002,0.10140335055533072
173,-63,0.0,,0.0
173,-61,0.0,,0.0
173,-59,,,
173,-57,,,
173,-55,,,
173,-53,,,
173,-51,,,
173,-49,,,
173,-47,,,
175,-77,,,
175,-75,,,
175,-73,0.0,,0.0
175,-71,0.0,,0.0
175,-69,,,
175,-67,43.235,3738.5304499999997,1.6457660316074794
175,-65,0.263,0.13833800000000002,0.10140335055533072
175,-63,0.0,,0.0
175,-61,0.0,,0.0
175,-59,,,
175,-57,,,
175,-55,,,
175,-53,,,
175,-51,,,
175,-49,,,
175,-47,,,
177,-77,,,
177,-75,,,
177,-73,0.0,,0.0
177,-71,0.0,,0.0
177,-69,,,
177,-67,43.235,3738.5304499999997,1.6457660316074794
177,-65,0.263,0.13833800000000002,0.10140335055533072
177,-63,0.0,,0.0
177,-61,0.0,,0.0
177,-59,,,
177,-57,,,
177,-55,,,
177,-53,,,
177,-51,,,
177,-49,,,
177,-47,,,
179,-77,,,
179,-75,,,
179,-73,0.0,0.0,0.0
179,-71,0.0,,0.0
179,-69,,,
179,-67,0.0,,0.0
179,-65,,,
179,-63,,,
179,-61,0.0,0.0,0.0
179,-59,,,
179,-57,,,
179,-55,,,
179,-53,,,
179,-51,,,
179,-49,,,
179,-47,,,
