latitude,longitude,krill_adult_log,UpTiertile_P,nb_krill_m2_log,UpTiertile_B,label,Upper_tiertile
-77,-179,0.57452,0.0,,,1.0,0
-77,-177,0.81818,0.0,,,1.0,0
-77,-175,1.00264,0.0,,,1.0,0
-77,-173,0.99747,0.0,,,1.0,0
-77,-171,1.14972,0.0,,,1.0,0
-77,-169,1.29619,0.0,,,1.0,0
-77,-167,1.50482,0.0,,,1.0,0
-77,-165,1.56044,0.0,,,1.0,0
-77,-163,2.06832,1.0,,,3.0,1
-77,-161,1.9584,1.0,,,3.0,1
-77,-159,1.85831,1.0,,,3.0,1
-77,-157,1.69158,1.0,,,3.0,1
-77,-155,1.92561,1.0,,,3.0,1
-77,-153,2.10277,1.0,,,3.0,1
-77,-151,2.5344,1.0,,,3.0,1
-77,-53,2.90302,1.0,,,3.0,1
-77,-51,2.59145,1.0,,,3.0,1
-77,-49,2.39679,1.0,0.0,0.0,2.0,0
-77,-47,2.36873,1.0,0.0,0.0,2.0,0
-77,-45,2.37169,1.0,0.0,0.0,2.0,0
-77,-43,2.31412,1.0,0.1543022196846644,0.0,2.0,0
-77,-41,2.24043,1.0,0.1543022196846644,0.0,2.0,0
-77,-39,2.34653,1.0,0.1543022196846644,0.0,2.0,0
-77,-37,2.12491,1.0,0.0,0.0,2.0,0
-77,-35,2.31856,1.0,0.0,0.0,2.0,0
-77,-33,2.22547,1.0,0.0,0.0,2.0,0
-77,-31,2.4055,1.0,,,3.0,1
-77,-29,2.22796,1.0,,,3.0,1
-77,163,1.68109,1.0,,,3.0,1
-77,165,1.56044,0.0,,,1.0,0
-77,167,1.71017,1.0,,,3.0,1
-77,169,1.87734,1.0,,,3.0,1
-77,171,1.8323,1.0,,,3.0,1
-77,173,1.40877,0.0,,,1.0,0
-77,175,1.25585,0.0,,,1.0,0
-77,177,0.96193,0.0,,,1.0,0
-75,-179,1.08086,0.0,,,1.0,0
-75,-177,1.38079,0.0,,,1.0,0
-75,-175,1.51197,0.0,,,1.0,0
-75,-173,1.53273,0.0,,,1.0,0
-75,-171,1.70495,1.0,,,3.0,1
-75,-169,1.77526,1.0,,,3.0,1
-75,-167,1.72622,1.0,,,3.0,1
-75,-165,1.71033,1.0,,,3.0,1
-75,-163,1.70886,1.0,,,3.0,1
-75,-161,1.60376,1.0,,,3.0,1
-75,-159,1.61087,1.0,,,3.0,1
-75,-157,1.55533,0.0,,,1.0,0
-75,-155,1.57465,0.0,,,1.0,0
-75,-153,1.80131,1.0,,,3.0,1
-75,-151,1.90386,1.0,,,3.0,1
-75,-149,2.15718,1.0,,,3.0,1
-75,-147,2.15136,1.0,,,3.0,1
-75,-145,2.18672,1.0,,,3.0,1
-75,-143,2.21065,1.0,,,3.0,1
-75,-141,2.46474,1.0,,,3.0,1
-75,-139,2.44452,1.0,,,3.0,1
-75,-137,2.75732,1.0,,,3.0,1
-75,-135,2.54839,1.0,,,3.0,1
-75,-133,2.51845,1.0,,,3.0,1
-75,-109,2.41057,1.0,,,3.0,1
-75,-107,3.22576,1.0,,,3.0,1
-75,-105,3.14434,1.0,,,3.0,1
-75,-61,2.68815,1.0,0.0,0.0,2.0,0
-75,-59,2.19417,1.0,0.0,0.0,2.0,0
-75,-57,2.2505,1.0,0.0,0.0,2.0,0
-75,-55,2.24452,1.0,0.0,0.0,2.0,0
-75,-53,2.45569,1.0,0.0,0.0,2.0,0
-75,-51,2.42056,1.0,0.0,0.0,2.0,0
-75,-49,2.42195,1.0,0.0174128015176818,0.0,2.0,0
-75,-47,2.43358,1.0,0.0174128015176818,0.0,2.0,0
-75,-45,2.41282,1.0,0.0174128015176818,0.0,2.0,0
-75,-43,2.40791,1.0,,,3.0,1
-75,-41,2.32823,1.0,,,3.0,1
-75,-39,2.33058,1.0,,,3.0,1
-75,-37,2.33947,1.0,0.0,0.0,2.0,0
-75,-35,2.3337,1.0,0.0,0.0,2.0,0
-75,-33,2.2559,1.0,0.0,0.0,2.0,0
-75,-31,2.25677,1.0,0.1752218003430523,0.0,2.0,0
-75,-29,2.21131,1.0,0.1752218003430523,0.0,2.0,0
-75,-27,2.03356,1.0,0.1752218003430523,0.0,2.0,0
-75,-25,1.81575,1.0,,,3.0,1
-75,167,1.79667,1.0,,,3.0,1
-75,169,1.95216,1.0,,,3.0,1
-75,171,1.92719,1.0,,,3.0,1
-75,173,1.88611,1.0,,,3.0,1
-75,175,1.77518,1.0,,,3.0,1
-75,177,1.59945,1.0,,,3.0,1
-73,-179,1.42879,0.0,,,1.0,0
-73,-177,1.55057,0.0,,,1.0,0
-73,-175,1.65792,1.0,,,3.0,1
-73,-173,1.62782,1.0,,,3.0,1
-73,-171,1.70983,1.0,,,3.0,1
-73,-169,1.64788,1.0,,,3.0,1
-73,-167,1.56159,0.0,,,1.0,0
-73,-165,1.37659,0.0,,,1.0,0
-73,-163,1.30124,0.0,,,1.0,0
-73,-161,1.35341,0.0,,,1.0,0
-73,-159,1.29869,0.0,,,1.0,0
-73,-157,1.14016,0.0,,,1.0,0
-73,-155,1.3081,0.0,,,1.0,0
-73,-153,1.2904,0.0,,,1.0,0
-73,-151,1.50624,0.0,,,1.0,0
-73,-149,1.64302,1.0,,,3.0,1
-73,-147,1.68396,1.0,,,3.0,1
-73,-145,1.70328,1.0,,,3.0,1
-73,-143,1.79433,1.0,,,3.0,1
-73,-141,1.81689,1.0,,,3.0,1
-73,-139,1.88396,1.0,,,3.0,1
-73,-137,2.15961,1.0,,,3.0,1
-73,-135,2.01021,1.0,,,3.0,1
-73,-133,2.24575,1.0,,,3.0,1
-73,-131,2.39252,1.0,,,3.0,1
-73,-129,2.49333,1.0,,,3.0,1
-73,-127,2.63915,1.0,,,3.0,1
-73,-125,2.94655,1.0,,,3.0,1
-73,-123,2.83318,1.0,,,3.0,1
-73,-121,2.61659,1.0,0.0,0.0,2.0,0
-73,-119,2.56595,1.0,0.0,0.0,2.0,0
-73,-117,2.40678,1.0,0.0,0.0,2.0,0
-73,-115,2.56423,1.0,,,3.0,1
-73,-113,2.42594,1.0,,,3.0,1
-73,-111,2.31853,1.0,,,3.0,1
-73,-109,2.47806,1.0,,,3.0,1
-73,-107,2.52238,1.0,,,3.0,1
-73,-105,2.37749,1.0,,,3.0,1
-73,-95,4.01051,1.0,,,3.0,1
-73,-93,2.25399,1.0,,,3.0,1
-73,-91,3.2044,1.0,,,3.0,1
-73,-89,3.59782,1.0,,,3.0,1
-73,-87,3.29233,1.0,,,3.0,1
-73,-85,3.44251,1.0,,,3.0,1
-73,-83,3.23424,1.0,,,3.0,1
-73,-81,3.54706,1.0,,,3.0,1
-73,-79,3.1391,1.0,,,3.0,1
-73,-77,3.21158,1.0,,,3.0,1
-73,-75,3.5369,1.0,,,3.0,1
-73,-61,2.33806,1.0,0.0,0.0,2.0,0
-73,-59,1.49179,0.0,0.0,0.0,1.0,0
-73,-57,2.05378,1.0,0.0,0.0,2.0,0
-73,-55,2.30179,1.0,,,3.0,1
-73,-53,2.33621,1.0,,,3.0,1
-73,-51,2.32882,1.0,,,3.0,1
-73,-49,2.2895,1.0,,,3.0,1
-73,-47,2.33445,1.0,,,3.0,1
-73,-45,2.32009,1.0,,,3.0,1
-73,-43,2.41103,1.0,,,3.0,1
-73,-41,2.32007,1.0,,,3.0,1
-73,-39,2.27741,1.0,,,3.0,1
-73,-37,2.32823,1.0,,,3.0,1
-73,-35,2.3482,1.0,,,3.0,1
-73,-33,2.31183,1.0,,,3.0,1
-73,-31,2.31198,1.0,,,3.0,1
-73,-29,2.29718,1.0,,,3.0,1
-73,-27,2.23403,1.0,,,3.0,1
-73,-25,2.08077,1.0,1.4082272416543176,1.0,3.0,1
-73,-23,1.98914,1.0,1.4082272416543176,1.0,3.0,1
-73,-21,1.96531,1.0,1.4082272416543176,1.0,3.0,1
-73,-19,2.13489,1.0,,,3.0,1
-73,167,1.28112,0.0,,,1.0,0
-73,169,1.88753,1.0,,,3.0,1
-73,171,2.05204,1.0,,,3.0,1
-73,173,1.97303,1.0,0.0,0.0,2.0,0
-73,175,1.80776,1.0,0.0,0.0,2.0,0
-73,177,1.56641,0.0,0.0,0.0,1.0,0
-73,179,,,0.0,0.0,1.0,0
-71,-179,1.61169,1.0,,,3.0,1
-71,-177,1.55139,0.0,,,1.0,0
-71,-175,1.50515,0.0,0.071022382715183,0.0,1.0,0
-71,-173,1.46315,0.0,0.071022382715183,0.0,1.0,0
-71,-171,1.31159,0.0,0.071022382715183,0.0,1.0,0
-71,-169,1.31214,0.0,,,1.0,0
-71,-167,1.2266,0.0,,,1.0,0
-71,-165,1.26562,0.0,,,1.0,0
-71,-163,1.13539,0.0,,,1.0,0
-71,-161,1.16238,0.0,,,1.0,0
-71,-159,1.22666,0.0,,,1.0,0
-71,-157,1.10164,0.0,,,1.0,0
-71,-155,1.20168,0.0,,,1.0,0
-71,-153,1.16794,0.0,,,1.0,0
-71,-151,1.17674,0.0,,,1.0,0
-71,-149,1.25489,0.0,,,1.0,0
-71,-147,1.23982,0.0,,,1.0,0
-71,-145,1.18543,0.0,0.0,0.0,1.0,0
-71,-143,1.22819,0.0,0.0,0.0,1.0,0
-71,-141,1.17375,0.0,0.0,0.0,1.0,0
-71,-139,1.20751,0.0,,,1.0,0
-71,-137,1.17824,0.0,,,1.0,0
-71,-135,1.22676,0.0,,,1.0,0
-71,-133,1.26042,0.0,,,1.0,0
-71,-131,1.41972,0.0,,,1.0,0
-71,-129,1.77569,1.0,,,3.0,1
-71,-127,1.94323,1.0,,,3.0,1
-71,-125,2.11069,1.0,,,3.0,1
-71,-123,2.22147,1.0,,,3.0,1
-71,-121,2.18038,1.0,0.0205684348013626,0.0,2.0,0
-71,-119,2.12232,1.0,0.0205684348013626,0.0,2.0,0
-71,-117,2.15226,1.0,0.0205684348013626,0.0,2.0,0
-71,-115,1.93152,1.0,,,3.0,1
-71,-113,2.01262,1.0,,,3.0,1
-71,-111,2.09033,1.0,,,3.0,1
-71,-109,2.03216,1.0,,,3.0,1
-71,-107,2.01932,1.0,,,3.0,1
-71,-105,1.96275,1.0,,,3.0,1
-71,-103,2.24584,1.0,,,3.0,1
-71,-101,2.33649,1.0,,,3.0,1
-71,-99,2.84733,1.0,,,3.0,1
-71,-97,3.04147,1.0,,,3.0,1
-71,-95,2.98706,1.0,,,3.0,1
-71,-93,2.64802,1.0,,,3.0,1
-71,-91,2.63914,1.0,,,3.0,1
-71,-89,2.52811,1.0,,,3.0,1
-71,-87,2.53119,1.0,,,3.0,1
-71,-85,2.39504,1.0,0.3604040547299388,0.0,2.0,0
-71,-83,2.37155,1.0,0.3604040547299388,0.0,2.0,0
-71,-81,2.38644,1.0,0.3604040547299388,0.0,2.0,0
-71,-79,2.59588,1.0,0.2043913319192997,0.0,2.0,0
-71,-77,2.61572,1.0,0.2043913319192997,0.0,2.0,0
-71,-75,2.58009,1.0,0.2043913319192997,0.0,2.0,0
-71,-73,,,0.9988040449818772,1.0,3.0,1
-71,-71,,,0.9988040449818772,1.0,3.0,1
-71,-69,,,0.9988040449818772,1.0,3.0,1
-71,-61,1.61168,1.0,,,3.0,1
-71,-59,1.80317,1.0,,,3.0,1
-71,-57,2.1381,1.0,,,3.0,1
-71,-55,2.23623,1.0,,,3.0,1
-71,-53,2.19219,1.0,,,3.0,1
-71,-51,2.19342,1.0,,,3.0,1
-71,-49,2.14962,1.0,,,3.0,1
-71,-47,2.10246,1.0,,,3.0,1
-71,-45,2.15241,1.0,,,3.0,1
-71,-43,2.24284,1.0,,,3.0,1
-71,-41,2.19139,1.0,,,3.0,1
-71,-39,2.22259,1.0,,,3.0,1
-71,-37,2.26155,1.0,,,3.0,1
-71,-35,2.29027,1.0,,,3.0,1
-71,-33,2.23247,1.0,,,3.0,1
-71,-31,2.22853,1.0,,,3.0,1
-71,-29,2.24855,1.0,,,3.0,1
-71,-27,2.1965,1.0,,,3.0,1
-71,-25,2.10172,1.0,,,3.0,1
-71,-23,1.93526,1.0,,,3.0,1
-71,-21,1.78426,1.0,,,3.0,1
-71,-19,1.8563,1.0,0.7024520782962727,1.0,3.0,1
-71,-17,1.92105,1.0,0.7024520782962727,1.0,3.0,1
-71,-15,2.02993,1.0,0.7024520782962727,1.0,3.0,1
-71,-13,2.15636,1.0,1.2231639093985989,1.0,3.0,1
-71,-11,2.20439,1.0,1.2231639093985989,1.0,3.0,1
-71,-9,2.32476,1.0,1.2231639093985989,1.0,3.0,1
-71,-7,2.5181,1.0,,,3.0,1
-71,-5,2.00303,1.0,,,3.0,1
-71,163,1.9006,1.0,,,3.0,1
-71,165,2.11474,1.0,,,3.0,1
-71,167,1.75147,1.0,,,3.0,1
-71,169,2.10556,1.0,,,3.0,1
-71,171,1.85983,1.0,,,3.0,1
-71,173,1.64521,1.0,0.0,0.0,2.0,0
-71,175,1.56869,0.0,0.0,0.0,1.0,0
-71,177,1.44382,0.0,0.0,0.0,1.0,0
-71,179,,,0.0,0.0,1.0,0
-69,-179,1.54654,0.0,0.0,0.0,1.0,0
-69,-177,1.5444,0.0,0.0,0.0,1.0,0
-69,-175,1.46196,0.0,,,1.0,0
-69,-173,1.41983,0.0,,,1.0,0
-69,-171,1.32173,0.0,,,1.0,0
-69,-169,1.20485,0.0,,,1.0,0
-69,-167,1.13217,0.0,,,1.0,0
-69,-165,1.13186,0.0,,,1.0,0
-69,-163,1.07481,0.0,0.6399842480415886,0.0,1.0,0
-69,-161,1.07309,0.0,0.6399842480415886,0.0,1.0,0
-69,-159,1.0936,0.0,0.6399842480415886,0.0,1.0,0
-69,-157,1.1421,0.0,0.0,0.0,1.0,0
-69,-155,1.11878,0.0,0.0,0.0,1.0,0
-69,-153,1.08795,0.0,0.0,0.0,1.0,0
-69,-151,1.27053,0.0,0.0,0.0,1.0,0
-69,-149,1.22538,0.0,0.0,0.0,1.0,0
-69,-147,1.2167,0.0,0.0,0.0,1.0,0
-69,-145,1.26664,0.0,0.1082266563749284,0.0,1.0,0
-69,-143,1.26922,0.0,0.1082266563749284,0.0,1.0,0
-69,-141,1.2469,0.0,0.1082266563749284,0.0,1.0,0
-69,-139,1.23269,0.0,0.2387150204453313,0.0,1.0,0
-69,-137,1.23891,0.0,0.2387150204453313,0.0,1.0,0
-69,-135,1.21833,0.0,0.2387150204453313,0.0,1.0,0
-69,-133,1.28899,0.0,0.7563127389300582,1.0,2.5,0
-69,-131,1.21115,0.0,0.7563127389300582,1.0,2.5,0
-69,-129,1.29815,0.0,0.7563127389300582,1.0,2.5,0
-69,-127,1.24928,0.0,0.4256972133625911,0.0,1.0,0
-69,-125,1.29309,0.0,0.4256972133625911,0.0,1.0,0
-69,-123,1.46405,0.0,0.4256972133625911,0.0,1.0,0
-69,-121,1.50227,0.0,0.0425755124401905,0.0,1.0,0
-69,-119,1.4324,0.0,0.0425755124401905,0.0,1.0,0
-69,-117,1.43445,0.0,0.0425755124401905,0.0,1.0,0
-69,-115,1.43119,0.0,0.2659963704950792,0.0,1.0,0
-69,-113,1.48944,0.0,0.2659963704950792,0.0,1.0,0
-69,-111,1.30472,0.0,0.2659963704950792,0.0,1.0,0
-69,-109,1.38601,0.0,,,1.0,0
-69,-107,1.51108,0.0,,,1.0,0
-69,-105,1.41221,0.0,,,1.0,0
-69,-103,1.50659,0.0,1.712731755332625,1.0,2.5,0
-69,-101,1.49364,0.0,1.712731755332625,1.0,2.5,0
-69,-99,1.58874,0.0,1.712731755332625,1.0,2.5,0
-69,-97,1.72433,1.0,0.1030213843662792,0.0,2.0,0
-69,-95,1.80529,1.0,0.1030213843662792,0.0,2.0,0
-69,-93,1.62124,1.0,0.1030213843662792,0.0,2.0,0
-69,-91,1.58629,0.0,1.6376523093385995,1.0,2.5,0
-69,-89,1.67665,1.0,1.6376523093385995,1.0,3.0,1
-69,-87,1.79048,1.0,1.6376523093385995,1.0,3.0,1
-69,-85,1.76918,1.0,,,3.0,1
-69,-83,1.9905,1.0,,,3.0,1
-69,-81,1.93917,1.0,,,3.0,1
-69,-79,1.98516,1.0,1.8549848933104616,1.0,3.0,1
-69,-77,2.30578,1.0,1.8549848933104616,1.0,3.0,1
-69,-75,2.49824,1.0,1.8549848933104616,1.0,3.0,1
-69,-73,2.51989,1.0,,,3.0,1
-69,-71,3.29604,1.0,,,3.0,1
-69,-69,3.19584,1.0,,,3.0,1
-69,-61,1.34566,0.0,,,1.0,0
-69,-59,1.54418,0.0,,,1.0,0
-69,-57,1.85115,1.0,,,3.0,1
-69,-55,1.98572,1.0,,,3.0,1
-69,-53,1.92294,1.0,,,3.0,1
-69,-51,1.87163,1.0,,,3.0,1
-69,-49,1.83612,1.0,,,3.0,1
-69,-47,1.92224,1.0,,,3.0,1
-69,-45,2.03219,1.0,,,3.0,1
-69,-43,2.18426,1.0,,,3.0,1
-69,-41,2.28498,1.0,,,3.0,1
-69,-39,2.28521,1.0,,,3.0,1
-69,-37,2.22212,1.0,,,3.0,1
-69,-35,2.13592,1.0,,,3.0,1
-69,-33,2.08638,1.0,,,3.0,1
-69,-31,2.08803,1.0,,,3.0,1
-69,-29,2.03892,1.0,,,3.0,1
-69,-27,1.96767,1.0,,,3.0,1
-69,-25,1.88909,1.0,,,3.0,1
-69,-23,1.89539,1.0,,,3.0,1
-69,-21,1.83749,1.0,,,3.0,1
-69,-19,1.71993,1.0,2.414982813260225,1.0,3.0,1
-69,-17,1.69701,1.0,2.414982813260225,1.0,3.0,1
-69,-15,1.75555,1.0,2.414982813260225,1.0,3.0,1
-69,-13,1.79703,1.0,0.3558727748926645,0.0,2.0,0
-69,-11,1.81027,1.0,0.3558727748926645,0.0,2.0,0
-69,-9,1.80488,1.0,0.3558727748926645,0.0,2.0,0
-69,-7,1.92278,1.0,0.9190535645101504,1.0,3.0,1
-69,-5,2.02822,1.0,0.9190535645101504,1.0,3.0,1
-69,-3,2.07244,1.0,0.9190535645101504,1.0,3.0,1
-69,-1,2.02375,1.0,1.204272376574801,1.0,3.0,1
-69,1,2.19092,1.0,1.204272376574801,1.0,3.0,1
-69,3,2.26946,1.0,1.204272376574801,1.0,3.0,1
-69,5,2.23226,1.0,1.709844257872885,1.0,3.0,1
-69,7,2.23861,1.0,1.709844257872885,1.0,3.0,1
-69,9,2.07218,1.0,1.709844257872885,1.0,3.0,1
-69,11,2.09474,1.0,0.0,0.0,2.0,0
-69,13,2.03829,1.0,0.0,0.0,2.0,0
-69,15,2.0704,1.0,0.0,0.0,2.0,0
-69,17,2.05168,1.0,0.923295840655504,1.0,3.0,1
-69,19,2.11499,1.0,0.923295840655504,1.0,3.0,1
-69,21,2.0528,1.0,0.923295840655504,1.0,3.0,1
-69,23,2.0547,1.0,,,3.0,1
-69,25,2.02992,1.0,,,3.0,1
-69,27,1.9548,1.0,,,3.0,1
-69,29,1.91796,1.0,0.0764583877121515,0.0,2.0,0
-69,31,2.00664,1.0,0.0764583877121515,0.0,2.0,0
-69,33,2.16124,1.0,0.0764583877121515,0.0,2.0,0
-69,35,2.51365,1.0,,,3.0,1
-69,37,2.2486,1.0,,,3.0,1
-69,39,2.71653,1.0,,,3.0,1
-69,41,1.82914,1.0,,,3.0,1
-69,71,1.82974,1.0,0.0,0.0,2.0,0
-69,73,1.67597,1.0,0.0,0.0,2.0,0
-69,75,1.44877,0.0,0.0,0.0,1.0,0
-69,77,1.57221,0.0,,,1.0,0
-69,149,1.30721,0.0,,,1.0,0
-69,151,2.27917,1.0,,,3.0,1
-69,153,2.30322,1.0,,,3.0,1
-69,155,2.0559,1.0,,,3.0,1
-69,157,2.02519,1.0,,,3.0,1
-69,159,2.06473,1.0,,,3.0,1
-69,161,1.82554,1.0,,,3.0,1
-69,163,1.65301,1.0,,,3.0,1
-69,165,1.48834,0.0,,,1.0,0
-69,167,1.4381,0.0,,,1.0,0
-69,169,1.56608,0.0,,,1.0,0
-69,171,1.48946,0.0,,,1.0,0
-69,173,1.49953,0.0,,,1.0,0
-69,175,1.38207,0.0,,,1.0,0
-69,177,1.33694,0.0,,,1.0,0
-67,-179,1.60825,1.0,0.0,0.0,2.0,0
-67,-177,1.54895,0.0,0.0,0.0,1.0,0
-67,-175,1.4167,0.0,0.0,0.0,1.0,0
-67,-173,1.37622,0.0,0.0,0.0,1.0,0
-67,-171,1.30889,0.0,0.0,0.0,1.0,0
-67,-169,1.24884,0.0,0.0281644194244698,0.0,1.0,0
-67,-167,1.10694,0.0,0.0281644194244698,0.0,1.0,0
-67,-165,0.99838,0.0,0.0281644194244698,0.0,1.0,0
-67,-163,0.95232,0.0,0.6016565305303926,0.0,1.0,0
-67,-161,0.98448,0.0,0.6016565305303926,0.0,1.0,0
-67,-159,1.03231,0.0,0.6016565305303926,0.0,1.0,0
-67,-157,1.11269,0.0,0.0507663112330423,0.0,1.0,0
-67,-155,1.1885,0.0,0.0507663112330423,0.0,1.0,0
-67,-153,1.20282,0.0,0.0507663112330423,0.0,1.0,0
-67,-151,1.24155,0.0,0.0,0.0,1.0,0
-67,-149,1.34194,0.0,0.0,0.0,1.0,0
-67,-147,1.43768,0.0,0.0,0.0,1.0,0
-67,-145,1.3843,0.0,0.0,0.0,1.0,0
-67,-143,1.26298,0.0,0.0,0.0,1.0,0
-67,-141,1.28402,0.0,0.0,0.0,1.0,0
-67,-139,1.24999,0.0,0.039017321997412,0.0,1.0,0
-67,-137,1.33848,0.0,0.039017321997412,0.0,1.0,0
-67,-135,1.361,0.0,0.039017321997412,0.0,1.0,0
-67,-133,1.36498,0.0,0.0,0.0,1.0,0
-67,-131,1.22626,0.0,0.0,0.0,1.0,0
-67,-129,1.23664,0.0,0.0,0.0,1.0,0
-67,-127,1.2004,0.0,0.0,0.0,1.0,0
-67,-125,1.1867,0.0,0.0,0.0,1.0,0
-67,-123,1.18283,0.0,0.0,0.0,1.0,0
-67,-121,1.05287,0.0,0.1685956846499413,0.0,1.0,0
-67,-119,1.18683,0.0,0.1685956846499413,0.0,1.0,0
-67,-117,1.16451,0.0,0.1685956846499413,0.0,1.0,0
-67,-115,1.04899,0.0,0.0,0.0,1.0,0
-67,-113,1.06766,0.0,0.0,0.0,1.0,0
-67,-111,1.18027,0.0,0.0,0.0,1.0,0
-67,-109,1.18024,0.0,0.0240749873074262,0.0,1.0,0
-67,-107,1.10469,0.0,0.0240749873074262,0.0,1.0,0
-67,-105,1.01288,0.0,0.0240749873074262,0.0,1.0,0
-67,-103,0.92698,0.0,0.0,0.0,1.0,0
-67,-101,0.8493,0.0,0.0,0.0,1.0,0
-67,-99,1.08763,0.0,0.0,0.0,1.0,0
-67,-97,1.18982,0.0,0.0409976924234905,0.0,1.0,0
-67,-95,1.18848,0.0,0.0409976924234905,0.0,1.0,0
-67,-93,1.03119,0.0,0.0409976924234905,0.0,1.0,0
-67,-91,1.19606,0.0,0.5278446323871611,0.0,1.0,0
-67,-89,1.40424,0.0,0.5278446323871611,0.0,1.0,0
-67,-87,1.30196,0.0,0.5278446323871611,0.0,1.0,0
-67,-85,1.51307,0.0,0.9803761136494789,1.0,2.5,0
-67,-83,1.34856,0.0,0.9803761136494789,1.0,2.5,0
-67,-81,1.40878,0.0,0.9803761136494789,1.0,2.5,0
-67,-79,1.54188,0.0,1.331705601228699,1.0,2.5,0
-67,-77,1.6164,1.0,1.331705601228699,1.0,3.0,1
-67,-75,1.67785,1.0,1.331705601228699,1.0,3.0,1
-67,-73,2.24525,1.0,1.7162055884961538,1.0,3.0,1
-67,-71,2.62153,1.0,1.7162055884961538,1.0,3.0,1
-67,-69,2.95646,1.0,1.7162055884961538,1.0,3.0,1
-67,-67,3.07309,1.0,0.9915163233388936,1.0,3.0,1
-67,-65,,,0.9915163233388936,1.0,3.0,1
-67,-63,,,0.9915163233388936,1.0,3.0,1
-67,-61,0.95618,0.0,,,1.0,0
-67,-59,0.97751,0.0,,,1.0,0
-67,-57,1.3124,0.0,,,1.0,0
-67,-55,1.66056,1.0,,,3.0,1
-67,-53,1.65807,1.0,,,3.0,1
-67,-51,1.65704,1.0,,,3.0,1
-67,-49,1.71668,1.0,,,3.0,1
-67,-47,1.84016,1.0,,,3.0,1
-67,-45,1.93305,1.0,,,3.0,1
-67,-43,2.11222,1.0,0.0937717814987298,0.0,2.0,0
-67,-41,2.19446,1.0,0.0937717814987298,0.0,2.0,0
-67,-39,2.13775,1.0,0.0937717814987298,0.0,2.0,0
-67,-37,2.13859,1.0,,,3.0,1
-67,-35,2.12717,1.0,,,3.0,1
-67,-33,2.08053,1.0,,,3.0,1
-67,-31,2.02967,1.0,,,3.0,1
-67,-29,1.96821,1.0,,,3.0,1
-67,-27,2.02683,1.0,,,3.0,1
-67,-25,1.88651,1.0,1.3863071915653762,1.0,3.0,1
-67,-23,1.73783,1.0,1.3863071915653762,1.0,3.0,1
-67,-21,1.7106,1.0,1.3863071915653762,1.0,3.0,1
-67,-19,1.66026,1.0,0.1202447955463652,0.0,2.0,0
-67,-17,1.53643,0.0,0.1202447955463652,0.0,1.0,0
-67,-15,1.41821,0.0,0.1202447955463652,0.0,1.0,0
-67,-13,1.34258,0.0,0.1265372520554692,0.0,1.0,0
-67,-11,1.4753,0.0,0.1265372520554692,0.0,1.0,0
-67,-9,1.49151,0.0,0.1265372520554692,0.0,1.0,0
-67,-7,1.50242,0.0,0.171141151028382,0.0,1.0,0
-67,-5,1.65062,1.0,0.171141151028382,0.0,2.0,0
-67,-3,1.72096,1.0,0.171141151028382,0.0,2.0,0
-67,-1,1.74245,1.0,0.7229182868185975,1.0,3.0,1
-67,1,1.84457,1.0,0.7229182868185975,1.0,3.0,1
-67,3,1.88949,1.0,0.7229182868185975,1.0,3.0,1
-67,5,1.83426,1.0,0.0750296361593493,0.0,2.0,0
-67,7,2.09344,1.0,0.0750296361593493,0.0,2.0,0
-67,9,1.97808,1.0,0.0750296361593493,0.0,2.0,0
-67,11,1.88143,1.0,0.1614224558093554,0.0,2.0,0
-67,13,1.87402,1.0,0.1614224558093554,0.0,2.0,0
-67,15,1.94848,1.0,0.1614224558093554,0.0,2.0,0
-67,17,1.84415,1.0,0.5564231213712854,0.0,2.0,0
-67,19,1.73636,1.0,0.5564231213712854,0.0,2.0,0
-67,21,1.7143,1.0,0.5564231213712854,0.0,2.0,0
-67,23,1.68218,1.0,,,3.0,1
-67,25,1.751,1.0,,,3.0,1
-67,27,1.80399,1.0,,,3.0,1
-67,29,1.80544,1.0,1.7006518063357177,1.0,3.0,1
-67,31,1.77245,1.0,1.7006518063357177,1.0,3.0,1
-67,33,1.80271,1.0,1.7006518063357177,1.0,3.0,1
-67,35,1.79377,1.0,1.1903552924757506,1.0,3.0,1
-67,37,1.68995,1.0,1.1903552924757506,1.0,3.0,1
-67,39,1.64392,1.0,1.1903552924757506,1.0,3.0,1
-67,41,1.73016,1.0,1.7165315504813086,1.0,3.0,1
-67,43,1.76072,1.0,1.7165315504813086,1.0,3.0,1
-67,45,1.8041,1.0,1.7165315504813086,1.0,3.0,1
-67,47,1.75717,1.0,1.249646692966656,1.0,3.0,1
-67,49,2.03548,1.0,1.249646692966656,1.0,3.0,1
-67,51,,,1.249646692966656,1.0,3.0,1
-67,57,2.26911,1.0,,,3.0,1
-67,59,2.0172,1.0,0.1328083876228614,0.0,2.0,0
-67,61,2.31406,1.0,0.1328083876228614,0.0,2.0,0
-67,63,3.42138,1.0,0.1328083876228614,0.0,2.0,0
-67,65,1.4872,0.0,0.9463212363555992,1.0,2.5,0
-67,67,1.38627,0.0,0.9463212363555992,1.0,2.5,0
-67,69,1.73216,1.0,0.9463212363555992,1.0,3.0,1
-67,71,1.59786,0.0,0.3510422057394445,0.0,1.0,0
-67,73,1.27856,0.0,0.3510422057394445,0.0,1.0,0
-67,75,1.24784,0.0,0.3510422057394445,0.0,1.0,0
-67,77,1.30975,0.0,0.7461380238043163,1.0,2.5,0
-67,79,1.43888,0.0,0.7461380238043163,1.0,2.5,0
-67,81,1.49043,0.0,0.7461380238043163,1.0,2.5,0
-67,83,1.94895,1.0,,,3.0,1
-67,89,2.03109,1.0,,,3.0,1
-67,91,1.66227,1.0,,,3.0,1
-67,93,1.24952,0.0,,,1.0,0
-67,107,0.69364,0.0,,,1.0,0
-67,109,0.87832,0.0,,,1.0,0
-67,115,2.10036,1.0,,,3.0,1
-67,117,1.96481,1.0,,,3.0,1
-67,119,1.70323,1.0,,,3.0,1
-67,121,1.68573,1.0,,,3.0,1
-67,127,1.14082,0.0,,,1.0,0
-67,129,0.68407,0.0,,,1.0,0
-67,137,0.93144,0.0,,,1.0,0
-67,139,1.263,0.0,,,1.0,0
-67,141,1.58348,0.0,,,1.0,0
-67,143,1.84749,1.0,,,3.0,1
-67,145,1.97768,1.0,,,3.0,1
-67,147,2.16921,1.0,,,3.0,1
-67,149,1.96984,1.0,,,3.0,1
-67,151,1.7844,1.0,,,3.0,1
-67,153,1.6302,1.0,,,3.0,1
-67,155,1.55755,0.0,,,1.0,0
-67,157,1.57849,0.0,,,1.0,0
-67,159,1.47673,0.0,,,1.0,0
-67,161,1.52701,0.0,0.1953460583484196,0.0,1.0,0
-67,163,1.72308,1.0,0.1953460583484196,0.0,2.0,0
-67,165,1.63126,1.0,0.1953460583484196,0.0,2.0,0
-67,167,1.57135,0.0,2.442728985713524,1.0,2.5,0
-67,169,1.31978,0.0,2.442728985713524,1.0,2.5,0
-67,171,1.36026,0.0,2.442728985713524,1.0,2.5,0
-67,173,1.37695,0.0,1.6457660316074794,1.0,2.5,0
-67,175,1.38169,0.0,1.6457660316074794,1.0,2.5,0
-67,177,1.38528,0.0,1.6457660316074794,1.0,2.5,0
-67,179,,,0.0,0.0,1.0,0
-65,-179,1.47921,0.0,,,1.0,0
-65,-177,1.40693,0.0,,,1.0,0
-65,-175,1.35895,0.0,,,1.0,0
-65,-173,1.27254,0.0,,,1.0,0
-65,-171,1.3857,0.0,,,1.0,0
-65,-169,1.45903,0.0,0.0299246177076632,0.0,1.0,0
-65,-167,1.36822,0.0,0.0299246177076632,0.0,1.0,0
-65,-165,1.25676,0.0,0.0299246177076632,0.0,1.0,0
-65,-163,1.26391,0.0,1.668292710448221,1.0,2.5,0
-65,-161,1.45732,0.0,1.668292710448221,1.0,2.5,0
-65,-159,1.36647,0.0,1.668292710448221,1.0,2.5,0
-65,-157,1.31771,0.0,,,1.0,0
-65,-155,1.43118,0.0,,,1.0,0
-65,-153,1.29204,0.0,,,1.0,0
-65,-151,1.4006,0.0,0.1059357550949667,0.0,1.0,0
-65,-149,1.56174,0.0,0.1059357550949667,0.0,1.0,0
-65,-147,1.44735,0.0,0.1059357550949667,0.0,1.0,0
-65,-145,1.49034,0.0,0.0,0.0,1.0,0
-65,-143,1.35508,0.0,0.0,0.0,1.0,0
-65,-141,1.38384,0.0,0.0,0.0,1.0,0
-65,-139,1.35867,0.0,0.2342641243787892,0.0,1.0,0
-65,-137,1.37764,0.0,0.2342641243787892,0.0,1.0,0
-65,-135,1.35197,0.0,0.2342641243787892,0.0,1.0,0
-65,-133,1.22797,0.0,,,1.0,0
-65,-131,1.24315,0.0,,,1.0,0
-65,-129,1.27592,0.0,,,1.0,0
-65,-127,1.25757,0.0,0.0,0.0,1.0,0
-65,-125,1.14474,0.0,0.0,0.0,1.0,0
-65,-123,1.12278,0.0,0.0,0.0,1.0,0
-65,-121,1.25307,0.0,0.0,0.0,1.0,0
-65,-119,1.22951,0.0,0.0,0.0,1.0,0
-65,-117,1.19592,0.0,0.0,0.0,1.0,0
-65,-115,1.20885,0.0,0.0170333392987803,0.0,1.0,0
-65,-113,1.05084,0.0,0.0170333392987803,0.0,1.0,0
-65,-111,1.15926,0.0,0.0170333392987803,0.0,1.0,0
-65,-109,1.26525,0.0,0.0,0.0,1.0,0
-65,-107,1.07401,0.0,0.0,0.0,1.0,0
-65,-105,0.98235,0.0,0.0,0.0,1.0,0
-65,-103,0.87892,0.0,0.0,0.0,1.0,0
-65,-101,0.93268,0.0,0.0,0.0,1.0,0
-65,-99,0.79889,0.0,0.0,0.0,1.0,0
-65,-97,0.72978,0.0,0.0,0.0,1.0,0
-65,-95,0.75903,0.0,0.0,0.0,1.0,0
-65,-93,0.7745,0.0,0.0,0.0,1.0,0
-65,-91,0.79017,0.0,0.0,0.0,1.0,0
-65,-89,0.99101,0.0,0.0,0.0,1.0,0
-65,-87,1.01087,0.0,0.0,0.0,1.0,0
-65,-85,0.92357,0.0,0.0206719738367567,0.0,1.0,0
-65,-83,1.05853,0.0,0.0206719738367567,0.0,1.0,0
-65,-81,0.90074,0.0,0.0206719738367567,0.0,1.0,0
-65,-79,1.07148,0.0,0.2134587255320434,0.0,1.0,0
-65,-77,1.04067,0.0,0.2134587255320434,0.0,1.0,0
-65,-75,1.08649,0.0,0.2134587255320434,0.0,1.0,0
-65,-73,1.25548,0.0,1.2007528372941654,1.0,2.5,0
-65,-71,1.58784,0.0,1.2007528372941654,1.0,2.5,0
-65,-69,2.20663,1.0,1.2007528372941654,1.0,3.0,1
-65,-67,2.53511,1.0,1.7834651138675397,1.0,3.0,1
-65,-65,2.7678,1.0,1.7834651138675397,1.0,3.0,1
-65,-63,2.43631,1.0,1.7834651138675397,1.0,3.0,1
-65,-61,2.04607,1.0,,,3.0,1
-65,-59,1.30421,0.0,,,1.0,0
-65,-57,0.88847,0.0,,,1.0,0
-65,-55,1.15514,0.0,,,1.0,0
-65,-53,1.32733,0.0,,,1.0,0
-65,-51,1.33626,0.0,,,1.0,0
-65,-49,1.42989,0.0,2.146013242681135,1.0,2.5,0
-65,-47,1.56845,0.0,2.146013242681135,1.0,2.5,0
-65,-45,1.63894,1.0,2.146013242681135,1.0,3.0,1
-65,-43,1.59574,0.0,0.0392157659039505,0.0,1.0,0
-65,-41,1.66688,1.0,0.0392157659039505,0.0,2.0,0
-65,-39,1.79729,1.0,0.0392157659039505,0.0,2.0,0
-65,-37,1.87071,1.0,,,3.0,1
-65,-35,1.91956,1.0,,,3.0,1
-65,-33,1.97745,1.0,,,3.0,1
-65,-31,2.02596,1.0,1.0584639856022509,1.0,3.0,1
-65,-29,2.02595,1.0,1.0584639856022509,1.0,3.0,1
-65,-27,1.98967,1.0,1.0584639856022509,1.0,3.0,1
-65,-25,1.95061,1.0,1.1368050931360243,1.0,3.0,1
-65,-23,1.93891,1.0,1.1368050931360243,1.0,3.0,1
-65,-21,1.75989,1.0,1.1368050931360243,1.0,3.0,1
-65,-19,1.65683,1.0,0.2182071658330022,0.0,2.0,0
-65,-17,1.56545,0.0,0.2182071658330022,0.0,1.0,0
-65,-15,1.52561,0.0,0.2182071658330022,0.0,1.0,0
-65,-13,1.43224,0.0,0.1636582226251945,0.0,1.0,0
-65,-11,1.36392,0.0,0.1636582226251945,0.0,1.0,0
-65,-9,1.3056,0.0,0.1636582226251945,0.0,1.0,0
-65,-7,1.15268,0.0,0.0857661265742168,0.0,1.0,0
-65,-5,1.25917,0.0,0.0857661265742168,0.0,1.0,0
-65,-3,1.44527,0.0,0.0857661265742168,0.0,1.0,0
-65,-1,1.61989,1.0,1.029638302230768,1.0,3.0,1
-65,1,1.70186,1.0,1.029638302230768,1.0,3.0,1
-65,3,1.64251,1.0,1.029638302230768,1.0,3.0,1
-65,5,1.60462,1.0,0.1133304534558763,0.0,2.0,0
-65,7,1.83742,1.0,0.1133304534558763,0.0,2.0,0
-65,9,1.84133,1.0,0.1133304534558763,0.0,2.0,0
-65,11,1.79451,1.0,1.6308936341660816,1.0,3.0,1
-65,13,1.80701,1.0,1.6308936341660816,1.0,3.0,1
-65,15,1.68859,1.0,1.6308936341660816,1.0,3.0,1
-65,17,1.48657,0.0,0.5631249603380444,0.0,1.0,0
-65,19,1.43644,0.0,0.5631249603380444,0.0,1.0,0
-65,21,1.4298,0.0,0.5631249603380444,0.0,1.0,0
-65,23,1.41018,0.0,,,1.0,0
-65,25,1.59106,0.0,,,1.0,0
-65,27,1.63589,1.0,,,3.0,1
-65,29,1.656,1.0,0.9862714852654498,1.0,3.0,1
-65,31,1.58,0.0,0.9862714852654498,1.0,2.5,0
-65,33,1.62664,1.0,0.9862714852654498,1.0,3.0,1
-65,35,1.55727,0.0,1.4175489765637956,1.0,2.5,0
-65,37,1.53667,0.0,1.4175489765637956,1.0,2.5,0
-65,39,1.46943,0.0,1.4175489765637956,1.0,2.5,0
-65,41,1.38406,0.0,1.8405114114367305,1.0,2.5,0
-65,43,1.41153,0.0,1.8405114114367305,1.0,2.5,0
-65,45,1.45041,0.0,1.8405114114367305,1.0,2.5,0
-65,47,1.42038,0.0,1.1217997239481292,1.0,2.5,0
-65,49,1.54387,0.0,1.1217997239481292,1.0,2.5,0
-65,51,1.63353,1.0,1.1217997239481292,1.0,3.0,1
-65,53,1.65565,1.0,0.5029457784046781,0.0,2.0,0
-65,55,1.8273,1.0,0.5029457784046781,0.0,2.0,0
-65,57,1.53701,0.0,0.5029457784046781,0.0,1.0,0
-65,59,1.33157,0.0,0.7461964888044469,1.0,2.5,0
-65,61,1.19778,0.0,0.7461964888044469,1.0,2.5,0
-65,63,1.05918,0.0,0.7461964888044469,1.0,2.5,0
-65,65,1.08388,0.0,0.9506910181349678,1.0,2.5,0
-65,67,1.09279,0.0,0.9506910181349678,1.0,2.5,0
-65,69,1.06249,0.0,0.9506910181349678,1.0,2.5,0
-65,71,1.05634,0.0,1.2044512229934918,1.0,2.5,0
-65,73,1.11023,0.0,1.2044512229934918,1.0,2.5,0
-65,75,1.17288,0.0,1.2044512229934918,1.0,2.5,0
-65,77,1.1732,0.0,1.277875032833419,1.0,2.5,0
-65,79,1.10778,0.0,1.277875032833419,1.0,2.5,0
-65,81,1.22383,0.0,1.277875032833419,1.0,2.5,0
-65,83,1.35493,0.0,1.4613371745714672,1.0,2.5,0
-65,85,1.49881,0.0,1.4613371745714672,1.0,2.5,0
-65,87,1.66291,1.0,1.4613371745714672,1.0,3.0,1
-65,89,1.79121,1.0,0.4222943008935625,0.0,2.0,0
-65,91,1.76712,1.0,0.4222943008935625,0.0,2.0,0
-65,93,1.73209,1.0,0.4222943008935625,0.0,2.0,0
-65,95,1.71491,1.0,0.0,0.0,2.0,0
-65,97,1.75519,1.0,0.0,0.0,2.0,0
-65,99,1.99996,1.0,0.0,0.0,2.0,0
-65,101,1.90527,1.0,0.0,0.0,2.0,0
-65,103,1.65512,1.0,0.0,0.0,2.0,0
-65,105,1.67372,1.0,0.0,0.0,2.0,0
-65,107,1.45956,0.0,,,1.0,0
-65,109,1.54357,0.0,,,1.0,0
-65,111,1.72051,1.0,,,3.0,1
-65,113,2.11318,1.0,0.7768827072854749,1.0,3.0,1
-65,115,2.0786,1.0,0.7768827072854749,1.0,3.0,1
-65,117,1.88513,1.0,0.7768827072854749,1.0,3.0,1
-65,119,1.87332,1.0,0.644615816355384,0.0,2.0,0
-65,121,1.84573,1.0,0.644615816355384,0.0,2.0,0
-65,123,1.88057,1.0,0.644615816355384,0.0,2.0,0
-65,125,1.78551,1.0,0.3225500597780139,0.0,2.0,0
-65,127,1.60298,1.0,0.3225500597780139,0.0,2.0,0
-65,129,1.49278,0.0,0.3225500597780139,0.0,1.0,0
-65,131,1.61387,1.0,,,3.0,1
-65,133,1.9943,1.0,,,3.0,1
-65,135,2.13219,1.0,,,3.0,1
-65,137,1.60354,1.0,0.4466501175247104,0.0,2.0,0
-65,139,1.55253,0.0,0.4466501175247104,0.0,1.0,0
-65,141,1.52534,0.0,0.4466501175247104,0.0,1.0,0
-65,143,1.56756,0.0,0.8594785515319208,1.0,2.5,0
-65,145,1.57603,0.0,0.8594785515319208,1.0,2.5,0
-65,147,1.59163,0.0,0.8594785515319208,1.0,2.5,0
-65,149,1.5424,0.0,1.3241877646619993,1.0,2.5,0
-65,151,1.4244,0.0,1.3241877646619993,1.0,2.5,0
-65,153,1.45186,0.0,1.3241877646619993,1.0,2.5,0
-65,155,1.46655,0.0,0.5926208213219823,0.0,1.0,0
-65,157,1.394,0.0,0.5926208213219823,0.0,1.0,0
-65,159,1.50315,0.0,0.5926208213219823,0.0,1.0,0
-65,161,1.56225,0.0,1.684102957265052,1.0,2.5,0
-65,163,1.56649,0.0,1.684102957265052,1.0,2.5,0
-65,165,1.58403,0.0,1.684102957265052,1.0,2.5,0
-65,167,1.47315,0.0,0.0,0.0,1.0,0
-65,169,1.47973,0.0,0.0,0.0,1.0,0
-65,171,1.44897,0.0,0.0,0.0,1.0,0
-65,173,1.40469,0.0,0.1014033505553307,0.0,1.0,0
-65,175,1.48919,0.0,0.1014033505553307,0.0,1.0,0
-65,177,1.35487,0.0,0.1014033505553307,0.0,1.0,0
-63,-179,1.23629,0.0,,,1.0,0
-63,-177,1.1464,0.0,,,1.0,0
-63,-175,1.13888,0.0,,,1.0,0
-63,-173,1.21998,0.0,,,1.0,0
-63,-171,1.25304,0.0,,,1.0,0
-63,-169,1.40408,0.0,0.0661394928706995,0.0,1.0,0
-63,-167,1.42373,0.0,0.0661394928706995,0.0,1.0,0
-63,-165,1.30998,0.0,0.0661394928706995,0.0,1.0,0
-63,-163,1.21575,0.0,,,1.0,0
-63,-161,1.35332,0.0,,,1.0,0
-63,-159,1.40648,0.0,,,1.0,0
-63,-157,1.16169,0.0,,,1.0,0
-63,-155,1.28771,0.0,,,1.0,0
-63,-153,1.33977,0.0,,,1.0,0
-63,-151,1.36172,0.0,0.0,0.0,1.0,0
-63,-149,1.37049,0.0,0.0,0.0,1.0,0
-63,-147,1.46952,0.0,0.0,0.0,1.0,0
-63,-145,1.37436,0.0,0.0,0.0,1.0,0
-63,-143,1.30194,0.0,0.0,0.0,1.0,0
-63,-141,1.29187,0.0,0.0,0.0,1.0,0
-63,-139,1.22469,0.0,,,1.0,0
-63,-137,1.22867,0.0,,,1.0,0
-63,-135,1.2588,0.0,,,1.0,0
-63,-133,1.33244,0.0,,,1.0,0
-63,-131,1.26424,0.0,,,1.0,0
-63,-129,1.27494,0.0,,,1.0,0
-63,-127,1.24618,0.0,,,1.0,0
-63,-125,1.16085,0.0,,,1.0,0
-63,-123,1.20033,0.0,,,1.0,0
-63,-121,1.37625,0.0,,,1.0,0
-63,-119,1.17095,0.0,,,1.0,0
-63,-117,1.08517,0.0,,,1.0,0
-63,-115,1.06626,0.0,,,1.0,0
-63,-113,1.13168,0.0,,,1.0,0
-63,-111,0.9367,0.0,,,1.0,0
-63,-109,1.16124,0.0,0.0,0.0,1.0,0
-63,-107,0.84508,0.0,0.0,0.0,1.0,0
-63,-105,0.7733,0.0,0.0,0.0,1.0,0
-63,-103,0.68475,0.0,0.0,0.0,1.0,0
-63,-101,0.62226,0.0,0.0,0.0,1.0,0
-63,-99,0.66309,0.0,0.0,0.0,1.0,0
-63,-97,0.54187,0.0,0.0,0.0,1.0,0
-63,-95,0.51725,0.0,0.0,0.0,1.0,0
-63,-93,0.4912,0.0,0.0,0.0,1.0,0
-63,-91,0.53927,0.0,0.0,0.0,1.0,0
-63,-89,0.59825,0.0,0.0,0.0,1.0,0
-63,-87,0.54166,0.0,0.0,0.0,1.0,0
-63,-85,0.47694,0.0,,,1.0,0
-63,-83,0.70007,0.0,,,1.0,0
-63,-81,0.90074,0.0,,,1.0,0
-63,-79,0.80428,0.0,0.0,0.0,1.0,0
-63,-77,0.94774,0.0,0.0,0.0,1.0,0
-63,-75,0.95932,0.0,0.0,0.0,1.0,0
-63,-73,1.01522,0.0,0.0899713098210371,0.0,1.0,0
-63,-71,1.08784,0.0,0.0899713098210371,0.0,1.0,0
-63,-69,1.2223,0.0,0.0899713098210371,0.0,1.0,0
-63,-67,1.26337,0.0,1.4223201148774371,1.0,2.5,0
-63,-65,1.8997,1.0,1.4223201148774371,1.0,3.0,1
-63,-63,2.50018,1.0,1.4223201148774371,1.0,3.0,1
-63,-61,2.61533,1.0,1.7660921283906916,1.0,3.0,1
-63,-59,2.43987,1.0,1.7660921283906916,1.0,3.0,1
-63,-57,1.88452,1.0,1.7660921283906916,1.0,3.0,1
-63,-55,1.99927,1.0,1.7680123835861048,1.0,3.0,1
-63,-53,1.73486,1.0,1.7680123835861048,1.0,3.0,1
-63,-51,1.54267,0.0,1.7680123835861048,1.0,2.5,0
-63,-49,1.68029,1.0,1.8455748127893044,1.0,3.0,1
-63,-47,1.80125,1.0,1.8455748127893044,1.0,3.0,1
-63,-45,1.69395,1.0,1.8455748127893044,1.0,3.0,1
-63,-43,1.56383,0.0,1.4360459710688998,1.0,2.5,0
-63,-41,1.57537,0.0,1.4360459710688998,1.0,2.5,0
-63,-39,1.57018,0.0,1.4360459710688998,1.0,2.5,0
-63,-37,1.64533,1.0,0.0,0.0,2.0,0
-63,-35,1.72099,1.0,0.0,0.0,2.0,0
-63,-33,1.79847,1.0,0.0,0.0,2.0,0
-63,-31,1.92186,1.0,0.1420764610732848,0.0,2.0,0
-63,-29,1.9719,1.0,0.1420764610732848,0.0,2.0,0
-63,-27,1.99783,1.0,0.1420764610732848,0.0,2.0,0
-63,-25,1.97748,1.0,0.957192106805308,1.0,3.0,1
-63,-23,1.93405,1.0,0.957192106805308,1.0,3.0,1
-63,-21,1.91995,1.0,0.957192106805308,1.0,3.0,1
-63,-19,1.84064,1.0,0.1038037209559568,0.0,2.0,0
-63,-17,1.83462,1.0,0.1038037209559568,0.0,2.0,0
-63,-15,1.75972,1.0,0.1038037209559568,0.0,2.0,0
-63,-13,1.67005,1.0,,,3.0,1
-63,-11,1.58854,0.0,,,1.0,0
-63,-9,1.44949,0.0,,,1.0,0
-63,-7,1.27791,0.0,,,1.0,0
-63,-5,1.19914,0.0,,,1.0,0
-63,-3,1.31028,0.0,,,1.0,0
-63,-1,1.43165,0.0,0.3695583609625187,0.0,1.0,0
-63,1,1.54356,0.0,0.3695583609625187,0.0,1.0,0
-63,3,1.60184,1.0,0.3695583609625187,0.0,2.0,0
-63,5,1.617,1.0,0.1809855807867304,0.0,2.0,0
-63,7,1.69967,1.0,0.1809855807867304,0.0,2.0,0
-63,9,1.66916,1.0,0.1809855807867304,0.0,2.0,0
-63,11,1.58175,0.0,0.0,0.0,1.0,0
-63,13,1.56521,0.0,0.0,0.0,1.0,0
-63,15,1.54723,0.0,0.0,0.0,1.0,0
-63,17,1.49369,0.0,0.0,0.0,1.0,0
-63,19,1.35784,0.0,0.0,0.0,1.0,0
-63,21,1.37941,0.0,0.0,0.0,1.0,0
-63,23,1.35637,0.0,0.0936551140750857,0.0,1.0,0
-63,25,1.30239,0.0,0.0936551140750857,0.0,1.0,0
-63,27,1.27324,0.0,0.0936551140750857,0.0,1.0,0
-63,29,1.26566,0.0,0.0382226383687184,0.0,1.0,0
-63,31,1.3845,0.0,0.0382226383687184,0.0,1.0,0
-63,33,1.30446,0.0,0.0382226383687184,0.0,1.0,0
-63,35,1.28049,0.0,1.9894661330682175,1.0,2.5,0
-63,37,1.33541,0.0,1.9894661330682175,1.0,2.5,0
-63,39,1.39885,0.0,1.9894661330682175,1.0,2.5,0
-63,41,1.34024,0.0,0.921343065066322,1.0,2.5,0
-63,43,1.30583,0.0,0.921343065066322,1.0,2.5,0
-63,45,1.19005,0.0,0.921343065066322,1.0,2.5,0
-63,47,1.26768,0.0,0.6389632278311803,0.0,1.0,0
-63,49,1.16084,0.0,0.6389632278311803,0.0,1.0,0
-63,51,1.12064,0.0,0.6389632278311803,0.0,1.0,0
-63,53,1.20651,0.0,1.2447305629483871,1.0,2.5,0
-63,55,1.2495,0.0,1.2447305629483871,1.0,2.5,0
-63,57,1.31469,0.0,1.2447305629483871,1.0,2.5,0
-63,59,1.21672,0.0,0.693443578494199,0.0,1.0,0
-63,61,1.16576,0.0,0.693443578494199,0.0,1.0,0
-63,63,1.16384,0.0,0.693443578494199,0.0,1.0,0
-63,65,1.17861,0.0,0.1346639898117347,0.0,1.0,0
-63,67,1.24534,0.0,0.1346639898117347,0.0,1.0,0
-63,69,1.22167,0.0,0.1346639898117347,0.0,1.0,0
-63,71,1.14193,0.0,1.0152962538164825,1.0,2.5,0
-63,73,1.17485,0.0,1.0152962538164825,1.0,2.5,0
-63,75,1.16294,0.0,1.0152962538164825,1.0,2.5,0
-63,77,1.1274,0.0,0.5128020710023117,0.0,1.0,0
-63,79,1.09535,0.0,0.5128020710023117,0.0,1.0,0
-63,81,1.03848,0.0,0.5128020710023117,0.0,1.0,0
-63,83,1.08286,0.0,0.8696975251269479,1.0,2.5,0
-63,85,0.9556,0.0,0.8696975251269479,1.0,2.5,0
-63,87,0.98288,0.0,0.8696975251269479,1.0,2.5,0
-63,89,1.03077,0.0,1.7714263970789852,1.0,2.5,0
-63,91,1.4899,0.0,1.7714263970789852,1.0,2.5,0
-63,93,1.63617,1.0,1.7714263970789852,1.0,3.0,1
-63,95,1.83519,1.0,0.9822938519548052,1.0,3.0,1
-63,97,1.94131,1.0,0.9822938519548052,1.0,3.0,1
-63,99,1.94751,1.0,0.9822938519548052,1.0,3.0,1
-63,101,1.78252,1.0,1.1566616258727611,1.0,3.0,1
-63,103,1.73831,1.0,1.1566616258727611,1.0,3.0,1
-63,105,1.5652,0.0,1.1566616258727611,1.0,2.5,0
-63,107,1.63874,1.0,0.0,0.0,2.0,0
-63,109,1.75134,1.0,0.0,0.0,2.0,0
-63,111,1.74528,1.0,0.0,0.0,2.0,0
-63,113,1.81386,1.0,0.7923647473175385,1.0,3.0,1
-63,115,1.84848,1.0,0.7923647473175385,1.0,3.0,1
-63,117,1.81875,1.0,0.7923647473175385,1.0,3.0,1
-63,119,1.69229,1.0,0.3195064414547593,0.0,2.0,0
-63,121,1.71219,1.0,0.3195064414547593,0.0,2.0,0
-63,123,1.56262,0.0,0.3195064414547593,0.0,1.0,0
-63,125,1.61536,1.0,0.0082807201241943,0.0,2.0,0
-63,127,1.48918,0.0,0.0082807201241943,0.0,1.0,0
-63,129,1.50524,0.0,0.0082807201241943,0.0,1.0,0
-63,131,1.58283,0.0,1.8380020553973784,1.0,2.5,0
-63,133,1.64855,1.0,1.8380020553973784,1.0,3.0,1
-63,135,1.52102,0.0,1.8380020553973784,1.0,2.5,0
-63,137,1.71929,1.0,0.195519132308349,0.0,2.0,0
-63,139,1.62465,1.0,0.195519132308349,0.0,2.0,0
-63,141,1.72986,1.0,0.195519132308349,0.0,2.0,0
-63,143,1.56158,0.0,0.5370867862191331,0.0,1.0,0
-63,145,1.53237,0.0,0.5370867862191331,0.0,1.0,0
-63,147,1.61041,1.0,0.5370867862191331,0.0,2.0,0
-63,149,1.47424,0.0,0.0,0.0,1.0,0
-63,151,1.53361,0.0,0.0,0.0,1.0,0
-63,153,1.53939,0.0,0.0,0.0,1.0,0
-63,155,1.57823,0.0,0.1697723694480827,0.0,1.0,0
-63,157,1.53759,0.0,0.1697723694480827,0.0,1.0,0
-63,159,1.4717,0.0,0.1697723694480827,0.0,1.0,0
-63,161,1.44203,0.0,0.6551384348113821,0.0,1.0,0
-63,163,1.33619,0.0,0.6551384348113821,0.0,1.0,0
-63,165,1.33153,0.0,0.6551384348113821,0.0,1.0,0
-63,167,1.38947,0.0,0.0,0.0,1.0,0
-63,169,1.31905,0.0,0.0,0.0,1.0,0
-63,171,1.31399,0.0,0.0,0.0,1.0,0
-63,173,1.26412,0.0,0.0,0.0,1.0,0
-63,175,1.15362,0.0,0.0,0.0,1.0,0
-63,177,1.18426,0.0,0.0,0.0,1.0,0
-61,-179,1.03334,0.0,1.355432362470549,1.0,2.5,0
-61,-177,1.06386,0.0,1.355432362470549,1.0,2.5,0
-61,-175,1.0101,0.0,0.0,0.0,1.0,0
-61,-173,1.12193,0.0,0.0,0.0,1.0,0
-61,-171,1.06854,0.0,0.0,0.0,1.0,0
-61,-169,1.21586,0.0,0.0644579892269184,0.0,1.0,0
-61,-167,1.18864,0.0,0.0644579892269184,0.0,1.0,0
-61,-165,1.21358,0.0,0.0644579892269184,0.0,1.0,0
-61,-163,1.21123,0.0,,,1.0,0
-61,-161,1.0695,0.0,,,1.0,0
-61,-159,1.08175,0.0,,,1.0,0
-61,-157,1.11893,0.0,,,1.0,0
-61,-155,1.12962,0.0,,,1.0,0
-61,-153,1.13547,0.0,,,1.0,0
-61,-151,1.30666,0.0,,,1.0,0
-61,-149,1.40302,0.0,,,1.0,0
-61,-147,1.18671,0.0,,,1.0,0
-61,-145,1.12931,0.0,,,1.0,0
-61,-143,1.02651,0.0,,,1.0,0
-61,-141,1.01598,0.0,,,1.0,0
-61,-139,1.11703,0.0,,,1.0,0
-61,-137,1.18145,0.0,,,1.0,0
-61,-135,1.23185,0.0,,,1.0,0
-61,-133,1.1957,0.0,,,1.0,0
-61,-131,1.1214,0.0,,,1.0,0
-61,-129,0.80473,0.0,,,1.0,0
-61,-127,0.7308,0.0,,,1.0,0
-61,-125,0.90403,0.0,,,1.0,0
-61,-123,0.95835,0.0,,,1.0,0
-61,-121,1.02287,0.0,,,1.0,0
-61,-119,1.05367,0.0,,,1.0,0
-61,-117,0.86315,0.0,,,1.0,0
-61,-115,0.77332,0.0,,,1.0,0
-61,-113,1.04566,0.0,,,1.0,0
-61,-111,0.94669,0.0,,,1.0,0
-61,-109,0.83216,0.0,0.0,0.0,1.0,0
-61,-107,0.53012,0.0,0.0,0.0,1.0,0
-61,-105,0.50476,0.0,0.0,0.0,1.0,0
-61,-103,0.54785,0.0,,,1.0,0
-61,-101,0.388,0.0,,,1.0,0
-61,-99,0.32407,0.0,,,1.0,0
-61,-97,0.43567,0.0,,,1.0,0
-61,-95,0.44044,0.0,,,1.0,0
-61,-93,0.24765,0.0,,,1.0,0
-61,-91,0.22781,0.0,0.0,0.0,1.0,0
-61,-89,0.29,0.0,0.0,0.0,1.0,0
-61,-87,0.22279,0.0,0.0,0.0,1.0,0
-61,-85,0.1337,0.0,,,1.0,0
-61,-83,0.20019,0.0,,,1.0,0
-61,-81,0.21544,0.0,,,1.0,0
-61,-79,0.26441,0.0,0.0,0.0,1.0,0
-61,-77,0.60526,0.0,0.0,0.0,1.0,0
-61,-75,0.65045,0.0,0.0,0.0,1.0,0
-61,-73,0.8889,0.0,0.8217754671834635,1.0,2.5,0
-61,-71,0.8546,0.0,0.8217754671834635,1.0,2.5,0
-61,-69,0.87368,0.0,0.8217754671834635,1.0,2.5,0
-61,-67,0.90888,0.0,0.8988336716556845,1.0,2.5,0
-61,-65,1.11671,0.0,0.8988336716556845,1.0,2.5,0
-61,-63,1.35965,0.0,0.8988336716556845,1.0,2.5,0
-61,-61,1.45888,0.0,1.3643754969182966,1.0,2.5,0
-61,-59,1.98808,1.0,1.3643754969182966,1.0,3.0,1
-61,-57,2.0697,1.0,1.3643754969182966,1.0,3.0,1
-61,-55,2.48532,1.0,1.7532271631943994,1.0,3.0,1
-61,-53,2.07702,1.0,1.7532271631943994,1.0,3.0,1
-61,-51,2.16722,1.0,1.7532271631943994,1.0,3.0,1
-61,-49,2.02091,1.0,1.6683391553691005,1.0,3.0,1
-61,-47,2.09721,1.0,1.6683391553691005,1.0,3.0,1
-61,-45,1.93238,1.0,1.6683391553691005,1.0,3.0,1
-61,-43,1.82373,1.0,2.057762158577892,1.0,3.0,1
-61,-41,1.70034,1.0,2.057762158577892,1.0,3.0,1
-61,-39,1.74047,1.0,2.057762158577892,1.0,3.0,1
-61,-37,1.80373,1.0,1.310656146188633,1.0,3.0,1
-61,-35,1.73558,1.0,1.310656146188633,1.0,3.0,1
-61,-33,1.71992,1.0,1.310656146188633,1.0,3.0,1
-61,-31,1.63,1.0,0.240466042135798,0.0,2.0,0
-61,-29,1.57334,0.0,0.240466042135798,0.0,1.0,0
-61,-27,1.59464,0.0,0.240466042135798,0.0,1.0,0
-61,-25,1.82448,1.0,1.2797541484085546,1.0,3.0,1
-61,-23,1.87886,1.0,1.2797541484085546,1.0,3.0,1
-61,-21,1.89794,1.0,1.2797541484085546,1.0,3.0,1
-61,-19,1.8026,1.0,0.9902352275182358,1.0,3.0,1
-61,-17,1.7313,1.0,0.9902352275182358,1.0,3.0,1
-61,-15,1.75769,1.0,0.9902352275182358,1.0,3.0,1
-61,-13,1.83657,1.0,1.1037467231893676,1.0,3.0,1
-61,-11,1.84301,1.0,1.1037467231893676,1.0,3.0,1
-61,-9,1.68096,1.0,1.1037467231893676,1.0,3.0,1
-61,-7,1.45003,0.0,0.3583156400821958,0.0,1.0,0
-61,-5,1.4192,0.0,0.3583156400821958,0.0,1.0,0
-61,-3,1.41962,0.0,0.3583156400821958,0.0,1.0,0
-61,-1,1.34282,0.0,1.4050986580129488,1.0,2.5,0
-61,1,1.31378,0.0,1.4050986580129488,1.0,2.5,0
-61,3,1.31231,0.0,1.4050986580129488,1.0,2.5,0
-61,5,1.35614,0.0,0.0850526086449858,0.0,1.0,0
-61,7,1.41142,0.0,0.0850526086449858,0.0,1.0,0
-61,9,1.54805,0.0,0.0850526086449858,0.0,1.0,0
-61,11,1.53842,0.0,0.9740047968974148,1.0,2.5,0
-61,13,1.48662,0.0,0.9740047968974148,1.0,2.5,0
-61,15,1.45454,0.0,0.9740047968974148,1.0,2.5,0
-61,17,1.50758,0.0,0.0,0.0,1.0,0
-61,19,1.53373,0.0,0.0,0.0,1.0,0
-61,21,1.47906,0.0,0.0,0.0,1.0,0
-61,23,1.4304,0.0,0.3688445068258213,0.0,1.0,0
-61,25,1.32077,0.0,0.3688445068258213,0.0,1.0,0
-61,27,1.37179,0.0,0.3688445068258213,0.0,1.0,0
-61,29,1.29978,0.0,0.0,0.0,1.0,0
-61,31,1.28332,0.0,0.0,0.0,1.0,0
-61,33,1.29894,0.0,0.0,0.0,1.0,0
-61,35,1.21612,0.0,0.9103041680685688,1.0,2.5,0
-61,37,1.24994,0.0,0.9103041680685688,1.0,2.5,0
-61,39,1.19521,0.0,0.9103041680685688,1.0,2.5,0
-61,41,1.18374,0.0,0.6661434272915584,0.0,1.0,0
-61,43,1.1565,0.0,0.6661434272915584,0.0,1.0,0
-61,45,1.13552,0.0,0.6661434272915584,0.0,1.0,0
-61,47,1.2325,0.0,0.1650463796852826,0.0,1.0,0
-61,49,1.06335,0.0,0.1650463796852826,0.0,1.0,0
-61,51,1.01854,0.0,0.1650463796852826,0.0,1.0,0
-61,53,1.0245,0.0,0.4102878494014606,0.0,1.0,0
-61,55,1.08601,0.0,0.4102878494014606,0.0,1.0,0
-61,57,1.11491,0.0,0.4102878494014606,0.0,1.0,0
-61,59,1.03224,0.0,0.5106083029725322,0.0,1.0,0
-61,61,1.04468,0.0,0.5106083029725322,0.0,1.0,0
-61,63,1.0533,0.0,0.5106083029725322,0.0,1.0,0
-61,65,1.11487,0.0,0.0031055713362495,0.0,1.0,0
-61,67,1.1394,0.0,0.0031055713362495,0.0,1.0,0
-61,69,1.12856,0.0,0.0031055713362495,0.0,1.0,0
-61,71,1.13834,0.0,1.7136766017463083,1.0,2.5,0
-61,73,1.21631,0.0,1.7136766017463083,1.0,2.5,0
-61,75,1.14677,0.0,1.7136766017463083,1.0,2.5,0
-61,77,1.11922,0.0,0.4048907069069962,0.0,1.0,0
-61,79,1.14161,0.0,0.4048907069069962,0.0,1.0,0
-61,81,1.09012,0.0,0.4048907069069962,0.0,1.0,0
-61,83,1.12847,0.0,0.0396520235819237,0.0,1.0,0
-61,85,1.11375,0.0,0.0396520235819237,0.0,1.0,0
-61,87,1.14532,0.0,0.0396520235819237,0.0,1.0,0
-61,89,0.95896,0.0,0.5153770339546568,0.0,1.0,0
-61,91,1.01504,0.0,0.5153770339546568,0.0,1.0,0
-61,93,1.22124,0.0,0.5153770339546568,0.0,1.0,0
-61,95,1.15358,0.0,1.419393939927422,1.0,2.5,0
-61,97,1.15939,0.0,1.419393939927422,1.0,2.5,0
-61,99,0.97648,0.0,1.419393939927422,1.0,2.5,0
-61,101,0.93687,0.0,2.7440404189716974,1.0,2.5,0
-61,103,1.33766,0.0,2.7440404189716974,1.0,2.5,0
-61,105,1.32796,0.0,2.7440404189716974,1.0,2.5,0
-61,107,1.51081,0.0,1.4731364734564774,1.0,2.5,0
-61,109,1.45708,0.0,1.4731364734564774,1.0,2.5,0
-61,111,1.67037,1.0,1.4731364734564774,1.0,3.0,1
-61,113,1.489,0.0,0.0,0.0,1.0,0
-61,115,1.31707,0.0,0.0,0.0,1.0,0
-61,117,1.45695,0.0,0.0,0.0,1.0,0
-61,119,1.38462,0.0,0.0,0.0,1.0,0
-61,121,1.39367,0.0,0.0,0.0,1.0,0
-61,123,1.23561,0.0,0.0,0.0,1.0,0
-61,125,1.26874,0.0,0.0926621735319538,0.0,1.0,0
-61,127,1.28392,0.0,0.0926621735319538,0.0,1.0,0
-61,129,1.00885,0.0,0.0926621735319538,0.0,1.0,0
-61,131,1.09831,0.0,0.0,0.0,1.0,0
-61,133,1.48158,0.0,0.0,0.0,1.0,0
-61,135,1.44922,0.0,0.0,0.0,1.0,0
-61,137,1.39414,0.0,0.0,0.0,1.0,0
-61,139,1.45752,0.0,0.0,0.0,1.0,0
-61,141,1.39518,0.0,0.0,0.0,1.0,0
-61,143,1.3877,0.0,0.3530181327056803,0.0,1.0,0
-61,145,1.48247,0.0,0.3530181327056803,0.0,1.0,0
-61,147,1.44519,0.0,0.3530181327056803,0.0,1.0,0
-61,149,1.45696,0.0,0.6100743221400549,0.0,1.0,0
-61,151,1.46373,0.0,0.6100743221400549,0.0,1.0,0
-61,153,1.41295,0.0,0.6100743221400549,0.0,1.0,0
-61,155,1.333,0.0,,,1.0,0
-61,157,1.36918,0.0,,,1.0,0
-61,159,1.47837,0.0,,,1.0,0
-61,161,1.37276,0.0,0.0,0.0,1.0,0
-61,163,1.29204,0.0,0.0,0.0,1.0,0
-61,165,1.37518,0.0,0.0,0.0,1.0,0
-61,167,1.20292,0.0,,,1.0,0
-61,169,1.11802,0.0,,,1.0,0
-61,171,0.91137,0.0,,,1.0,0
-61,173,0.77661,0.0,0.0,0.0,1.0,0
-61,175,0.83058,0.0,0.0,0.0,1.0,0
-61,177,0.70821,0.0,0.0,0.0,1.0,0
-61,179,,,0.0,0.0,1.0,0
-59,-179,0.59853,0.0,,,1.0,0
-59,-177,0.71752,0.0,,,1.0,0
-59,-175,0.77497,0.0,,,1.0,0
-59,-173,0.55415,0.0,,,1.0,0
-59,-171,0.54384,0.0,,,1.0,0
-59,-169,0.53537,0.0,0.0,0.0,1.0,0
-59,-167,0.61154,0.0,0.0,0.0,1.0,0
-59,-165,0.70037,0.0,0.0,0.0,1.0,0
-59,-163,0.62265,0.0,0.1794081515138358,0.0,1.0,0
-59,-161,0.71493,0.0,0.1794081515138358,0.0,1.0,0
-59,-159,1.1434,0.0,0.1794081515138358,0.0,1.0,0
-59,-157,1.24587,0.0,0.7210683017971591,1.0,2.5,0
-59,-155,1.21718,0.0,0.7210683017971591,1.0,2.5,0
-59,-153,1.10252,0.0,0.7210683017971591,1.0,2.5,0
-59,-151,1.27659,0.0,0.0,0.0,1.0,0
-59,-149,1.14599,0.0,0.0,0.0,1.0,0
-59,-147,0.9844,0.0,0.0,0.0,1.0,0
-59,-145,0.82381,0.0,,,1.0,0
-59,-143,0.62212,0.0,,,1.0,0
-59,-141,0.55036,0.0,,,1.0,0
-59,-139,0.40963,0.0,,,1.0,0
-59,-137,0.59413,0.0,,,1.0,0
-59,-135,0.86678,0.0,,,1.0,0
-59,-133,0.83007,0.0,,,1.0,0
-59,-131,0.48489,0.0,,,1.0,0
-59,-129,0.22842,0.0,,,1.0,0
-59,-127,0.27899,0.0,,,1.0,0
-59,-125,0.67158,0.0,,,1.0,0
-59,-123,0.70924,0.0,,,1.0,0
-59,-121,0.68702,0.0,,,1.0,0
-59,-119,0.68856,0.0,,,1.0,0
-59,-117,0.65598,0.0,,,1.0,0
-59,-115,0.70025,0.0,,,1.0,0
-59,-113,0.60809,0.0,,,1.0,0
-59,-111,0.60863,0.0,,,1.0,0
-59,-109,0.52617,0.0,,,1.0,0
-59,-107,0.42156,0.0,,,1.0,0
-59,-105,0.33299,0.0,,,1.0,0
-59,-103,0.29894,0.0,,,1.0,0
-59,-101,0.21195,0.0,,,1.0,0
-59,-99,0.14422,0.0,,,1.0,0
-59,-97,0.19464,0.0,,,1.0,0
-59,-95,0.11991,0.0,,,1.0,0
-59,-93,0.0894,0.0,,,1.0,0
-59,-91,0.08836,0.0,,,1.0,0
-59,-89,0.11884,0.0,,,1.0,0
-59,-87,0.02862,0.0,,,1.0,0
-59,-85,0.02043,0.0,,,1.0,0
-59,-83,0.01877,0.0,,,1.0,0
-59,-81,0.05667,0.0,,,1.0,0
-59,-79,0.12115,0.0,,,1.0,0
-59,-77,0.16902,0.0,,,1.0,0
-59,-75,0.17451,0.0,,,1.0,0
-59,-73,0.26945,0.0,,,1.0,0
-59,-71,0.40477,0.0,,,1.0,0
-59,-69,0.76615,0.0,,,1.0,0
-59,-67,0.78319,0.0,0.3450141205192758,0.0,1.0,0
-59,-65,1.09456,0.0,0.3450141205192758,0.0,1.0,0
-59,-63,1.25997,0.0,0.3450141205192758,0.0,1.0,0
-59,-61,1.17702,0.0,0.902302565723335,1.0,2.5,0
-59,-59,0.98192,0.0,0.902302565723335,1.0,2.5,0
-59,-57,1.1822,0.0,0.902302565723335,1.0,2.5,0
-59,-55,1.6774,1.0,1.4021424062736725,1.0,3.0,1
-59,-53,1.85687,1.0,1.4021424062736725,1.0,3.0,1
-59,-51,1.89008,1.0,1.4021424062736725,1.0,3.0,1
-59,-49,1.73316,1.0,1.5619927540524463,1.0,3.0,1
-59,-47,1.77338,1.0,1.5619927540524463,1.0,3.0,1
-59,-45,1.9815,1.0,1.5619927540524463,1.0,3.0,1
-59,-43,1.97994,1.0,1.5104755651071724,1.0,3.0,1
-59,-41,1.94746,1.0,1.5104755651071724,1.0,3.0,1
-59,-39,1.79965,1.0,1.5104755651071724,1.0,3.0,1
-59,-37,1.93309,1.0,1.8761465472068437,1.0,3.0,1
-59,-35,1.91673,1.0,1.8761465472068437,1.0,3.0,1
-59,-33,1.99428,1.0,1.8761465472068437,1.0,3.0,1
-59,-31,1.92514,1.0,2.4361296723817376,1.0,3.0,1
-59,-29,1.94249,1.0,2.4361296723817376,1.0,3.0,1
-59,-27,1.79385,1.0,2.4361296723817376,1.0,3.0,1
-59,-25,1.85074,1.0,2.001080698979256,1.0,3.0,1
-59,-23,1.97334,1.0,2.001080698979256,1.0,3.0,1
-59,-21,1.95633,1.0,2.001080698979256,1.0,3.0,1
-59,-19,1.9823,1.0,1.2370449850097922,1.0,3.0,1
-59,-17,1.97567,1.0,1.2370449850097922,1.0,3.0,1
-59,-15,1.90391,1.0,1.2370449850097922,1.0,3.0,1
-59,-13,1.88699,1.0,0.0574125012854531,0.0,2.0,0
-59,-11,1.79151,1.0,0.0574125012854531,0.0,2.0,0
-59,-9,1.73705,1.0,0.0574125012854531,0.0,2.0,0
-59,-7,1.82576,1.0,,,3.0,1
-59,-5,1.85548,1.0,,,3.0,1
-59,-3,1.81854,1.0,,,3.0,1
-59,-1,1.69518,1.0,1.235196918360579,1.0,3.0,1
-59,1,1.65468,1.0,1.235196918360579,1.0,3.0,1
-59,3,1.5659,0.0,1.235196918360579,1.0,2.5,0
-59,5,1.41328,0.0,1.1670225168617028,1.0,2.5,0
-59,7,1.40755,0.0,1.1670225168617028,1.0,2.5,0
-59,9,1.37037,0.0,1.1670225168617028,1.0,2.5,0
-59,11,1.41506,0.0,,,1.0,0
-59,13,1.45466,0.0,,,1.0,0
-59,15,1.46305,0.0,,,1.0,0
-59,17,1.48946,0.0,0.0128372247051722,0.0,1.0,0
-59,19,1.42045,0.0,0.0128372247051722,0.0,1.0,0
-59,21,1.43003,0.0,0.0128372247051722,0.0,1.0,0
-59,23,1.38091,0.0,,,1.0,0
-59,25,1.3102,0.0,,,1.0,0
-59,27,1.36319,0.0,,,1.0,0
-59,29,1.34725,0.0,,,1.0,0
-59,31,1.26622,0.0,,,1.0,0
-59,33,1.31395,0.0,,,1.0,0
-59,35,1.28116,0.0,0.0279608597854475,0.0,1.0,0
-59,37,1.34061,0.0,0.0279608597854475,0.0,1.0,0
-59,39,1.39665,0.0,0.0279608597854475,0.0,1.0,0
-59,41,1.27926,0.0,,,1.0,0
-59,43,1.26493,0.0,,,1.0,0
-59,45,1.28787,0.0,,,1.0,0
-59,47,1.25003,0.0,0.3743816980508822,0.0,1.0,0
-59,49,1.10561,0.0,0.3743816980508822,0.0,1.0,0
-59,51,1.03498,0.0,0.3743816980508822,0.0,1.0,0
-59,53,1.12483,0.0,0.0,0.0,1.0,0
-59,55,1.04912,0.0,0.0,0.0,1.0,0
-59,57,1.04066,0.0,0.0,0.0,1.0,0
-59,59,0.9977,0.0,0.1687219106228674,0.0,1.0,0
-59,61,0.99523,0.0,0.1687219106228674,0.0,1.0,0
-59,63,1.0904,0.0,0.1687219106228674,0.0,1.0,0
-59,65,1.11973,0.0,0.4163460139654454,0.0,1.0,0
-59,67,0.92613,0.0,0.4163460139654454,0.0,1.0,0
-59,69,0.91875,0.0,0.4163460139654454,0.0,1.0,0
-59,71,1.03836,0.0,1.9860559019332675,1.0,2.5,0
-59,73,1.12865,0.0,1.9860559019332675,1.0,2.5,0
-59,75,1.08865,0.0,1.9860559019332675,1.0,2.5,0
-59,77,1.18052,0.0,0.0,0.0,1.0,0
-59,79,1.06603,0.0,0.0,0.0,1.0,0
-59,81,1.11997,0.0,0.0,0.0,1.0,0
-59,83,1.20066,0.0,0.5047765960388322,0.0,1.0,0
-59,85,1.09255,0.0,0.5047765960388322,0.0,1.0,0
-59,87,0.85933,0.0,0.5047765960388322,0.0,1.0,0
-59,89,0.72072,0.0,0.2938926670530088,0.0,1.0,0
-59,91,0.90445,0.0,0.2938926670530088,0.0,1.0,0
-59,93,0.84894,0.0,0.2938926670530088,0.0,1.0,0
-59,95,0.91243,0.0,0.0561422620590523,0.0,1.0,0
-59,97,0.89064,0.0,0.0561422620590523,0.0,1.0,0
-59,99,0.79074,0.0,0.0561422620590523,0.0,1.0,0
-59,101,0.68721,0.0,0.0,0.0,1.0,0
-59,103,0.76364,0.0,0.0,0.0,1.0,0
-59,105,0.76967,0.0,0.0,0.0,1.0,0
-59,107,1.02975,0.0,,,1.0,0
-59,109,0.89084,0.0,,,1.0,0
-59,111,0.99956,0.0,,,1.0,0
-59,113,0.96218,0.0,0.0,0.0,1.0,0
-59,115,1.0187,0.0,0.0,0.0,1.0,0
-59,117,1.05597,0.0,0.0,0.0,1.0,0
-59,119,0.92703,0.0,,,1.0,0
-59,121,1.20162,0.0,,,1.0,0
-59,123,1.08984,0.0,,,1.0,0
-59,125,1.02853,0.0,0.0,0.0,1.0,0
-59,127,0.94545,0.0,0.0,0.0,1.0,0
-59,129,0.88816,0.0,0.0,0.0,1.0,0
-59,131,0.9167,0.0,,,1.0,0
-59,133,1.07002,0.0,,,1.0,0
-59,135,1.01962,0.0,,,1.0,0
-59,137,1.05212,0.0,,,1.0,0
-59,139,1.15579,0.0,,,1.0,0
-59,141,1.06526,0.0,,,1.0,0
-59,143,1.09761,0.0,,,1.0,0
-59,145,1.02169,0.0,,,1.0,0
-59,147,1.07658,0.0,,,1.0,0
-59,149,1.42384,0.0,2.284412684867628,1.0,2.5,0
-59,151,1.4258,0.0,2.284412684867628,1.0,2.5,0
-59,153,1.42956,0.0,2.284412684867628,1.0,2.5,0
-59,155,1.05423,0.0,0.0,0.0,1.0,0
-59,157,1.13031,0.0,0.0,0.0,1.0,0
-59,159,1.05394,0.0,0.0,0.0,1.0,0
-59,161,1.1309,0.0,0.0,0.0,1.0,0
-59,163,0.98015,0.0,0.0,0.0,1.0,0
-59,165,0.87036,0.0,0.0,0.0,1.0,0
-59,167,0.6115,0.0,,,1.0,0
-59,169,0.19285,0.0,,,1.0,0
-59,171,0.04049,0.0,,,1.0,0
-59,173,0.04551,0.0,,,1.0,0
-59,175,0.19801,0.0,,,1.0,0
-59,177,0.15199,0.0,,,1.0,0
-57,-177,5e-05,0.0,,,1.0,0
-57,-175,0.00077,0.0,,,1.0,0
-57,-173,1e-05,0.0,,,1.0,0
-57,-169,0.00238,0.0,,,1.0,0
-57,-167,0.03562,0.0,,,1.0,0
-57,-165,0.02652,0.0,,,1.0,0
-57,-163,0.08219,0.0,,,1.0,0
-57,-161,0.58604,0.0,,,1.0,0
-57,-159,0.91993,0.0,,,1.0,0
-57,-157,1.0073,0.0,0.0,0.0,1.0,0
-57,-155,1.18013,0.0,0.0,0.0,1.0,0
-57,-153,1.14914,0.0,0.0,0.0,1.0,0
-57,-151,1.16365,0.0,0.6727441983065992,0.0,1.0,0
-57,-149,1.0828,0.0,0.6727441983065992,0.0,1.0,0
-57,-147,1.11134,0.0,0.6727441983065992,0.0,1.0,0
-57,-145,1.07547,0.0,,,1.0,0
-57,-143,0.39563,0.0,,,1.0,0
-57,-141,0.21772,0.0,,,1.0,0
-57,-139,0.27092,0.0,,,1.0,0
-57,-137,0.20128,0.0,,,1.0,0
-57,-135,0.38362,0.0,,,1.0,0
-57,-133,0.31611,0.0,,,1.0,0
-57,-131,0.14918,0.0,,,1.0,0
-57,-129,0.00459,0.0,,,1.0,0
-57,-127,0.0002,0.0,,,1.0,0
-57,-125,0.00049,0.0,,,1.0,0
-57,-123,0.00975,0.0,,,1.0,0
-57,-121,0.03842,0.0,,,1.0,0
-57,-119,0.06072,0.0,,,1.0,0
-57,-117,0.18737,0.0,,,1.0,0
-57,-115,0.01539,0.0,,,1.0,0
-57,-113,0.01892,0.0,,,1.0,0
-57,-111,0.12112,0.0,,,1.0,0
-57,-109,0.09791,0.0,,,1.0,0
-57,-107,0.1128,0.0,,,1.0,0
-57,-105,0.01667,0.0,,,1.0,0
-57,-103,6e-05,0.0,,,1.0,0
-57,-101,0.00277,0.0,,,1.0,0
-57,-99,0.03272,0.0,,,1.0,0
-57,-97,0.05155,0.0,,,1.0,0
-57,-95,0.02212,0.0,,,1.0,0
-57,-93,0.01959,0.0,,,1.0,0
-57,-91,0.0223,0.0,,,1.0,0
-57,-89,0.01485,0.0,,,1.0,0
-57,-87,0.00166,0.0,,,1.0,0
-57,-85,0.00472,0.0,,,1.0,0
-57,-83,0.00086,0.0,,,1.0,0
-57,-81,0.00481,0.0,,,1.0,0
-57,-79,0.00355,0.0,,,1.0,0
-57,-77,0.0013,0.0,,,1.0,0
-57,-75,2e-05,0.0,,,1.0,0
-57,-73,0.0073,0.0,,,1.0,0
-57,-71,0.10921,0.0,,,1.0,0
-57,-69,0.20445,0.0,,,1.0,0
-57,-67,0.12419,0.0,,,1.0,0
-57,-65,0.59325,0.0,,,1.0,0
-57,-63,0.77395,0.0,,,1.0,0
-57,-61,0.54246,0.0,0.0,0.0,1.0,0
-57,-59,0.50609,0.0,0.0,0.0,1.0,0
-57,-57,0.75482,0.0,0.0,0.0,1.0,0
-57,-55,1.25837,0.0,0.4323561136598928,0.0,1.0,0
-57,-53,1.69641,1.0,0.4323561136598928,0.0,2.0,0
-57,-51,1.78993,1.0,0.4323561136598928,0.0,2.0,0
-57,-49,1.79052,1.0,1.567615120821002,1.0,3.0,1
-57,-47,1.77174,1.0,1.567615120821002,1.0,3.0,1
-57,-45,1.70428,1.0,1.567615120821002,1.0,3.0,1
-57,-43,1.75213,1.0,2.326147304944778,1.0,3.0,1
-57,-41,1.85707,1.0,2.326147304944778,1.0,3.0,1
-57,-39,1.80102,1.0,2.326147304944778,1.0,3.0,1
-57,-37,1.97014,1.0,2.3605546745522545,1.0,3.0,1
-57,-35,1.87592,1.0,2.3605546745522545,1.0,3.0,1
-57,-33,1.72053,1.0,2.3605546745522545,1.0,3.0,1
-57,-31,1.9709,1.0,0.6367203453524874,0.0,2.0,0
-57,-29,2.1488,1.0,0.6367203453524874,0.0,2.0,0
-57,-27,1.85627,1.0,0.6367203453524874,0.0,2.0,0
-57,-25,1.87934,1.0,0.7515912799498635,1.0,3.0,1
-57,-23,2.04922,1.0,0.7515912799498635,1.0,3.0,1
-57,-21,2.205,1.0,0.7515912799498635,1.0,3.0,1
-57,-19,2.24316,1.0,2.4136676685868856,1.0,3.0,1
-57,-17,2.09949,1.0,2.4136676685868856,1.0,3.0,1
-57,-15,2.20387,1.0,2.4136676685868856,1.0,3.0,1
-57,-13,2.11899,1.0,,,3.0,1
-57,-11,2.15401,1.0,,,3.0,1
-57,-9,2.03183,1.0,,,3.0,1
-57,-7,2.11326,1.0,1.3246733501892451,1.0,3.0,1
-57,-5,2.04302,1.0,1.3246733501892451,1.0,3.0,1
-57,-3,1.88048,1.0,1.3246733501892451,1.0,3.0,1
-57,-1,1.90415,1.0,1.950852153648,1.0,3.0,1
-57,1,1.96971,1.0,1.950852153648,1.0,3.0,1
-57,3,1.92605,1.0,1.950852153648,1.0,3.0,1
-57,5,1.68521,1.0,0.0,0.0,2.0,0
-57,7,1.70469,1.0,0.0,0.0,2.0,0
-57,9,1.58374,0.0,0.0,0.0,1.0,0
-57,11,1.74183,1.0,1.1691746197537431,1.0,3.0,1
-57,13,1.6262,1.0,1.1691746197537431,1.0,3.0,1
-57,15,1.60256,1.0,1.1691746197537431,1.0,3.0,1
-57,17,1.60182,1.0,2.015746647284756,1.0,3.0,1
-57,19,1.54672,0.0,2.015746647284756,1.0,2.5,0
-57,21,1.49969,0.0,2.015746647284756,1.0,2.5,0
-57,23,1.46702,0.0,,,1.0,0
-57,25,1.50986,0.0,,,1.0,0
-57,27,1.5685,0.0,,,1.0,0
-57,29,1.62818,1.0,,,3.0,1
-57,31,1.51491,0.0,,,1.0,0
-57,33,1.542,0.0,,,1.0,0
-57,35,1.54281,0.0,,,1.0,0
-57,37,1.50589,0.0,,,1.0,0
-57,39,1.4374,0.0,,,1.0,0
-57,41,1.48358,0.0,0.3399149713303664,0.0,1.0,0
-57,43,1.44771,0.0,0.3399149713303664,0.0,1.0,0
-57,45,1.37581,0.0,0.3399149713303664,0.0,1.0,0
-57,47,1.24961,0.0,0.0,0.0,1.0,0
-57,49,1.20891,0.0,0.0,0.0,1.0,0
-57,51,1.18368,0.0,0.0,0.0,1.0,0
-57,53,1.18007,0.0,0.5780658838360916,0.0,1.0,0
-57,55,1.15398,0.0,0.5780658838360916,0.0,1.0,0
-57,57,1.14836,0.0,0.5780658838360916,0.0,1.0,0
-57,59,1.07229,0.0,0.4463429648247773,0.0,1.0,0
-57,61,0.90132,0.0,0.4463429648247773,0.0,1.0,0
-57,63,0.96296,0.0,0.4463429648247773,0.0,1.0,0
-57,65,1.11049,0.0,0.0,0.0,1.0,0
-57,67,1.06357,0.0,0.0,0.0,1.0,0
-57,69,1.03323,0.0,0.0,0.0,1.0,0
-57,71,1.13674,0.0,0.0072497746087438,0.0,1.0,0
-57,73,1.0675,0.0,0.0072497746087438,0.0,1.0,0
-57,75,0.99996,0.0,0.0072497746087438,0.0,1.0,0
-57,77,1.02574,0.0,0.9689963266483124,1.0,2.5,0
-57,79,1.11192,0.0,0.9689963266483124,1.0,2.5,0
-57,81,0.97561,0.0,0.9689963266483124,1.0,2.5,0
-57,83,0.81882,0.0,0.0291807889075468,0.0,1.0,0
-57,85,0.54948,0.0,0.0291807889075468,0.0,1.0,0
-57,87,0.60525,0.0,0.0291807889075468,0.0,1.0,0
-57,89,0.6623,0.0,0.0652995548551246,0.0,1.0,0
-57,91,0.71807,0.0,0.0652995548551246,0.0,1.0,0
-57,93,0.74642,0.0,0.0652995548551246,0.0,1.0,0
-57,95,0.68163,0.0,0.0378247505883418,0.0,1.0,0
-57,97,0.71608,0.0,0.0378247505883418,0.0,1.0,0
-57,99,0.72272,0.0,0.0378247505883418,0.0,1.0,0
-57,101,0.69718,0.0,,,1.0,0
-57,103,0.66925,0.0,,,1.0,0
-57,105,0.70088,0.0,,,1.0,0
-57,107,0.58085,0.0,,,1.0,0
-57,109,0.61137,0.0,,,1.0,0
-57,111,0.76079,0.0,,,1.0,0
-57,113,0.69441,0.0,0.0,0.0,1.0,0
-57,115,0.66572,0.0,0.0,0.0,1.0,0
-57,117,0.68151,0.0,0.0,0.0,1.0,0
-57,119,0.62195,0.0,,,1.0,0
-57,121,0.70612,0.0,,,1.0,0
-57,123,0.65183,0.0,,,1.0,0
-57,125,0.72395,0.0,,,1.0,0
-57,127,0.76755,0.0,,,1.0,0
-57,129,0.82163,0.0,,,1.0,0
-57,131,0.86295,0.0,,,1.0,0
-57,133,0.71979,0.0,,,1.0,0
-57,135,0.7674,0.0,,,1.0,0
-57,137,0.77654,0.0,,,1.0,0
-57,139,0.9121,0.0,,,1.0,0
-57,141,0.72785,0.0,,,1.0,0
-57,143,0.79681,0.0,0.0,0.0,1.0,0
-57,145,1.1162,0.0,0.0,0.0,1.0,0
-57,147,1.17785,0.0,0.0,0.0,1.0,0
-57,149,1.25562,0.0,0.0,0.0,1.0,0
-57,151,1.0172,0.0,0.0,0.0,1.0,0
-57,153,0.81958,0.0,0.0,0.0,1.0,0
-57,155,0.34651,0.0,,,1.0,0
-57,157,0.73535,0.0,,,1.0,0
-57,159,0.66275,0.0,,,1.0,0
-57,161,0.66454,0.0,,,1.0,0
-57,163,0.40656,0.0,,,1.0,0
-57,165,0.0426,0.0,,,1.0,0
-57,175,0.00016,0.0,,,1.0,0
-57,177,0.00235,0.0,,,1.0,0
-55,-163,0.01019,0.0,,,1.0,0
-55,-161,0.14852,0.0,,,1.0,0
-55,-159,0.28344,0.0,,,1.0,0
-55,-157,0.54204,0.0,,,1.0,0
-55,-155,0.78946,0.0,,,1.0,0
-55,-153,0.96585,0.0,,,1.0,0
-55,-151,0.75925,0.0,,,1.0,0
-55,-149,0.71767,0.0,,,1.0,0
-55,-147,0.74732,0.0,,,1.0,0
-55,-145,0.44932,0.0,,,1.0,0
-55,-143,0.06639,0.0,,,1.0,0
-55,-141,0.00335,0.0,,,1.0,0
-55,-139,0.00605,0.0,,,1.0,0
-55,-137,0.01841,0.0,,,1.0,0
-55,-135,0.12279,0.0,,,1.0,0
-55,-133,0.01603,0.0,,,1.0,0
-55,-67,0.00755,0.0,,,1.0,0
-55,-65,0.12562,0.0,,,1.0,0
-55,-63,0.32674,0.0,,,1.0,0
-55,-61,0.18355,0.0,,,1.0,0
-55,-59,0.17477,0.0,,,1.0,0
-55,-57,0.10945,0.0,,,1.0,0
-55,-55,0.18161,0.0,,,1.0,0
-55,-53,0.91407,0.0,,,1.0,0
-55,-51,1.01887,0.0,,,1.0,0
-55,-49,1.17312,0.0,0.3811752698142228,0.0,1.0,0
-55,-47,1.43122,0.0,0.3811752698142228,0.0,1.0,0
-55,-45,1.46827,0.0,0.3811752698142228,0.0,1.0,0
-55,-43,1.63321,1.0,1.4292233024349643,1.0,3.0,1
-55,-41,1.79935,1.0,1.4292233024349643,1.0,3.0,1
-55,-39,1.95968,1.0,1.4292233024349643,1.0,3.0,1
-55,-37,2.08327,1.0,1.574967877173283,1.0,3.0,1
-55,-35,2.13734,1.0,1.574967877173283,1.0,3.0,1
-55,-33,1.6511,1.0,1.574967877173283,1.0,3.0,1
-55,-31,1.61684,1.0,1.896602818516674,1.0,3.0,1
-55,-29,2.03604,1.0,1.896602818516674,1.0,3.0,1
-55,-27,2.02822,1.0,1.896602818516674,1.0,3.0,1
-55,-25,2.11314,1.0,2.6828997598940743,1.0,3.0,1
-55,-23,1.90094,1.0,2.6828997598940743,1.0,3.0,1
-55,-21,2.09662,1.0,2.6828997598940743,1.0,3.0,1
-55,-19,1.98201,1.0,0.600210306409328,0.0,2.0,0
-55,-17,2.16817,1.0,0.600210306409328,0.0,2.0,0
-55,-15,2.1315,1.0,0.600210306409328,0.0,2.0,0
-55,-13,2.03187,1.0,0.0,0.0,2.0,0
-55,-11,2.11248,1.0,0.0,0.0,2.0,0
-55,-9,2.28033,1.0,0.0,0.0,2.0,0
-55,-7,2.18509,1.0,,,3.0,1
-55,-5,2.18292,1.0,,,3.0,1
-55,-3,2.10618,1.0,,,3.0,1
-55,-1,2.04916,1.0,1.390577952174474,1.0,3.0,1
-55,1,1.92231,1.0,1.390577952174474,1.0,3.0,1
-55,3,1.98427,1.0,1.390577952174474,1.0,3.0,1
-55,5,1.98309,1.0,1.043101819758972,1.0,3.0,1
-55,7,1.79353,1.0,1.043101819758972,1.0,3.0,1
-55,9,1.73759,1.0,1.043101819758972,1.0,3.0,1
-55,11,1.78292,1.0,,,3.0,1
-55,13,1.83886,1.0,,,3.0,1
-55,15,1.78633,1.0,,,3.0,1
-55,17,1.77787,1.0,0.0223252500923027,0.0,2.0,0
-55,19,1.87703,1.0,0.0223252500923027,0.0,2.0,0
-55,21,1.71317,1.0,0.0223252500923027,0.0,2.0,0
-55,23,1.54304,0.0,,,1.0,0
-55,25,1.55673,0.0,,,1.0,0
-55,27,1.74528,1.0,,,3.0,1
-55,29,1.79385,1.0,0.3508292735829678,0.0,2.0,0
-55,31,1.52246,0.0,0.3508292735829678,0.0,1.0,0
-55,33,1.58179,0.0,0.3508292735829678,0.0,1.0,0
-55,35,1.71828,1.0,0.1847860380463583,0.0,2.0,0
-55,37,1.47292,0.0,0.1847860380463583,0.0,1.0,0
-55,39,1.41071,0.0,0.1847860380463583,0.0,1.0,0
-55,41,1.51886,0.0,0.0,0.0,1.0,0
-55,43,1.40136,0.0,0.0,0.0,1.0,0
-55,45,1.47018,0.0,0.0,0.0,1.0,0
-55,47,1.30787,0.0,0.0306671747084805,0.0,1.0,0
-55,49,1.3152,0.0,0.0306671747084805,0.0,1.0,0
-55,51,1.28482,0.0,0.0306671747084805,0.0,1.0,0
-55,53,1.2273,0.0,0.2664668954402414,0.0,1.0,0
-55,55,1.35414,0.0,0.2664668954402414,0.0,1.0,0
-55,57,1.36921,0.0,0.2664668954402414,0.0,1.0,0
-55,59,1.337,0.0,,,1.0,0
-55,61,1.22956,0.0,,,1.0,0
-55,63,1.10314,0.0,,,1.0,0
-55,65,1.2053,0.0,,,1.0,0
-55,67,1.11857,0.0,,,1.0,0
-55,69,1.08695,0.0,,,1.0,0
-55,71,0.90578,0.0,,,1.0,0
-55,73,0.96673,0.0,,,1.0,0
-55,75,0.87438,0.0,,,1.0,0
-55,77,0.89284,0.0,0.0713295868603426,0.0,1.0,0
-55,79,0.95686,0.0,0.0713295868603426,0.0,1.0,0
-55,81,0.87831,0.0,0.0713295868603426,0.0,1.0,0
-55,83,0.58932,0.0,0.0,0.0,1.0,0
-55,85,0.33916,0.0,0.0,0.0,1.0,0
-55,87,0.37701,0.0,0.0,0.0,1.0,0
-55,89,0.30598,0.0,0.0,0.0,1.0,0
-55,91,0.41754,0.0,0.0,0.0,1.0,0
-55,93,0.58351,0.0,0.0,0.0,1.0,0
-55,95,0.484,0.0,0.0244856676991669,0.0,1.0,0
-55,97,0.66013,0.0,0.0244856676991669,0.0,1.0,0
-55,99,0.58712,0.0,0.0244856676991669,0.0,1.0,0
-55,101,0.66553,0.0,,,1.0,0
-55,103,0.68791,0.0,,,1.0,0
-55,105,0.55713,0.0,,,1.0,0
-55,107,0.49946,0.0,,,1.0,0
-55,109,0.47901,0.0,,,1.0,0
-55,111,0.504,0.0,,,1.0,0
-55,113,0.58548,0.0,0.0,0.0,1.0,0
-55,115,0.52136,0.0,0.0,0.0,1.0,0
-55,117,0.40519,0.0,0.0,0.0,1.0,0
-55,119,0.33899,0.0,,,1.0,0
-55,121,0.44341,0.0,,,1.0,0
-55,123,0.40051,0.0,,,1.0,0
-55,125,0.2197,0.0,,,1.0,0
-55,127,0.3126,0.0,,,1.0,0
-55,129,0.3241,0.0,,,1.0,0
-55,131,0.46047,0.0,,,1.0,0
-55,133,0.4848,0.0,,,1.0,0
-55,135,0.35844,0.0,,,1.0,0
-55,137,0.40455,0.0,,,1.0,0
-55,139,0.43865,0.0,,,1.0,0
-55,141,0.4716,0.0,,,1.0,0
-55,143,0.71836,0.0,,,1.0,0
-55,145,0.98296,0.0,,,1.0,0
-55,147,0.93766,0.0,,,1.0,0
-55,149,0.3005,0.0,0.0,0.0,1.0,0
-55,151,0.33278,0.0,0.0,0.0,1.0,0
-55,153,0.30425,0.0,0.0,0.0,1.0,0
-55,155,4e-05,0.0,,,1.0,0
-55,157,0.00969,0.0,,,1.0,0
-55,159,0.12011,0.0,,,1.0,0
-55,161,0.00052,0.0,,,1.0,0
-53,-161,1e-05,0.0,,,1.0,0
-53,-159,0.00051,0.0,,,1.0,0
-53,-157,0.00682,0.0,,,1.0,0
-53,-155,0.01883,0.0,,,1.0,0
-53,-153,0.05004,0.0,,,1.0,0
-53,-151,0.01067,0.0,,,1.0,0
-53,-139,8e-05,0.0,,,1.0,0
-53,-137,0.00119,0.0,,,1.0,0
-53,-135,0.00011,0.0,,,1.0,0
-53,-53,0.0004,0.0,,,1.0,0
-53,-51,0.06413,0.0,,,1.0,0
-53,-49,0.60466,0.0,0.4293484729236617,0.0,1.0,0
-53,-47,1.15757,0.0,0.4293484729236617,0.0,1.0,0
-53,-45,1.13786,0.0,0.4293484729236617,0.0,1.0,0
-53,-43,1.34666,0.0,1.391727678202752,1.0,2.5,0
-53,-41,1.5271,0.0,1.391727678202752,1.0,2.5,0
-53,-39,1.63412,1.0,1.391727678202752,1.0,3.0,1
-53,-37,1.90404,1.0,2.138836105694312,1.0,3.0,1
-53,-35,1.79999,1.0,2.138836105694312,1.0,3.0,1
-53,-33,1.75536,1.0,2.138836105694312,1.0,3.0,1
-53,-31,1.78006,1.0,2.468169608944906,1.0,3.0,1
-53,-29,1.75167,1.0,2.468169608944906,1.0,3.0,1
-53,-27,1.82809,1.0,2.468169608944906,1.0,3.0,1
-53,-25,1.73443,1.0,1.111224095818189,1.0,3.0,1
-53,-23,1.7298,1.0,1.111224095818189,1.0,3.0,1
-53,-21,1.91516,1.0,1.111224095818189,1.0,3.0,1
-53,-19,1.90945,1.0,,,3.0,1
-53,-17,1.87308,1.0,,,3.0,1
-53,-15,1.75335,1.0,,,3.0,1
-53,-13,1.82103,1.0,,,3.0,1
-53,-11,1.89526,1.0,,,3.0,1
-53,-9,1.98268,1.0,,,3.0,1
-53,-7,1.90467,1.0,,,3.0,1
-53,-5,2.03765,1.0,,,3.0,1
-53,-3,2.05355,1.0,,,3.0,1
-53,-1,2.03501,1.0,1.5745598201323856,1.0,3.0,1
-53,1,1.91071,1.0,1.5745598201323856,1.0,3.0,1
-53,3,1.74018,1.0,1.5745598201323856,1.0,3.0,1
-53,5,1.85682,1.0,0.6564974798582798,0.0,2.0,0
-53,7,1.77422,1.0,0.6564974798582798,0.0,2.0,0
-53,9,1.77699,1.0,0.6564974798582798,0.0,2.0,0
-53,11,1.70617,1.0,0.0,0.0,2.0,0
-53,13,1.70374,1.0,0.0,0.0,2.0,0
-53,15,1.79495,1.0,0.0,0.0,2.0,0
-53,17,1.76118,1.0,0.871841367976761,1.0,3.0,1
-53,19,1.65496,1.0,0.871841367976761,1.0,3.0,1
-53,21,1.64289,1.0,0.871841367976761,1.0,3.0,1
-53,23,1.66619,1.0,,,3.0,1
-53,25,1.71852,1.0,,,3.0,1
-53,27,1.67076,1.0,,,3.0,1
-53,29,1.62877,1.0,0.1159431769390551,0.0,2.0,0
-53,31,1.65723,1.0,0.1159431769390551,0.0,2.0,0
-53,33,1.53791,0.0,0.1159431769390551,0.0,1.0,0
-53,35,1.69026,1.0,0.0,0.0,2.0,0
-53,37,1.41337,0.0,0.0,0.0,1.0,0
-53,39,1.39103,0.0,0.0,0.0,1.0,0
-53,41,1.52035,0.0,0.0,0.0,1.0,0
-53,43,1.46758,0.0,0.0,0.0,1.0,0
-53,45,1.54153,0.0,0.0,0.0,1.0,0
-53,47,1.42973,0.0,0.0068224595707571,0.0,1.0,0
-53,49,1.44262,0.0,0.0068224595707571,0.0,1.0,0
-53,51,1.38733,0.0,0.0068224595707571,0.0,1.0,0
-53,53,1.24943,0.0,,,1.0,0
-53,55,1.34519,0.0,,,1.0,0
-53,57,1.18444,0.0,,,1.0,0
-53,59,1.20339,0.0,,,1.0,0
-53,61,1.15233,0.0,,,1.0,0
-53,63,1.22868,0.0,,,1.0,0
-53,65,1.1174,0.0,,,1.0,0
-53,67,0.97072,0.0,,,1.0,0
-53,69,0.95585,0.0,,,1.0,0
-53,71,0.85761,0.0,,,1.0,0
-53,73,0.79932,0.0,,,1.0,0
-53,75,0.8795,0.0,,,1.0,0
-53,77,0.94442,0.0,0.0,0.0,1.0,0
-53,79,0.72423,0.0,0.0,0.0,1.0,0
-53,81,0.54781,0.0,0.0,0.0,1.0,0
-53,83,0.50026,0.0,0.0,0.0,1.0,0
-53,85,0.09879,0.0,0.0,0.0,1.0,0
-53,87,0.09944,0.0,0.0,0.0,1.0,0
-53,89,0.03342,0.0,,,1.0,0
-53,91,0.09924,0.0,,,1.0,0
-53,93,0.17226,0.0,,,1.0,0
-53,95,0.28539,0.0,0.0,0.0,1.0,0
-53,97,0.3015,0.0,0.0,0.0,1.0,0
-53,99,0.26745,0.0,0.0,0.0,1.0,0
-53,101,0.42946,0.0,,,1.0,0
-53,103,0.47888,0.0,,,1.0,0
-53,105,0.41927,0.0,,,1.0,0
-53,107,0.38257,0.0,,,1.0,0
-53,109,0.35271,0.0,,,1.0,0
-53,111,0.37528,0.0,,,1.0,0
-53,113,0.40706,0.0,0.0,0.0,1.0,0
-53,115,0.31062,0.0,0.0,0.0,1.0,0
-53,117,0.21941,0.0,0.0,0.0,1.0,0
-53,119,0.38752,0.0,,,1.0,0
-53,121,0.24361,0.0,,,1.0,0
-53,123,0.14917,0.0,,,1.0,0
-53,125,0.04265,0.0,,,1.0,0
-53,127,0.07272,0.0,,,1.0,0
-53,129,0.10234,0.0,,,1.0,0
-53,131,0.18682,0.0,,,1.0,0
-53,133,0.11929,0.0,,,1.0,0
-53,135,0.03923,0.0,,,1.0,0
-53,137,0.08692,0.0,,,1.0,0
-53,139,0.22737,0.0,,,1.0,0
-53,141,0.3483,0.0,,,1.0,0
-53,143,0.47783,0.0,,,1.0,0
-53,145,0.63786,0.0,,,1.0,0
-53,147,0.2795,0.0,,,1.0,0
-53,149,2e-05,0.0,,,1.0,0
-53,151,2e-05,0.0,,,1.0,0
-53,153,4e-05,0.0,,,1.0,0
-51,-51,0.00668,0.0,,,1.0,0
-51,-49,0.10704,0.0,0.014280464411344,0.0,1.0,0
-51,-47,0.2431,0.0,0.014280464411344,0.0,1.0,0
-51,-45,0.23495,0.0,0.014280464411344,0.0,1.0,0
-51,-43,0.37624,0.0,0.1104917611049789,0.0,1.0,0
-51,-41,0.86825,0.0,0.1104917611049789,0.0,1.0,0
-51,-39,1.06943,0.0,0.1104917611049789,0.0,1.0,0
-51,-37,1.46142,0.0,1.7128678172765122,1.0,2.5,0
-51,-35,1.47986,0.0,1.7128678172765122,1.0,2.5,0
-51,-33,1.75267,1.0,1.7128678172765122,1.0,3.0,1
-51,-31,1.60784,1.0,0.1473671077937864,0.0,2.0,0
-51,-29,1.41927,0.0,0.1473671077937864,0.0,1.0,0
-51,-27,0.83063,0.0,0.1473671077937864,0.0,1.0,0
-51,-25,1.0688,0.0,0.0244856676991669,0.0,1.0,0
-51,-23,1.26232,0.0,0.0244856676991669,0.0,1.0,0
-51,-21,1.04749,0.0,0.0244856676991669,0.0,1.0,0
-51,-19,1.21129,0.0,,,1.0,0
-51,-17,0.96845,0.0,,,1.0,0
-51,-15,1.00432,0.0,,,1.0,0
-51,-13,1.13855,0.0,,,1.0,0
-51,-11,1.5285,0.0,,,1.0,0
-51,-9,1.72415,1.0,,,3.0,1
-51,-7,1.90113,1.0,0.0,0.0,2.0,0
-51,-5,1.93195,1.0,0.0,0.0,2.0,0
-51,-3,1.80561,1.0,0.0,0.0,2.0,0
-51,-1,1.88892,1.0,0.1948264222453818,0.0,2.0,0
-51,1,1.69537,1.0,0.1948264222453818,0.0,2.0,0
-51,3,1.75582,1.0,0.1948264222453818,0.0,2.0,0
-51,5,1.70473,1.0,0.0407780966854331,0.0,2.0,0
-51,7,1.51858,0.0,0.0407780966854331,0.0,1.0,0
-51,9,1.78189,1.0,0.0407780966854331,0.0,2.0,0
-51,11,1.80231,1.0,0.0003472966853635,0.0,2.0,0
-51,13,1.85236,1.0,0.0003472966853635,0.0,2.0,0
-51,15,1.84375,1.0,0.0003472966853635,0.0,2.0,0
-51,17,1.68231,1.0,0.0,0.0,2.0,0
-51,19,1.69971,1.0,0.0,0.0,2.0,0
-51,21,1.69695,1.0,0.0,0.0,2.0,0
-51,23,1.6079,1.0,,,3.0,1
-51,25,1.60824,1.0,,,3.0,1
-51,27,1.67145,1.0,,,3.0,1
-51,29,1.57414,0.0,0.0,0.0,1.0,0
-51,31,1.45318,0.0,0.0,0.0,1.0,0
-51,33,1.57497,0.0,0.0,0.0,1.0,0
-51,35,1.46001,0.0,,,1.0,0
-51,37,1.25559,0.0,,,1.0,0
-51,39,1.19189,0.0,,,1.0,0
-51,41,1.4819,0.0,0.0,0.0,1.0,0
-51,43,1.28888,0.0,0.0,0.0,1.0,0
-51,45,1.14669,0.0,0.0,0.0,1.0,0
-51,47,1.26286,0.0,0.0,0.0,1.0,0
-51,49,1.2345,0.0,0.0,0.0,1.0,0
-51,51,1.27943,0.0,0.0,0.0,1.0,0
-51,53,1.26132,0.0,,,1.0,0
-51,55,1.18287,0.0,,,1.0,0
-51,57,1.10592,0.0,,,1.0,0
-51,59,1.09752,0.0,,,1.0,0
-51,61,1.02059,0.0,,,1.0,0
-51,63,0.94974,0.0,,,1.0,0
-51,65,0.93823,0.0,0.0,0.0,1.0,0
-51,67,0.85722,0.0,0.0,0.0,1.0,0
-51,69,0.82141,0.0,0.0,0.0,1.0,0
-51,71,0.81844,0.0,0.0,0.0,1.0,0
-51,73,0.80874,0.0,0.0,0.0,1.0,0
-51,75,0.82188,0.0,0.0,0.0,1.0,0
-51,77,0.53497,0.0,0.0,0.0,1.0,0
-51,79,0.22545,0.0,0.0,0.0,1.0,0
-51,81,0.00391,0.0,0.0,0.0,1.0,0
-51,83,0.01805,0.0,0.0,0.0,1.0,0
-51,85,0.02506,0.0,0.0,0.0,1.0,0
-51,87,,,0.0,0.0,1.0,0
-51,91,0.00019,0.0,,,1.0,0
-51,93,0.00633,0.0,,,1.0,0
-51,95,0.05128,0.0,,,1.0,0
-51,97,0.02239,0.0,,,1.0,0
-51,99,0.00232,0.0,,,1.0,0
-51,101,0.04853,0.0,,,1.0,0
-51,103,0.21129,0.0,,,1.0,0
-51,105,0.21491,0.0,,,1.0,0
-51,107,0.1638,0.0,,,1.0,0
-51,109,0.16501,0.0,,,1.0,0
-51,111,0.22714,0.0,,,1.0,0
-51,113,0.13073,0.0,,,1.0,0
-51,115,0.07776,0.0,,,1.0,0
-51,117,0.01353,0.0,,,1.0,0
-51,119,0.00087,0.0,,,1.0,0
-51,121,0.01048,0.0,,,1.0,0
-51,123,0.01547,0.0,,,1.0,0
-51,125,1e-05,0.0,,,1.0,0
-51,127,0.0001,0.0,,,1.0,0
-51,139,1e-05,0.0,,,1.0,0
-51,141,0.00339,0.0,,,1.0,0
-51,143,0.05323,0.0,,,1.0,0
-51,145,0.08936,0.0,,,1.0,0
-51,147,0.00538,0.0,,,1.0,0
-49,-49,,,0.0,0.0,1.0,0
-49,-47,,,0.0,0.0,1.0,0
-49,-45,,,0.0,0.0,1.0,0
-49,-43,0.00133,0.0,0.2376634015723652,0.0,1.0,0
-49,-41,0.01954,0.0,0.2376634015723652,0.0,1.0,0
-49,-39,0.00045,0.0,0.2376634015723652,0.0,1.0,0
-49,-37,0.00148,0.0,,,1.0,0
-49,-35,0.0014,0.0,,,1.0,0
-49,-33,0.07046,0.0,,,1.0,0
-49,-31,0.5494,0.0,,,1.0,0
-49,-29,0.0358,0.0,,,1.0,0
-49,-27,0.03075,0.0,,,1.0,0
-49,-21,0.01137,0.0,,,1.0,0
-49,-19,0.14623,0.0,,,1.0,0
-49,-17,0.01589,0.0,,,1.0,0
-49,-15,9e-05,0.0,,,1.0,0
-49,-13,0.0239,0.0,,,1.0,0
-49,-11,0.36344,0.0,,,1.0,0
-49,-9,1.01174,0.0,,,1.0,0
-49,-7,1.44077,0.0,,,1.0,0
-49,-5,1.32426,0.0,,,1.0,0
-49,-3,1.06071,0.0,,,1.0,0
-49,-1,0.8368,0.0,0.0,0.0,1.0,0
-49,1,0.10786,0.0,0.0,0.0,1.0,0
-49,3,0.5804,0.0,0.0,0.0,1.0,0
-49,5,0.95266,0.0,0.0,0.0,1.0,0
-49,7,1.28156,0.0,0.0,0.0,1.0,0
-49,9,1.514,0.0,0.0,0.0,1.0,0
-49,11,1.17619,0.0,0.0,0.0,1.0,0
-49,13,1.09786,0.0,0.0,0.0,1.0,0
-49,15,1.06429,0.0,0.0,0.0,1.0,0
-49,17,1.12864,0.0,0.0,0.0,1.0,0
-49,19,1.392,0.0,0.0,0.0,1.0,0
-49,21,1.14851,0.0,0.0,0.0,1.0,0
-49,23,1.23042,0.0,,,1.0,0
-49,25,1.26376,0.0,,,1.0,0
-49,27,1.00659,0.0,,,1.0,0
-49,29,1.23617,0.0,,,1.0,0
-49,31,0.84932,0.0,,,1.0,0
-49,33,0.86644,0.0,,,1.0,0
-49,35,1.36096,0.0,,,1.0,0
-49,37,1.23768,0.0,,,1.0,0
-49,39,0.99963,0.0,,,1.0,0
-49,41,1.04465,0.0,,,1.0,0
-49,43,0.91494,0.0,,,1.0,0
-49,45,0.959,0.0,,,1.0,0
-49,47,1.02196,0.0,,,1.0,0
-49,49,1.00552,0.0,,,1.0,0
-49,51,1.0539,0.0,,,1.0,0
-49,53,0.99108,0.0,,,1.0,0
-49,55,0.88954,0.0,,,1.0,0
-49,57,0.93629,0.0,,,1.0,0
-49,59,0.93975,0.0,,,1.0,0
-49,61,0.90472,0.0,,,1.0,0
-49,63,0.82677,0.0,,,1.0,0
-49,65,0.75932,0.0,0.0,0.0,1.0,0
-49,67,0.77913,0.0,0.0,0.0,1.0,0
-49,69,0.75218,0.0,0.0,0.0,1.0,0
-49,71,0.74243,0.0,0.0,0.0,1.0,0
-49,73,0.68164,0.0,0.0,0.0,1.0,0
-49,75,0.51831,0.0,0.0,0.0,1.0,0
-49,77,0.4816,0.0,,,1.0,0
-49,79,0.07781,0.0,,,1.0,0
-49,81,7e-05,0.0,,,1.0,0
-49,83,0.00104,0.0,,,1.0,0
-49,85,0.00064,0.0,,,1.0,0
-49,101,0.00079,0.0,,,1.0,0
-49,103,0.01498,0.0,,,1.0,0
-49,105,0.05128,0.0,,,1.0,0
-49,107,0.06316,0.0,,,1.0,0
-49,109,0.04514,0.0,,,1.0,0
-49,111,0.04711,0.0,,,1.0,0
-49,113,0.0206,0.0,,,1.0,0
-49,115,0.01623,0.0,,,1.0,0
-49,117,0.00765,0.0,,,1.0,0
-47,-13,0.03209,0.0,,,1.0,0
-47,-11,0.3433,0.0,,,1.0,0
-47,-9,0.25983,0.0,,,1.0,0
-47,-7,0.02794,0.0,,,1.0,0
-47,3,0.00542,0.0,,,1.0,0
-47,5,0.14504,0.0,,,1.0,0
-47,7,0.67136,0.0,,,1.0,0
-47,9,0.9929,0.0,,,1.0,0
-47,11,0.72384,0.0,,,1.0,0
-47,13,0.06705,0.0,,,1.0,0
-47,15,0.27171,0.0,,,1.0,0
-47,17,0.68643,0.0,,,1.0,0
-47,19,0.548,0.0,,,1.0,0
-47,21,0.0864,0.0,,,1.0,0
-47,23,0.64586,0.0,,,1.0,0
-47,25,0.46033,0.0,,,1.0,0
-47,27,0.227,0.0,,,1.0,0
-47,29,0.08702,0.0,,,1.0,0
-47,31,0.02754,0.0,,,1.0,0
-47,33,0.36847,0.0,,,1.0,0
-47,35,0.80681,0.0,,,1.0,0
-47,37,0.39449,0.0,,,1.0,0
-47,39,0.29608,0.0,,,1.0,0
-47,41,0.54198,0.0,,,1.0,0
-47,43,0.04328,0.0,,,1.0,0
-47,45,0.16217,0.0,,,1.0,0
-47,47,0.4165,0.0,,,1.0,0
-47,49,0.64704,0.0,,,1.0,0
-47,51,0.66142,0.0,,,1.0,0
-47,53,0.80953,0.0,,,1.0,0
-47,55,0.3437,0.0,,,1.0,0
-47,57,0.32404,0.0,,,1.0,0
-47,59,0.08708,0.0,,,1.0,0
-47,61,0.14916,0.0,,,1.0,0
-47,63,0.40593,0.0,,,1.0,0
-47,65,0.47365,0.0,0.0,0.0,1.0,0
-47,67,0.63506,0.0,0.0,0.0,1.0,0
-47,69,0.48378,0.0,0.0,0.0,1.0,0
-47,71,0.3101,0.0,0.0,0.0,1.0,0
-47,73,0.05749,0.0,0.0,0.0,1.0,0
-47,75,,,0.0,0.0,1.0,0
-45,41,3e-05,0.0,,,1.0,0
-45,47,0.00339,0.0,,,1.0,0
-45,49,0.0517,0.0,,,1.0,0
-45,51,0.09362,0.0,,,1.0,0
-45,53,0.41762,0.0,,,1.0,0
-45,55,0.05134,0.0,,,1.0,0
-45,63,1e-05,0.0,,,1.0,0
-45,65,0.00762,0.0,,,1.0,0
-45,67,0.10288,0.0,,,1.0,0
-45,69,0.05762,0.0,,,1.0,0
-45,71,0.00012,0.0,,,1.0,0
