,longitude,latitude,season_ccamlr,krill_greenweight_kg
0,-73.0,-65.0,1992,49840.0
1,-69.0,-67.0,1989,3250.0
2,-69.0,-65.0,1989,5950.0
3,-69.0,-65.0,1992,4300.0
4,-69.0,-65.0,1998,48875.0
5,-67.0,-67.0,1998,258050.0
6,-67.0,-65.0,1988,500.0
7,-67.0,-65.0,1992,2500.0
8,-67.0,-65.0,1998,751250.0
9,-67.0,-65.0,2010,13582.574257425742
10,-67.0,-63.0,1991,6000.0
11,-67.0,-63.0,1998,181670.0
12,-67.0,-63.0,2010,350.0
13,-67.0,-63.0,2019,11.7949
14,-67.0,-61.0,1999,30000.0
15,-67.0,-61.0,2019,46.9351
16,-65.0,-65.0,1988,500.0
17,-65.0,-65.0,1989,33200.0
18,-65.0,-65.0,1998,2517100.0
19,-65.0,-65.0,1999,131400.0
20,-65.0,-65.0,2003,16555.0
21,-65.0,-65.0,2010,5000.0
22,-65.0,-65.0,2019,0.8
23,-65.0,-65.0,2023,0.0007
24,-65.0,-63.0,1990,6000.0
25,-65.0,-63.0,1992,92070.0
26,-65.0,-63.0,1998,1599855.0
27,-65.0,-63.0,2010,6237.425742574258
28,-65.0,-63.0,2019,0.1897
29,-65.0,-63.0,2023,0.0
30,-65.0,-61.0,2019,1.0579
31,-63.0,-65.0,1998,275775.0
32,-63.0,-65.0,1999,3036400.0
33,-63.0,-65.0,2000,74100.0
34,-63.0,-65.0,2001,104200.0
35,-63.0,-65.0,2003,19332.0
36,-63.0,-65.0,2007,4000.0
37,-63.0,-65.0,2010,2484063.8311920334
38,-63.0,-65.0,2011,8775.999999999787
39,-63.0,-65.0,2012,4905805.965337349
40,-63.0,-65.0,2013,31097.98849688329
41,-63.0,-65.0,2014,877822.0008687447
42,-63.0,-65.0,2015,12573.99
43,-63.0,-65.0,2016,9359603.775231829
44,-63.0,-65.0,2017,351090.8640120018
45,-63.0,-65.0,2018,88474.42877683602
46,-63.0,-65.0,2020,263036.75290493545
47,-63.0,-65.0,2022,5613338.5650292365
48,-63.0,-65.0,2023,2.120865800000001
49,-63.0,-63.0,1988,868000.0
50,-63.0,-63.0,1989,78919.0
51,-63.0,-63.0,1990,69072.0
52,-63.0,-63.0,1991,79000.0
53,-63.0,-63.0,1992,1423830.0
54,-63.0,-63.0,1993,790700.0
55,-63.0,-63.0,1994,12100.0
56,-63.0,-63.0,1995,2902090.0
57,-63.0,-63.0,1996,3434490.0
58,-63.0,-63.0,1997,524100.0
59,-63.0,-63.0,1998,332586.0
60,-63.0,-63.0,1999,2720906.0
61,-63.0,-63.0,2000,3344700.0
62,-63.0,-63.0,2001,1472700.0
63,-63.0,-63.0,2002,13000.0
64,-63.0,-63.0,2003,72541.0
65,-63.0,-63.0,2004,1517121.2277227724
66,-63.0,-63.0,2006,25240.643175095534
67,-63.0,-63.0,2007,698156.6418318589
68,-63.0,-63.0,2009,97826.02898094489
69,-63.0,-63.0,2010,3431002.835007967
70,-63.0,-63.0,2011,1000.0000000002132
71,-63.0,-63.0,2012,1469250.1785714284
72,-63.0,-63.0,2013,46530.2963031167
73,-63.0,-63.0,2014,3497624.0284294896
74,-63.0,-63.0,2015,608835.6950000001
75,-63.0,-63.0,2016,206866.16765558225
76,-63.0,-63.0,2017,15112.313217740144
77,-63.0,-63.0,2018,125285.93663516396
78,-63.0,-63.0,2019,13.0
79,-63.0,-63.0,2020,115280.89279506453
80,-63.0,-63.0,2021,990.8340168173131
81,-63.0,-63.0,2022,34742.97819114619
82,-63.0,-63.0,2023,0.04663419999999904
83,-63.0,-61.0,1988,66030.0
84,-63.0,-61.0,1989,5440.0
85,-63.0,-61.0,1995,520790.0
86,-63.0,-61.0,1996,256000.0
87,-63.0,-61.0,2010,2460.0
88,-63.0,-61.0,2019,2.2824
89,-61.0,-65.0,1996,25000.0
90,-61.0,-65.0,2010,10807.0
91,-61.0,-65.0,2012,11336944.034662649
92,-61.0,-65.0,2013,15829439.927299203
93,-61.0,-65.0,2014,6927516.464551249
94,-61.0,-65.0,2015,44259514.04058598
95,-61.0,-65.0,2016,29777794.077457123
96,-61.0,-65.0,2017,33897851.64290978
97,-61.0,-65.0,2018,31339400.64484428
98,-61.0,-65.0,2019,206173.6599999999
99,-61.0,-65.0,2020,34693887.48573024
100,-61.0,-65.0,2021,8820705.207428107
101,-61.0,-65.0,2022,3335239.4533360493
102,-61.0,-65.0,2023,0.575
103,-61.0,-63.0,1988,36101689.0
104,-61.0,-63.0,1989,48284680.0
105,-61.0,-63.0,1990,6647783.0
106,-61.0,-63.0,1991,26059980.0
107,-61.0,-63.0,1992,54290210.0
108,-61.0,-63.0,1993,29258726.0
109,-61.0,-63.0,1994,26917530.0
110,-61.0,-63.0,1995,7956515.0
111,-61.0,-63.0,1996,35043195.0
112,-61.0,-63.0,1997,21259855.0
113,-61.0,-63.0,1998,27767841.0
114,-61.0,-63.0,1999,10328489.317939194
115,-61.0,-63.0,2000,33139578.463856332
116,-61.0,-63.0,2001,25392895.05721881
117,-61.0,-63.0,2002,4835000.0
118,-61.0,-63.0,2003,29937043.43080411
119,-61.0,-63.0,2004,4174090.574257426
120,-61.0,-63.0,2005,5055825.710933331
121,-61.0,-63.0,2006,41750123.90430991
122,-61.0,-63.0,2007,12008056.99437787
123,-61.0,-63.0,2008,199399.99985599998
124,-61.0,-63.0,2009,3400014.694241332
125,-61.0,-63.0,2010,58626380.0487129
126,-61.0,-63.0,2011,708238.0
127,-61.0,-63.0,2012,30607784.25593115
128,-61.0,-63.0,2013,32577868.122482896
129,-61.0,-63.0,2014,26798723.54625196
130,-61.0,-63.0,2015,2756775.184320076
131,-61.0,-63.0,2016,8673371.902986852
132,-61.0,-63.0,2017,41598127.429233946
133,-61.0,-63.0,2018,19553731.788924694
134,-61.0,-63.0,2019,56719904.30448709
135,-61.0,-63.0,2020,1557417.2859184192
136,-61.0,-63.0,2021,29644568.92898873
137,-61.0,-63.0,2022,22392084.922485095
138,-61.0,-63.0,2023,4950581.288798797
139,-61.0,-61.0,1988,5263540.0
140,-61.0,-61.0,1989,419879.0
141,-61.0,-61.0,1990,4703160.0
142,-61.0,-61.0,1991,3024612.0
143,-61.0,-61.0,1992,1127170.0
144,-61.0,-61.0,1993,580000.0
145,-61.0,-61.0,1994,102000.0
146,-61.0,-61.0,1995,6938595.0
147,-61.0,-61.0,1996,2318450.0
148,-61.0,-61.0,1997,3458800.0
149,-61.0,-61.0,1998,188100.0
150,-61.0,-61.0,1999,395700.00015
151,-61.0,-61.0,2000,1640900.0
152,-61.0,-61.0,2001,14000.0
153,-61.0,-61.0,2002,134000.0
154,-61.0,-61.0,2004,153000.0
155,-61.0,-61.0,2007,387142.2486563631
156,-61.0,-61.0,2009,28455.445544554455
157,-61.0,-61.0,2011,1000.0
158,-61.0,-61.0,2012,216367.28545531427
159,-61.0,-61.0,2014,1219197.6772846594
160,-61.0,-61.0,2015,23508.296322883023
161,-61.0,-61.0,2016,2580.0
162,-61.0,-61.0,2017,3521.8235799873264
163,-61.0,-61.0,2019,8.0
164,-61.0,-61.0,2021,12497.570870773381
165,-61.0,-61.0,2023,0.001
166,-59.0,-63.0,1988,202710.0
167,-59.0,-63.0,1989,187320.0
168,-59.0,-63.0,1990,582493.0
169,-59.0,-63.0,1991,895200.0
170,-59.0,-63.0,1992,1453875.0
171,-59.0,-63.0,1993,14200.0
172,-59.0,-63.0,1994,45500.0
173,-59.0,-63.0,1995,551595.0
174,-59.0,-63.0,1996,1129795.0
175,-59.0,-63.0,1997,12128225.0
176,-59.0,-63.0,1998,6783362.0
177,-59.0,-63.0,1999,4442653.967661826
178,-59.0,-63.0,2000,12055803.53614367
179,-59.0,-63.0,2001,15183545.58858152
180,-59.0,-63.0,2002,618000.0
181,-59.0,-63.0,2003,1270309.5691958866
182,-59.0,-63.0,2004,2780061.533019802
183,-59.0,-63.0,2005,510693.3330666667
184,-59.0,-63.0,2006,36053888.202875815
185,-59.0,-63.0,2007,828376.3946604393
186,-59.0,-63.0,2008,131600.00014400002
187,-59.0,-63.0,2009,4714233.769911556
188,-59.0,-63.0,2010,79521661.3671158
189,-59.0,-63.0,2011,3056373.904290476
190,-59.0,-63.0,2012,22512709.391371123
191,-59.0,-63.0,2013,91673446.33320245
192,-59.0,-63.0,2014,91523076.56152582
193,-59.0,-63.0,2015,94619167.45870201
194,-59.0,-63.0,2016,92819121.55036615
195,-59.0,-63.0,2017,66301804.99142268
196,-59.0,-63.0,2018,93869192.701415
197,-59.0,-63.0,2019,86381314.68163672
198,-59.0,-63.0,2020,91327084.5153547
199,-59.0,-63.0,2021,83077146.9472229
200,-59.0,-63.0,2022,65583840.22720497
201,-59.0,-63.0,2023,40957414.949053586
202,-59.0,-61.0,1988,3926599.0
203,-59.0,-61.0,1989,5480828.0
204,-59.0,-61.0,1990,6216679.0
205,-59.0,-61.0,1991,5203950.0
206,-59.0,-61.0,1992,7581350.0
207,-59.0,-61.0,1993,204910.0
208,-59.0,-61.0,1994,365100.0
209,-59.0,-61.0,1995,2609200.0
210,-59.0,-61.0,1996,2870405.0
211,-59.0,-61.0,1997,1690410.0
212,-59.0,-61.0,1998,7880674.0
213,-59.0,-61.0,1999,5711321.008366626
214,-59.0,-61.0,2000,11910624.666884
215,-59.0,-61.0,2001,5289024.354199667
216,-59.0,-61.0,2002,247000.0
217,-59.0,-61.0,2003,329632.0
218,-59.0,-61.0,2004,766480.6649999999
219,-59.0,-61.0,2005,1485000.0
220,-59.0,-61.0,2006,4172259.585132847
221,-59.0,-61.0,2007,781783.7202767867
222,-59.0,-61.0,2009,828611.3333333402
223,-59.0,-61.0,2010,382900.0
224,-59.0,-61.0,2011,5291710.095709524
225,-59.0,-61.0,2012,4448143.602956698
226,-59.0,-61.0,2013,4482640.50078888
227,-59.0,-61.0,2014,5064895.005370967
228,-59.0,-61.0,2015,1785889.4243998572
229,-59.0,-61.0,2016,918287.8626925524
230,-59.0,-61.0,2017,1897372.0809059131
231,-59.0,-61.0,2018,4093913.2908529555
232,-59.0,-61.0,2019,3694237.578675808
233,-59.0,-61.0,2020,8866.825924066387
234,-59.0,-61.0,2021,687404.464840919
235,-59.0,-61.0,2022,6416.084
236,-59.0,-61.0,2023,0.0028
237,-57.0,-67.0,1989,23000.0
238,-57.0,-63.0,1991,1017000.0
239,-57.0,-63.0,1992,31900.0
240,-57.0,-63.0,1997,13000.0
241,-57.0,-63.0,1999,549933.3332
242,-57.0,-63.0,2000,994706.0
243,-57.0,-63.0,2001,90340.0
244,-57.0,-63.0,2002,15000.0
245,-57.0,-63.0,2003,10000.0
246,-57.0,-63.0,2004,62630.0
247,-57.0,-63.0,2006,5267956.827230495
248,-57.0,-63.0,2007,3210.0
249,-57.0,-63.0,2009,9880637.781727051
250,-57.0,-63.0,2010,7984599.917971302
251,-57.0,-63.0,2012,252469.28571428833
252,-57.0,-63.0,2013,5230585.498201871
253,-57.0,-63.0,2014,5902311.794885019
254,-57.0,-63.0,2015,2871256.3787449514
255,-57.0,-63.0,2016,7910726.777790521
256,-57.0,-63.0,2017,4885287.797157667
257,-57.0,-63.0,2018,971835.8495957738
258,-57.0,-63.0,2019,6776820.022275033
259,-57.0,-63.0,2020,29108435.240621753
260,-57.0,-63.0,2021,38630373.45206829
261,-57.0,-63.0,2022,14433900.911862241
262,-57.0,-63.0,2023,59435759.64222167
263,-57.0,-61.0,1988,11950673.0
264,-57.0,-61.0,1989,15808732.0
265,-57.0,-61.0,1990,11236944.0
266,-57.0,-61.0,1991,5596770.0
267,-57.0,-61.0,1992,3272273.0
268,-57.0,-61.0,1993,50000.0
269,-57.0,-61.0,1994,960250.0
270,-57.0,-61.0,1995,1178710.0
271,-57.0,-61.0,1996,1581400.0
272,-57.0,-61.0,1997,3591100.0
273,-57.0,-61.0,1998,1339185.0
274,-57.0,-61.0,1999,2505864.7058823532
275,-57.0,-61.0,2000,6589087.333116
276,-57.0,-61.0,2001,573790.2412873615
277,-57.0,-61.0,2002,1525100.0
278,-57.0,-61.0,2003,39699.0
279,-57.0,-61.0,2004,190635.26477435743
280,-57.0,-61.0,2005,8474.999999999978
281,-57.0,-61.0,2006,1109992.799275834
282,-57.0,-61.0,2007,201757.5726354547
283,-57.0,-61.0,2009,1436180.0012671999
284,-57.0,-61.0,2010,196070.00028125022
285,-57.0,-61.0,2011,133100.0
286,-57.0,-61.0,2012,30060.0
287,-57.0,-61.0,2013,3216171.110045672
288,-57.0,-61.0,2014,4606383.83698879
289,-57.0,-61.0,2015,4362696.720995276
290,-57.0,-61.0,2016,4138444.3920271783
291,-57.0,-61.0,2017,191765.5020305304
292,-57.0,-61.0,2018,1426861.734909725
293,-57.0,-61.0,2019,803256.8380369227
294,-57.0,-61.0,2021,440575.1024096393
295,-55.0,-65.0,2009,5000.0
296,-55.0,-63.0,1992,78500.0
297,-55.0,-63.0,1999,7166.666799999964
298,-55.0,-63.0,2009,9269922.94489414
299,-55.0,-63.0,2012,20000.0
300,-55.0,-63.0,2016,10000.0
301,-55.0,-63.0,2017,132415.5844155806
302,-55.0,-63.0,2019,0.012280701754410022
303,-55.0,-63.0,2021,456126.4446638131
304,-55.0,-63.0,2022,32010384.24597132
305,-55.0,-63.0,2023,48243164.187155634
306,-55.0,-61.0,1988,12966819.0
307,-55.0,-61.0,1989,35591302.0
308,-55.0,-61.0,1990,15298160.0
309,-55.0,-61.0,1991,27649860.0
310,-55.0,-61.0,1992,5456251.0
311,-55.0,-61.0,1993,2338700.0
312,-55.0,-61.0,1994,16698260.0
313,-55.0,-61.0,1995,15506400.0
314,-55.0,-61.0,1996,14938100.0
315,-55.0,-61.0,1997,5828500.0
316,-55.0,-61.0,1998,5413058.0
317,-55.0,-61.0,1999,8620400.0
318,-55.0,-61.0,2000,7113300.0
319,-55.0,-61.0,2001,4191409.758712639
320,-55.0,-61.0,2002,3084600.0
321,-55.0,-61.0,2003,955571.0
322,-55.0,-61.0,2004,5968826.735225642
323,-55.0,-61.0,2005,36415.00000000002
324,-55.0,-61.0,2006,2190134.0
325,-55.0,-61.0,2007,1029323.4275612254
326,-55.0,-61.0,2008,2250960.0000000005
327,-55.0,-61.0,2009,3763512.00009988
328,-55.0,-61.0,2010,1663949.9997187497
329,-55.0,-61.0,2011,14544.0
330,-55.0,-61.0,2012,31983.0
331,-55.0,-61.0,2013,163880.40416544923
332,-55.0,-61.0,2015,2876741.8054869026
333,-55.0,-61.0,2016,624590.30320624
334,-55.0,-61.0,2018,210201.09764683718
335,-55.0,-61.0,2019,1213590.3042663718
336,-55.0,-61.0,2021,1354.0
337,-55.0,-61.0,2023,0.0029712871287128715
338,-53.0,-63.0,2004,5000.0
339,-53.0,-63.0,2009,647627.0
340,-53.0,-63.0,2018,2438.422
341,-53.0,-63.0,2022,0.2
342,-53.0,-63.0,2023,9.900990099009902e-07
343,-53.0,-61.0,1988,153300.0
344,-53.0,-61.0,1989,645166.0
345,-53.0,-61.0,1990,37360.0
346,-53.0,-61.0,1991,313500.0
347,-53.0,-61.0,1992,167000.0
348,-53.0,-61.0,1996,160900.0
349,-53.0,-61.0,1997,7000.0
350,-53.0,-61.0,1998,64706.0
351,-53.0,-61.0,2000,3000.0
352,-53.0,-61.0,2001,10200.0
353,-53.0,-61.0,2002,224200.0
354,-53.0,-61.0,2003,6542.0
355,-53.0,-61.0,2004,24000.0
356,-53.0,-61.0,2009,46230.0
357,-53.0,-61.0,2014,20663.423196
358,-53.0,-61.0,2018,7780.311
359,-53.0,-61.0,2019,0.20084112149592848
360,-53.0,-61.0,2022,2822.579
361,-53.0,-61.0,2023,9.801980198019803e-05
362,-51.0,-61.0,1988,1539980.0
363,-51.0,-61.0,1989,77290.0
364,-51.0,-61.0,1990,13000.0
365,-51.0,-61.0,1991,8800.0
366,-51.0,-61.0,1992,592490.0
367,-51.0,-61.0,1993,19000.0
368,-51.0,-61.0,1996,30000.0
369,-51.0,-61.0,1997,2500.0
370,-51.0,-61.0,1998,270000.0
371,-51.0,-61.0,1999,639300.0
372,-51.0,-61.0,2000,118000.0
373,-51.0,-61.0,2002,4370.0
374,-51.0,-61.0,2003,36826.0
375,-51.0,-61.0,2004,800.00001200001
376,-51.0,-61.0,2007,29000.0
377,-51.0,-61.0,2010,1000.0
378,-51.0,-61.0,2017,60016.1340429845
379,-51.0,-61.0,2018,1671.8484
380,-51.0,-61.0,2020,7487.332853
381,-51.0,-59.0,2004,199.99998799999
382,-49.0,-63.0,1999,103000.0
383,-49.0,-61.0,1988,143780.0
384,-49.0,-61.0,1989,120625.0
385,-49.0,-61.0,1991,1700.0
386,-49.0,-61.0,1992,262100.0
387,-49.0,-61.0,1993,31100.0
388,-49.0,-61.0,1994,3520.0
389,-49.0,-61.0,1996,500.0
390,-49.0,-61.0,1998,4400.0
391,-49.0,-61.0,1999,502000.0
392,-49.0,-61.0,2000,19100.0
393,-49.0,-61.0,2002,43100.0
394,-49.0,-61.0,2003,35424.0
395,-49.0,-61.0,2004,46850.0
396,-49.0,-61.0,2007,10000.0
397,-49.0,-61.0,2008,2118.3332689499935
398,-49.0,-61.0,2010,233058.50101197456
399,-49.0,-61.0,2012,31414.049203678427
400,-49.0,-61.0,2013,33624.0
401,-49.0,-61.0,2015,7790.0
402,-49.0,-61.0,2018,2033.8785
403,-49.0,-61.0,2022,1079045.0797612309
404,-49.0,-59.0,1988,414540.0
405,-49.0,-59.0,1989,10000.0
406,-49.0,-59.0,1991,41700.0
407,-49.0,-59.0,1995,24000.0
408,-49.0,-59.0,1998,7000.0
409,-49.0,-59.0,2003,44145.0
410,-49.0,-59.0,2004,7000.0
411,-49.0,-59.0,2005,42907.0
412,-49.0,-59.0,2009,13670.0
413,-49.0,-59.0,2010,275874.1665777678
414,-49.0,-57.0,1991,17000.0
415,-49.0,-57.0,1992,18600.0
416,-47.0,-61.0,1988,89333086.0
417,-47.0,-61.0,1989,16459826.0
418,-47.0,-61.0,1990,129067000.0
419,-47.0,-61.0,1991,137577200.0
420,-47.0,-61.0,1992,44015920.0
421,-47.0,-61.0,1993,6824710.0
422,-47.0,-61.0,1994,18681250.0
423,-47.0,-61.0,1995,46015065.0
424,-47.0,-61.0,1996,2118500.0
425,-47.0,-61.0,1997,7500.0
426,-47.0,-61.0,1998,6046887.0
427,-47.0,-61.0,1999,46650056.0
428,-47.0,-61.0,2000,10969212.0
429,-47.0,-61.0,2001,1095300.0
430,-47.0,-61.0,2002,48702670.72706686
431,-47.0,-61.0,2003,16334179.999999998
432,-47.0,-61.0,2004,44876301.16259585
433,-47.0,-61.0,2005,64530793.06354701
434,-47.0,-61.0,2006,2576116.5278100492
435,-47.0,-61.0,2007,61215681.23815892
436,-47.0,-61.0,2008,87888428.19311629
437,-47.0,-61.0,2009,86944687.86064366
438,-47.0,-61.0,2010,49482933.13853055
439,-47.0,-61.0,2011,100188460.13683802
440,-47.0,-61.0,2012,28683200.96896012
441,-47.0,-61.0,2013,30532758.25714285
442,-47.0,-61.0,2014,58653809.19656429
443,-47.0,-61.0,2015,12088261.666757705
444,-47.0,-61.0,2016,32843027.31808929
445,-47.0,-61.0,2017,57775426.01647066
446,-47.0,-61.0,2018,117015872.79046048
447,-47.0,-61.0,2019,129405954.64845587
448,-47.0,-61.0,2020,133375442.62901375
449,-47.0,-61.0,2021,128528412.7882029
450,-47.0,-61.0,2022,139627787.3354365
451,-47.0,-61.0,2023,82666174.76431869
452,-47.0,-59.0,1989,304600.0
453,-47.0,-59.0,1990,81808000.0
454,-47.0,-59.0,1991,701000.0
455,-47.0,-59.0,1992,5395500.0
456,-47.0,-59.0,1993,168700.0
457,-47.0,-59.0,1995,3400.0
458,-47.0,-59.0,1998,124400.0
459,-47.0,-59.0,2002,500.0
460,-47.0,-59.0,2004,108200.0
461,-47.0,-59.0,2007,96036.99754407977
462,-47.0,-59.0,2010,33817.50001023218
463,-47.0,-59.0,2011,165000.0
464,-47.0,-59.0,2018,44544.70752125465
465,-47.0,-59.0,2021,59475.88963158644
466,-47.0,-59.0,2022,2584770.7226809314
467,-47.0,-59.0,2023,412655.0085354718
468,-47.0,-57.0,2005,8770.0
469,-47.0,-53.0,2004,12000.0
470,-45.0,-63.0,1992,284000.0
471,-45.0,-63.0,2009,1237666.6599999997
472,-45.0,-61.0,1988,4363500.0
473,-45.0,-61.0,1989,62600.0
474,-45.0,-61.0,1990,12657220.0
475,-45.0,-61.0,1991,18516730.0
476,-45.0,-61.0,1992,7216020.0
477,-45.0,-61.0,1993,4578600.0
478,-45.0,-61.0,1994,574290.0
479,-45.0,-61.0,1995,2790900.0
480,-45.0,-61.0,1996,3000.0
481,-45.0,-61.0,1998,312997.0
482,-45.0,-61.0,1999,13635400.0
483,-45.0,-61.0,2000,2626400.0
484,-45.0,-61.0,2001,3902800.0
485,-45.0,-61.0,2002,6226329.272933134
486,-45.0,-61.0,2003,58865.0
487,-45.0,-61.0,2004,3004141.9374041306
488,-45.0,-61.0,2005,7679607.654452983
489,-45.0,-61.0,2006,535453.4721899512
490,-45.0,-61.0,2007,6699451.76429699
491,-45.0,-61.0,2008,914260.4736146934
492,-45.0,-61.0,2009,3150482.4793563164
493,-45.0,-61.0,2010,465951.6938694748
494,-45.0,-61.0,2011,15641373.86316194
495,-45.0,-61.0,2012,282471.1658361971
496,-45.0,-61.0,2013,10357.142857142835
497,-45.0,-61.0,2014,13800748.965434566
498,-45.0,-61.0,2015,5004793.438793963
499,-45.0,-61.0,2016,1458074.2698518983
500,-45.0,-61.0,2017,11270513.31435851
501,-45.0,-61.0,2018,20817163.09195924
502,-45.0,-61.0,2019,33167620.406127963
503,-45.0,-61.0,2020,41195482.05726021
504,-45.0,-61.0,2021,78190614.2591105
505,-45.0,-61.0,2022,42981527.42134248
506,-45.0,-61.0,2023,101756885.89020608
507,-45.0,-59.0,1988,3947000.0
508,-45.0,-59.0,1989,60727300.0
509,-45.0,-59.0,1991,1112000.0
510,-45.0,-59.0,1992,9245000.0
511,-45.0,-59.0,1993,654660.0
512,-45.0,-59.0,1996,10000.0
513,-45.0,-59.0,1998,153400.0
514,-45.0,-59.0,2003,417386.0
515,-45.0,-59.0,2004,13000.0
516,-45.0,-59.0,2009,241950.0
517,-45.0,-59.0,2020,3811086.7559999996
518,-45.0,-59.0,2021,2037006.423092774
519,-45.0,-59.0,2022,5928301.552548395
520,-45.0,-55.0,1991,28000.0
521,-45.0,-53.0,1992,14400.0
522,-45.0,-53.0,2000,51700.0
523,-43.0,-65.0,1991,30000.0
524,-43.0,-61.0,1988,107500.0
525,-43.0,-61.0,1991,191420.0
526,-43.0,-61.0,1997,91000.0
527,-43.0,-61.0,1999,1557900.0
528,-43.0,-61.0,2000,417000.0
529,-43.0,-59.0,1989,12328000.0
530,-43.0,-59.0,1991,3227000.0
531,-43.0,-59.0,1992,20854000.0
532,-43.0,-59.0,1998,65100.0
533,-43.0,-59.0,2004,137000.0
534,-43.0,-59.0,2021,938265.9150138629
535,-43.0,-53.0,1990,42400.0
536,-43.0,-53.0,1991,115000.0
537,-43.0,-53.0,1992,29830.0
538,-43.0,-53.0,1993,8000.0
539,-43.0,-53.0,1994,381350.0
540,-43.0,-53.0,1995,29400.0
541,-43.0,-53.0,1996,14940.0
542,-43.0,-53.0,1998,10900.0
543,-43.0,-53.0,2000,6258000.0
544,-43.0,-53.0,2002,2811000.0
545,-43.0,-53.0,2003,669000.0
546,-41.0,-61.0,1988,10000.0
547,-41.0,-61.0,2000,2458000.0
548,-41.0,-59.0,1992,52000.0
549,-41.0,-57.0,2003,2064.0
550,-41.0,-55.0,1991,95000.0
551,-41.0,-53.0,1990,37700.0
552,-41.0,-53.0,1991,362000.0
553,-41.0,-53.0,1992,31490.0
554,-41.0,-53.0,1993,108240.0
555,-41.0,-53.0,1995,42600.0
556,-41.0,-53.0,1998,3300.0
557,-41.0,-53.0,2004,66500.0
558,-41.0,-53.0,2005,940.0
559,-39.0,-61.0,1988,15500.0
560,-39.0,-61.0,2000,442000.0
561,-39.0,-55.0,1988,24000.0
562,-39.0,-55.0,1990,1421440.0
563,-39.0,-55.0,1991,374000.0
564,-39.0,-55.0,1992,1547480.0
565,-39.0,-55.0,1993,1074920.0
566,-39.0,-55.0,2002,21100.0
567,-39.0,-55.0,2003,621618.0
568,-39.0,-55.0,2005,109616.0
569,-39.0,-55.0,2006,2767.647058814784
570,-39.0,-55.0,2007,0.0
571,-39.0,-55.0,2008,12803709.138640622
572,-39.0,-55.0,2017,6371.5746
573,-39.0,-55.0,2022,13252.499313249267
574,-39.0,-53.0,1988,105636000.0
575,-39.0,-53.0,1990,5932581.0
576,-39.0,-53.0,1991,4230920.0
577,-39.0,-53.0,1992,13963190.0
578,-39.0,-53.0,1993,9334610.0
579,-39.0,-53.0,1994,10800.0
580,-39.0,-53.0,1995,279500.0
581,-39.0,-53.0,1996,2234300.0
582,-39.0,-53.0,1997,105500.0
583,-39.0,-53.0,1998,1871495.0
584,-39.0,-53.0,2000,1557100.0
585,-39.0,-53.0,2001,6174460.0
586,-39.0,-53.0,2002,7825700.0
587,-39.0,-53.0,2003,13290017.999999996
588,-39.0,-53.0,2004,30716597.00004286
589,-39.0,-53.0,2005,172130.0
590,-39.0,-53.0,2006,8096339.136154594
591,-39.0,-53.0,2007,2295282.1341640474
592,-39.0,-53.0,2008,22466321.86135938
593,-39.0,-53.0,2011,1750579.0
594,-39.0,-53.0,2012,1234106.7166405166
595,-39.0,-53.0,2013,3215643.729281798
596,-39.0,-53.0,2017,5126599.820713395
597,-39.0,-53.0,2022,41722035.37817442
598,-39.0,-53.0,2023,16289.436663387862
599,-37.0,-61.0,1988,12000.0
600,-37.0,-55.0,1988,104152000.0
601,-37.0,-55.0,1989,570200.0
602,-37.0,-55.0,1990,9100.0
603,-37.0,-55.0,1991,5740400.0
604,-37.0,-55.0,1992,402050.0
605,-37.0,-55.0,1993,65300.0
606,-37.0,-55.0,1994,17900.0
607,-37.0,-55.0,1996,216200.0
608,-37.0,-55.0,1997,939200.0
609,-37.0,-55.0,1998,299460.0
610,-37.0,-55.0,2000,431400.0
611,-37.0,-55.0,2001,46000.0
612,-37.0,-55.0,2002,180000.0
613,-37.0,-55.0,2004,88680.0
614,-37.0,-55.0,2005,540985.9265175844
615,-37.0,-55.0,2007,14278.0
616,-37.0,-55.0,2011,481274.4707397684
617,-37.0,-55.0,2012,633975.0327405933
618,-37.0,-55.0,2013,154156.88746516316
619,-37.0,-55.0,2015,539822.000000012
620,-37.0,-55.0,2016,1109946.8216197905
621,-37.0,-55.0,2017,713043.6898659547
622,-37.0,-55.0,2018,1505387.3951603163
623,-37.0,-55.0,2020,28330.57330936491
624,-37.0,-55.0,2022,318.4907478243696
625,-37.0,-53.0,1988,1837800.0
626,-37.0,-53.0,1989,130363600.0
627,-37.0,-53.0,1990,33588433.0
628,-37.0,-53.0,1991,68017370.0
629,-37.0,-53.0,1992,43396000.0
630,-37.0,-53.0,1993,2057620.0
631,-37.0,-53.0,1994,10000.0
632,-37.0,-53.0,1995,13269295.0
633,-37.0,-53.0,1996,9404990.0
634,-37.0,-53.0,1997,13879785.0
635,-37.0,-53.0,1998,10692272.0
636,-37.0,-53.0,2000,4557100.0
637,-37.0,-53.0,2001,16902070.697044864
638,-37.0,-53.0,2002,6136516.664225998
639,-37.0,-53.0,2003,16699227.126739098
640,-37.0,-53.0,2004,24945898.999675892
641,-37.0,-53.0,2005,15497602.813625623
642,-37.0,-53.0,2006,1236863.2167865913
643,-37.0,-53.0,2007,2009874.8658359526
644,-37.0,-53.0,2008,6644153.666521501
645,-37.0,-53.0,2009,50.0
646,-37.0,-53.0,2011,12242263.036303611
647,-37.0,-53.0,2012,27083607.9969097
648,-37.0,-53.0,2013,4601876.301063643
649,-37.0,-53.0,2014,3912530.7110661557
650,-37.0,-53.0,2015,113850.02339010467
651,-37.0,-53.0,2016,23241734.11568416
652,-37.0,-53.0,2017,3909702.3073806386
653,-37.0,-53.0,2018,813342.2722668571
654,-37.0,-53.0,2019,11700556.34660593
655,-37.0,-53.0,2020,35983872.35431132
656,-37.0,-53.0,2022,32022778.940230418
657,-37.0,-53.0,2023,39624714.96644697
658,-37.0,-51.0,2004,72749.0
659,-35.0,-61.0,1993,1200.0
660,-35.0,-59.0,1992,124000.0
661,-35.0,-57.0,1990,3100.0
662,-35.0,-55.0,1989,2092400.0
663,-35.0,-55.0,1990,1848279.0
664,-35.0,-55.0,1991,4009700.0
665,-35.0,-55.0,1992,6469560.0
666,-35.0,-55.0,1993,1097040.0
667,-35.0,-55.0,1994,16823260.0
668,-35.0,-55.0,1995,16030470.0
669,-35.0,-55.0,1996,5415200.0
670,-35.0,-55.0,1997,5923770.0
671,-35.0,-55.0,1998,7865874.0
672,-35.0,-55.0,2000,4296600.0
673,-35.0,-55.0,2001,9085157.0
674,-35.0,-55.0,2002,11910163.05242074
675,-35.0,-55.0,2003,9131102.510847498
676,-35.0,-55.0,2004,61570.0
677,-35.0,-55.0,2005,21480180.771656625
678,-35.0,-55.0,2006,1980470.0
679,-35.0,-55.0,2007,5939385.574907239
680,-35.0,-55.0,2008,4780145.331824
681,-35.0,-55.0,2010,8834000.0
682,-35.0,-55.0,2011,32367043.553337265
683,-35.0,-55.0,2012,18064987.787037812
684,-35.0,-55.0,2013,11523464.706632959
685,-35.0,-55.0,2014,55084272.27537269
686,-35.0,-55.0,2015,34774822.59989389
687,-35.0,-55.0,2016,27812799.626727294
688,-35.0,-55.0,2017,8113074.949727233
689,-35.0,-55.0,2018,7700514.330414711
690,-35.0,-55.0,2019,5879082.706625544
691,-35.0,-55.0,2020,37645593.3602045
692,-35.0,-55.0,2022,5719815.949875816
693,-35.0,-55.0,2023,10506190.487115046
694,-35.0,-53.0,1988,11000.0
695,-35.0,-53.0,1989,25310000.0
696,-35.0,-53.0,1990,66531265.0
697,-35.0,-53.0,1991,4925680.0
698,-35.0,-53.0,1992,7377300.0
699,-35.0,-53.0,1993,30500.0
700,-35.0,-53.0,1994,3054440.0
701,-35.0,-53.0,1995,11168485.0
702,-35.0,-53.0,1996,10577420.0
703,-35.0,-53.0,1997,5858685.0
704,-35.0,-53.0,1998,5789573.0
705,-35.0,-53.0,2000,2194100.0
706,-35.0,-53.0,2001,3522569.3029551343
707,-35.0,-53.0,2002,11017320.28335326
708,-35.0,-53.0,2003,25748416.36241341
709,-35.0,-53.0,2004,179600.00028125022
710,-35.0,-53.0,2005,10644779.488200145
711,-35.0,-53.0,2006,3584380.0
712,-35.0,-53.0,2007,10477670.425092766
713,-35.0,-53.0,2008,10934910.0016545
714,-35.0,-53.0,2011,8959731.13961935
715,-35.0,-53.0,2012,9397958.466671387
716,-35.0,-53.0,2013,12726154.836361412
717,-35.0,-53.0,2014,16255400.05230209
718,-35.0,-53.0,2015,18925574.65999388
719,-35.0,-53.0,2016,19242584.99566932
720,-35.0,-53.0,2017,689437.9346122863
721,-35.0,-53.0,2018,13154795.68780976
722,-35.0,-53.0,2019,54219089.23507279
723,-35.0,-53.0,2020,41660253.97441863
724,-35.0,-53.0,2022,415607.5750582609
725,-35.0,-53.0,2023,35632995.711444736
726,-33.0,-61.0,1993,2500.0
727,-33.0,-55.0,2005,14000.0
728,-31.0,-63.0,2003,48366.0
729,-31.0,-61.0,1993,408700.0
730,-27.0,-55.0,1992,50000.0
731,-15.0,-63.0,1993,25300.0
732,-7.0,-63.0,1993,5000.0
733,-7.0,-53.0,1992,2000.0
734,-3.0,-63.0,1993,960.0
735,3.0,-67.0,1990,400.11
736,3.0,-65.0,1990,0.5
737,5.0,-69.0,1990,1600.0
738,5.0,-67.0,1990,16030.053
739,5.0,-65.0,1990,0.06
740,5.0,-65.0,1993,1340.0
741,5.0,-63.0,1990,70.055
742,5.0,-61.0,1990,15.0
743,5.0,-59.0,1990,21.0
744,7.0,-69.0,1990,0.264
745,7.0,-67.0,1990,2.1
746,9.0,-69.0,1990,0.158
747,13.0,-69.0,1989,36200.0
748,15.0,-67.0,1990,75.0
749,17.0,-67.0,1990,18.3
750,23.0,-67.0,1990,10.0
751,27.0,-67.0,1990,5.0
752,29.0,-69.0,1988,104000.0
753,29.0,-69.0,1989,1000.0
754,31.0,-67.0,1989,2.0
755,33.0,-69.0,1988,3000.0
756,33.0,-69.0,1989,300.0
757,33.0,-67.0,1989,215.0
758,33.0,-67.0,1990,3.5
759,33.0,-61.0,1996,3936.0
760,35.0,-69.0,1988,1500.0
761,35.0,-69.0,1989,5000.0
762,35.0,-67.0,1990,7.0
763,35.0,-61.0,1991,11000.0
764,35.0,-61.0,1996,1500.0
765,35.0,-55.0,1991,1437310.0
766,35.0,-53.0,1991,400.0
767,37.0,-69.0,1989,1.0
768,37.0,-67.0,1990,200.0
769,37.0,-65.0,1990,0.2
770,37.0,-61.0,1996,47.05
771,37.0,-55.0,1991,67000.0
772,37.0,-53.0,1991,1192300.0
773,39.0,-69.0,1988,1071000.0
774,39.0,-69.0,1989,136.5
775,39.0,-67.0,1988,694.0
776,39.0,-67.0,1989,3500.0
777,39.0,-67.0,1990,0.2
778,39.0,-65.0,1990,0.2
779,39.0,-55.0,1991,24000.0
780,41.0,-69.0,1989,14000.0
781,41.0,-67.0,1988,3164.628
782,41.0,-67.0,1989,24679.0
783,41.0,-67.0,1990,8.0
784,41.0,-65.0,1990,3000.0
785,41.0,-65.0,2018,179503.778259351
786,43.0,-67.0,1988,5491.7
787,43.0,-67.0,1989,1000.0
788,43.0,-67.0,1990,6014.4
789,43.0,-65.0,1990,0.4
790,43.0,-65.0,2018,47832.263737449015
791,43.0,-61.0,1989,104.0
792,43.0,-61.0,1991,446500.0
793,45.0,-67.0,1988,4.5
794,45.0,-67.0,1989,7720.0
795,45.0,-67.0,1990,11.0
796,45.0,-65.0,1989,30.0
797,45.0,-65.0,2018,15219.453242399999
798,45.0,-63.0,1989,0.0
799,45.0,-61.0,1989,10.0
800,45.0,-61.0,1991,1126130.0
801,45.0,-55.0,1991,700.0
802,47.0,-67.0,1988,46031.0
803,47.0,-67.0,1989,7050.0
804,47.0,-67.0,1990,1000.5999999999999
805,47.0,-65.0,1988,3000.0
806,47.0,-65.0,1989,18.0
807,47.0,-65.0,1990,2054.8
808,47.0,-61.0,1991,2112900.0
809,49.0,-67.0,1988,941970.0
810,49.0,-65.0,1988,7000.0
811,49.0,-65.0,1989,40.0
812,49.0,-65.0,1990,2058.7
813,49.0,-63.0,1988,0.002
814,49.0,-61.0,1991,11000.0
815,51.0,-67.0,1988,60.0
816,51.0,-65.0,1988,16700.003
817,51.0,-65.0,1989,1136.0
818,51.0,-65.0,1990,380.7
819,53.0,-65.0,1988,18601.9
820,53.0,-63.0,2019,2860.0
821,55.0,-65.0,1988,535600.0
822,55.0,-65.0,1989,150.0
823,55.0,-65.0,1990,18.0
824,55.0,-65.0,2018,3300.0
825,55.0,-63.0,1988,0.005
826,55.0,-63.0,1990,0.5
827,55.0,-63.0,2019,6909.4193548387975
828,55.0,-59.0,1990,0.381
829,57.0,-67.0,1988,2500.0
830,57.0,-65.0,1988,792164.0
831,57.0,-65.0,1989,124.58
832,57.0,-63.0,2019,2066.580645161203
833,59.0,-67.0,1988,12801.891
834,59.0,-67.0,1989,300.0
835,59.0,-67.0,1990,0.7
836,59.0,-65.0,1988,45.6
837,59.0,-65.0,1989,260.0
838,59.0,-65.0,1990,1.0
839,59.0,-63.0,1990,17.0
840,59.0,-61.0,1990,4.0
841,61.0,-67.0,1988,455111.222
842,61.0,-67.0,1989,730.0
843,61.0,-67.0,1990,1744.06
844,61.0,-65.0,1988,1.9479999999999997
845,61.0,-65.0,1989,113.2
846,61.0,-65.0,1990,243.5
847,61.0,-63.0,1989,0.3
848,61.0,-63.0,1990,26.12
849,61.0,-63.0,2019,220.0
850,61.0,-61.0,1990,9.004
851,61.0,-59.0,1990,1.8
852,63.0,-67.0,1988,3282700.0
853,63.0,-67.0,1989,4206.4
854,63.0,-67.0,1990,2788.028
855,63.0,-65.0,1988,21100.0
856,63.0,-65.0,1990,50.013
857,63.0,-63.0,1990,2.0460000000000003
858,63.0,-61.0,1990,10.0
859,63.0,-59.0,1990,4.0
860,65.0,-67.0,1988,6002.45
861,65.0,-67.0,1989,9500.0
862,65.0,-67.0,1990,12255.1
863,65.0,-65.0,1989,252.5
864,65.0,-65.0,1990,101.8
865,65.0,-63.0,1990,130.0
866,65.0,-61.0,1990,51.0
867,67.0,-67.0,1988,3103.4249999999997
868,67.0,-67.0,1989,310.0
869,67.0,-67.0,1990,1543.4
870,67.0,-65.0,1989,2600.0
871,67.0,-63.0,1988,7483.902
872,69.0,-67.0,1988,16501.137
873,69.0,-67.0,1989,96070.0
874,69.0,-67.0,1990,500.5
875,69.0,-67.0,2017,338682.1377267707
876,69.0,-65.0,1988,0.001
877,69.0,-65.0,1990,3.0
878,69.0,-63.0,1988,7.789000000000001
879,69.0,-63.0,1990,2.0
880,69.0,-61.0,1988,15090.450400000002
881,69.0,-61.0,1989,3000.0
882,71.0,-67.0,1988,9511.583
883,71.0,-67.0,1989,60.0
884,71.0,-67.0,1990,44.72
885,71.0,-67.0,2017,165154.37546682515
886,71.0,-65.0,1990,53.5
887,71.0,-63.0,1990,6.05
888,71.0,-61.0,1990,60.0
889,73.0,-67.0,1988,4018.5609999999997
890,73.0,-67.0,1989,1240.0
891,73.0,-67.0,1990,5.5
892,73.0,-65.0,1988,0.001
893,73.0,-63.0,1988,5.42
894,73.0,-61.0,1990,1.0
895,75.0,-69.0,1988,0.003
896,75.0,-67.0,1988,32518.612999999998
897,75.0,-67.0,1989,340.0
898,75.0,-67.0,1990,79.90899999999999
899,75.0,-65.0,1988,75.735
900,75.0,-65.0,1989,600.0
901,75.0,-65.0,1990,1.28
902,75.0,-63.0,1988,5500.01
903,75.0,-63.0,1990,3.62
904,75.0,-61.0,1988,10026.217999999999
905,75.0,-61.0,1990,6.8
906,77.0,-67.0,1988,687.62
907,77.0,-67.0,1989,493.562
908,77.0,-67.0,1990,10.4
909,77.0,-65.0,1988,1.3050000000000002
910,77.0,-65.0,1990,0.217
911,77.0,-63.0,1988,13.0
912,77.0,-63.0,1990,0.5
913,79.0,-67.0,1988,5000.0
914,79.0,-67.0,1990,0.6
915,79.0,-65.0,1988,4000.058
916,79.0,-65.0,1990,6.3
917,79.0,-63.0,1988,0.19
918,79.0,-63.0,1990,2.5
919,81.0,-67.0,1988,266.05
920,81.0,-65.0,1988,5004.101
921,81.0,-65.0,1990,0.069
922,81.0,-63.0,1990,0.12
923,83.0,-65.0,2017,9183.96357241399
924,85.0,-65.0,1988,1015.0
925,87.0,-65.0,1988,0.684
926,93.0,-65.0,1991,20510.0
927,93.0,-63.0,1991,60160.0
928,95.0,-63.0,1991,361330.0
929,97.0,-63.0,1991,3600.0
930,99.0,-63.0,1991,13950.0
931,101.0,-63.0,1991,104540.0
932,103.0,-65.0,1991,420.0
933,103.0,-65.0,1995,73625.0
934,103.0,-63.0,1991,1620.0
935,103.0,-63.0,1995,252825.0
936,105.0,-65.0,1993,1951200.0
937,105.0,-65.0,1994,473190.0
938,105.0,-65.0,1995,558225.0
939,105.0,-63.0,1990,1503000.0
940,105.0,-63.0,1991,453560.0
941,105.0,-63.0,1993,434700.0
942,105.0,-63.0,1994,229950.0
943,105.0,-63.0,1995,330225.0
944,107.0,-65.0,1991,200.0
945,107.0,-65.0,1993,1885500.0
946,107.0,-65.0,1994,179740.0
947,107.0,-65.0,1995,6250.0
948,107.0,-63.0,1991,81308.0
949,107.0,-63.0,1993,3000.0
950,107.0,-63.0,1994,1260.0
951,107.0,-63.0,1995,1800.0
952,109.0,-65.0,1993,805100.0
953,109.0,-65.0,1994,2530.0
954,111.0,-65.0,1993,176400.0
955,111.0,-65.0,1994,1440.0
956,111.0,-65.0,1995,1500.0
957,111.0,-63.0,1991,4760.0
958,113.0,-65.0,1993,64200.0
959,115.0,-65.0,1991,1990.0
960,115.0,-65.0,1993,68850.0
961,117.0,-65.0,1990,1393790.0
962,117.0,-65.0,1991,38410.0
963,117.0,-65.0,1993,31150.0
964,117.0,-65.0,1994,5380.0
965,117.0,-63.0,1991,5770.0
966,117.0,-63.0,1993,12500.0
967,119.0,-65.0,1988,1000.0
968,119.0,-65.0,1990,4978100.0
969,119.0,-65.0,1991,99630.0
970,119.0,-65.0,1993,47400.0
971,119.0,-65.0,1994,3970.0
972,119.0,-65.0,1995,34950.0
973,121.0,-65.0,1988,25000.0
974,121.0,-65.0,1990,301324.0
975,121.0,-65.0,1991,31960.0
976,121.0,-65.0,1993,13500.0
977,121.0,-65.0,1994,550.0
978,123.0,-65.0,1990,681244.0
979,123.0,-65.0,1991,7540.0
980,123.0,-65.0,1993,23900.0
981,125.0,-65.0,1990,30610.0
982,125.0,-65.0,1991,4250.0
983,127.0,-65.0,1990,47468.0
984,127.0,-65.0,1993,2400.0
985,127.0,-63.0,1990,25600.0
986,127.0,-63.0,1991,1660.0
987,129.0,-65.0,1990,505982.0
988,129.0,-65.0,1991,2520.0
989,129.0,-65.0,1993,4200.0
990,129.0,-65.0,1995,4900.0
991,129.0,-63.0,1990,800.0
992,129.0,-63.0,1991,880.0
993,131.0,-65.0,1990,11219562.0
994,131.0,-65.0,1991,3900.0
995,131.0,-65.0,1993,22500.0
996,131.0,-63.0,1990,7600.0
997,133.0,-65.0,1990,6448984.0
998,133.0,-65.0,1991,9410.0
999,133.0,-65.0,1993,8300.0
1000,133.0,-65.0,1994,750.0
1001,133.0,-65.0,1995,1800.0
1002,133.0,-63.0,1990,79880.0
1003,135.0,-65.0,1990,2415232.0
1004,135.0,-65.0,1991,1740.0
1005,135.0,-65.0,1993,19300.0
1006,135.0,-65.0,1994,2570.0
1007,137.0,-65.0,1990,125520.0
1008,137.0,-65.0,1991,1000.0
1009,137.0,-65.0,1993,43700.0
1010,139.0,-65.0,1990,70820.0
1011,139.0,-65.0,1991,1830.0
1012,139.0,-65.0,1993,133700.0
1013,139.0,-65.0,1994,160.0
1014,139.0,-63.0,1993,500.0
1015,141.0,-65.0,1990,17380.0
1016,141.0,-65.0,1991,4550.0
1017,141.0,-65.0,1993,200.0
1018,141.0,-65.0,1994,560.0
1019,141.0,-63.0,1993,10100.0
1020,143.0,-65.0,1990,17660.0
1021,145.0,-65.0,1990,1380.0
1022,145.0,-65.0,1991,2760.0
1023,147.0,-65.0,1990,19190.0
1024,149.0,-65.0,1990,3840.0
1025,149.0,-65.0,1991,3750.0
1026,149.0,-65.0,1994,200.0
1027,153.0,-65.0,1991,2500.0
