latitude,longitude,label_grid,mean_seq_time,krill_adult_log,krill_catch_density_log,label
-75,-179,0.0,646.9105478331032,0.92934,0.0,1.0
-75,-177,0.0,601.8823413595088,1.70806,0.0,3.0
-75,-175,0.0,655.2380744761796,1.24843,0.0,1.0
-75,-173,0.0,641.0757110098732,1.46391,0.0,1.0
-75,-171,0.0,620.7530362383503,1.66276,0.0,3.0
-75,-169,0.0,413.1214466720825,1.49866,0.0,0.0
-75,-167,0.0,423.25678609417645,1.30462,0.0,0.0
-75,-165,0.0,427.9461354929372,1.74653,0.0,2.0
-75,-163,0.0,430.31154209358453,1.57327,0.0,2.0
-75,-161,0.0,423.1855063104376,1.45778,0.0,0.0
-75,-159,0.0,440.4839413698804,2.13612,0.0,3.0
-75,-157,0.0,438.35341940587585,1.58161,0.0,3.0
-75,-155,0.0,417.9399237775168,1.35194,0.0,0.0
-75,-153,0.0,407.255241415712,2.85153,0.0,2.0
-75,-151,0.0,422.27484828093105,1.7172,0.0,2.0
-75,-149,0.0,426.40438496225727,1.84309,0.0,2.0
-75,-147,0.0,446.2332076239561,1.82552,0.0,3.0
-75,-145,0.0,16.43573690332559,2.54457,0.0,2.0
-75,-143,0.0,16.53804266597955,2.17565,0.0,2.0
-75,-141,0.0,315.2950856882757,2.41551,0.0,2.0
-75,-139,0.0,,,,
-75,-137,0.0,,,,
-75,-135,0.0,,,,
-75,-133,0.0,,,,
-75,-131,0.0,,,,
-75,-129,0.0,,,,
-75,-127,0.0,,,,
-75,-125,0.0,,,,
-75,-123,0.0,,,,
-75,-121,0.0,,,,
-75,-119,0.0,,,,
-75,-117,0.0,,,,
-75,-115,0.0,,,,
-75,-113,0.0,,,,
-75,-111,0.0,,,,
-75,-109,0.0,,,,
-75,-107,0.0,,,,
-75,-105,0.0,,,,
-75,-103,0.0,,,,
-75,-101,0.0,,,,
-75,-99,0.0,,,,
-75,-97,0.0,,,,
-75,-95,0.0,,,,
-75,-93,0.0,,,,
-75,-91,0.0,,,,
-75,-89,0.0,,,,
-75,-87,0.0,,,,
-75,-85,0.0,,,,
-75,-83,0.0,,,,
-75,-81,0.0,,,,
-75,-79,0.0,,,,
-75,-77,0.0,,,,
-75,-75,0.0,,,,
-75,-73,0.0,,,,
-75,-71,0.0,,,,
-75,-69,0.0,,,,
-75,-67,0.0,,,,
-75,-65,0.0,,,,
-75,-63,0.0,,,,
-75,-61,0.0,,,,
-75,-59,0.0,,,,
-75,-57,0.0,799.0305495100422,2.15491,0.0,3.0
-75,-55,0.0,782.7412184706279,2.22997,0.0,3.0
-75,-53,0.0,771.9216951065646,2.30754,0.0,3.0
-75,-51,0.0,765.0350109457198,2.3692,0.0,3.0
-75,-49,0.0,755.1830349158737,2.55093,0.0,3.0
-75,-47,0.0,742.366257580391,2.44061,0.0,3.0
-75,-45,0.0,557.5632835715115,2.3304,0.0,3.0
-75,-43,0.0,440.8388120668305,2.40791,0.0,3.0
-75,-41,0.0,163.88868180490078,2.33722,0.0,2.0
-75,-39,0.0,236.4867486177758,2.34129,0.0,2.0
-75,-37,0.0,586.3289821228199,2.12602,0.0,3.0
-75,-35,0.0,762.3966117781642,2.39324,0.0,3.0
-75,-33,0.0,776.9261337465407,2.34088,0.0,3.0
-75,-31,0.0,740.4488523761637,2.17867,0.0,3.0
-75,-29,0.0,605.9974490733221,2.35001,0.0,3.0
-75,-27,0.0,145.58879180105959,1.96967,0.0,2.0
-75,-25,0.0,,,,
-75,-23,0.0,,,,
-75,-21,0.0,,,,
-75,-19,0.0,,,,
-75,-17,0.0,,,,
-75,-15,0.0,,,,
-75,-13,0.0,,,,
-75,-11,0.0,,,,
-75,-9,0.0,,,,
-75,-7,0.0,,,,
-75,-5,0.0,,,,
-75,-3,0.0,,,,
-75,-1,0.0,,,,
-75,1,0.0,,,,
-75,3,0.0,,,,
-75,5,0.0,,,,
-75,7,0.0,,,,
-75,9,0.0,,,,
-75,11,0.0,,,,
-75,13,0.0,,,,
-75,15,0.0,,,,
-75,17,0.0,,,,
-75,19,0.0,,,,
-75,21,0.0,,,,
-75,23,0.0,,,,
-75,25,0.0,,,,
-75,27,0.0,,,,
-75,29,0.0,,,,
-75,31,0.0,,,,
-75,33,0.0,,,,
-75,35,0.0,,,,
-75,37,0.0,,,,
-75,39,0.0,,,,
-75,41,0.0,,,,
-75,43,0.0,,,,
-75,45,0.0,,,,
-75,47,0.0,,,,
-75,49,0.0,,,,
-75,51,0.0,,,,
-75,53,0.0,,,,
-75,55,0.0,,,,
-75,57,0.0,,,,
-75,59,0.0,,,,
-75,61,0.0,,,,
-75,63,0.0,,,,
-75,65,0.0,,,,
-75,67,0.0,,,,
-75,69,0.0,,,,
-75,71,0.0,,,,
-75,73,0.0,,,,
-75,75,0.0,,,,
-75,77,0.0,,,,
-75,79,0.0,,,,
-75,81,0.0,,,,
-75,83,0.0,,,,
-75,85,0.0,,,,
-75,87,0.0,,,,
-75,89,0.0,,,,
-75,91,0.0,,,,
-75,93,0.0,,,,
-75,95,0.0,,,,
-75,97,0.0,,,,
-75,99,0.0,,,,
-75,101,0.0,,,,
-75,103,0.0,,,,
-75,105,0.0,,,,
-75,107,0.0,,,,
-75,109,0.0,,,,
-75,111,0.0,,,,
-75,113,0.0,,,,
-75,115,0.0,,,,
-75,117,0.0,,,,
-75,119,0.0,,,,
-75,121,0.0,,,,
-75,123,0.0,,,,
-75,125,0.0,,,,
-75,127,0.0,,,,
-75,129,0.0,,,,
-75,131,0.0,,,,
-75,133,0.0,,,,
-75,135,0.0,,,,
-75,137,0.0,,,,
-75,139,0.0,,,,
-75,141,0.0,,,,
-75,143,0.0,,,,
-75,145,0.0,,,,
-75,147,0.0,,,,
-75,149,0.0,,,,
-75,151,0.0,,,,
-75,153,0.0,,,,
-75,155,0.0,,,,
-75,157,0.0,,,,
-75,159,0.0,,,,
-75,161,0.0,,,,
-75,163,0.0,,,,
-75,165,0.0,-0.0,1.3642,0.0,0.0
-75,167,0.0,-0.0,2.2336,0.0,2.0
-75,169,0.0,2.7215876857981787,1.59838,0.0,2.0
-75,171,0.0,766.5534194664775,2.02359,0.0,3.0
-75,173,0.0,782.9927722449064,1.89829,0.0,3.0
-75,175,0.0,414.15645143908824,1.71869,0.0,2.0
-75,177,0.0,528.6626711422747,2.18816,0.0,3.0
-75,179,0.0,627.4271483096855,1.22522,0.0,1.0
-73,-179,0.0,640.3098464948225,1.08243,0.0,1.0
-73,-177,0.0,578.5561656541986,1.46508,0.0,1.0
-73,-175,0.0,649.2190298746384,1.61069,0.0,3.0
-73,-173,0.0,489.75283194097653,1.63985,0.0,3.0
-73,-171,0.0,494.19395721913384,1.74987,0.0,3.0
-73,-169,0.0,495.8476608753788,1.95981,0.0,3.0
-73,-167,0.0,496.53950846231527,1.60075,0.0,3.0
-73,-165,0.0,482.61566743579647,1.494,0.0,1.0
-73,-163,0.0,470.93808358783247,1.21143,0.0,1.0
-73,-161,0.0,478.0588778345485,1.24454,0.0,1.0
-73,-159,0.0,474.56640116253635,0.8919,0.0,1.0
-73,-157,0.0,468.7603938619502,0.66251,0.0,1.0
-73,-155,0.0,460.8440338148978,1.26025,0.0,1.0
-73,-153,0.0,461.1959545171609,1.04745,0.0,1.0
-73,-151,0.0,468.201894720093,1.30085,0.0,1.0
-73,-149,0.0,468.49038461033166,1.49622,0.0,1.0
-73,-147,0.0,461.31525349488743,1.30298,0.0,1.0
-73,-145,0.0,446.3790503159661,0.98487,0.0,1.0
-73,-143,0.0,411.6906545819403,1.84313,0.0,2.0
-73,-141,0.0,389.20288152629587,1.7091,0.0,2.0
-73,-139,0.0,364.2409949774259,1.48985,0.0,0.0
-73,-137,0.0,468.0665797230981,1.49145,0.0,1.0
-73,-135,0.0,374.07287552049985,1.60055,0.0,2.0
-73,-133,0.0,493.26961567119855,2.16528,0.0,3.0
-73,-131,0.0,260.08900779509975,2.88382,0.0,2.0
-73,-129,0.0,258.4436236066113,2.23746,0.0,2.0
-73,-127,0.0,,,,
-73,-125,0.0,109.52164636719482,2.84326,0.0,2.0
-73,-123,0.0,129.1517586217769,1.81192,0.0,2.0
-73,-121,0.0,62.346502785629966,2.64326,0.0,2.0
-73,-119,0.0,46.701504944799,2.67507,0.0,2.0
-73,-117,0.0,44.90501901577822,2.16924,0.0,2.0
-73,-115,0.0,209.36056691137918,2.62746,0.0,2.0
-73,-113,0.0,69.53518313691588,2.24842,0.0,2.0
-73,-111,0.0,31.447647698534837,2.33796,0.0,2.0
-73,-109,0.0,,,,
-73,-107,0.0,436.61098262561654,2.0595,0.0,3.0
-73,-105,0.0,,,,
-73,-103,0.0,,,,
-73,-101,0.0,,,,
-73,-99,0.0,,,,
-73,-97,0.0,,,,
-73,-95,0.0,,,,
-73,-93,0.0,,,,
-73,-91,0.0,,,,
-73,-89,0.0,,,,
-73,-87,0.0,,,,
-73,-85,0.0,,,,
-73,-83,0.0,257.1072159970132,3.01192,0.0,2.0
-73,-81,0.0,167.03503021470027,3.4219,0.0,2.0
-73,-79,0.0,,,,
-73,-77,0.0,,,,
-73,-75,0.0,,,,
-73,-73,0.0,,,,
-73,-71,0.0,,,,
-73,-69,0.0,,,,
-73,-67,0.0,,,,
-73,-65,0.0,,,,
-73,-63,0.0,,,,
-73,-61,0.0,,,,
-73,-59,0.0,0.0,1.04273,0.0,0.0
-73,-57,0.0,725.5903678083274,2.04066,0.0,3.0
-73,-55,0.0,747.0622101614633,2.26922,0.0,3.0
-73,-53,0.0,739.7703760366545,2.27178,0.0,3.0
-73,-51,0.0,711.5851861696266,2.39861,0.0,3.0
-73,-49,0.0,213.77141263669847,2.27261,0.0,2.0
-73,-47,0.0,609.178721741692,2.28185,0.0,3.0
-73,-45,0.0,701.1154660011456,2.27454,0.0,3.0
-73,-43,0.0,733.5783659035646,2.49546,0.0,3.0
-73,-41,0.0,718.2674335255463,2.3992,0.0,3.0
-73,-39,0.0,696.4830990339221,2.33821,0.0,3.0
-73,-37,0.0,543.0918215814305,2.55744,0.0,3.0
-73,-35,0.0,592.7567435381904,2.3164,0.0,3.0
-73,-33,0.0,608.7222203263707,2.32433,0.0,3.0
-73,-31,0.0,622.1150798360699,2.35521,0.0,3.0
-73,-29,0.0,595.3730575849012,2.35647,0.0,3.0
-73,-27,0.0,537.957568012447,2.19454,0.0,3.0
-73,-25,0.0,496.95766176785446,2.0004,0.0,3.0
-73,-23,0.0,551.6762235738867,2.05039,0.0,3.0
-73,-21,0.0,310.2538157048318,1.76457,0.0,2.0
-73,-19,0.0,,,,
-73,-17,0.0,,,,
-73,-15,0.0,,,,
-73,-13,0.0,,,,
-73,-11,0.0,,,,
-73,-9,0.0,,,,
-73,-7,0.0,,,,
-73,-5,0.0,,,,
-73,-3,0.0,,,,
-73,-1,0.0,,,,
-73,1,0.0,,,,
-73,3,0.0,,,,
-73,5,0.0,,,,
-73,7,0.0,,,,
-73,9,0.0,,,,
-73,11,0.0,,,,
-73,13,0.0,,,,
-73,15,0.0,,,,
-73,17,0.0,,,,
-73,19,0.0,,,,
-73,21,0.0,,,,
-73,23,0.0,,,,
-73,25,0.0,,,,
-73,27,0.0,,,,
-73,29,0.0,,,,
-73,31,0.0,,,,
-73,33,0.0,,,,
-73,35,0.0,,,,
-73,37,0.0,,,,
-73,39,0.0,,,,
-73,41,0.0,,,,
-73,43,0.0,,,,
-73,45,0.0,,,,
-73,47,0.0,,,,
-73,49,0.0,,,,
-73,51,0.0,,,,
-73,53,0.0,,,,
-73,55,0.0,,,,
-73,57,0.0,,,,
-73,59,0.0,,,,
-73,61,0.0,,,,
-73,63,0.0,,,,
-73,65,0.0,,,,
-73,67,0.0,,,,
-73,69,0.0,,,,
-73,71,0.0,,,,
-73,73,0.0,,,,
-73,75,0.0,,,,
-73,77,0.0,,,,
-73,79,0.0,,,,
-73,81,0.0,,,,
-73,83,0.0,,,,
-73,85,0.0,,,,
-73,87,0.0,,,,
-73,89,0.0,,,,
-73,91,0.0,,,,
-73,93,0.0,,,,
-73,95,0.0,,,,
-73,97,0.0,,,,
-73,99,0.0,,,,
-73,101,0.0,,,,
-73,103,0.0,,,,
-73,105,0.0,,,,
-73,107,0.0,,,,
-73,109,0.0,,,,
-73,111,0.0,,,,
-73,113,0.0,,,,
-73,115,0.0,,,,
-73,117,0.0,,,,
-73,119,0.0,,,,
-73,121,0.0,,,,
-73,123,0.0,,,,
-73,125,0.0,,,,
-73,127,0.0,,,,
-73,129,0.0,,,,
-73,131,0.0,,,,
-73,133,0.0,,,,
-73,135,0.0,,,,
-73,137,0.0,,,,
-73,139,0.0,,,,
-73,141,0.0,,,,
-73,143,0.0,,,,
-73,145,0.0,,,,
-73,147,0.0,,,,
-73,149,0.0,,,,
-73,151,0.0,,,,
-73,153,0.0,,,,
-73,155,0.0,,,,
-73,157,0.0,,,,
-73,159,0.0,,,,
-73,161,0.0,,,,
-73,163,0.0,,,,
-73,165,0.0,,,,
-73,167,0.0,,,,
-73,169,0.0,,,,
-73,171,0.0,800.4122138249321,1.33518,0.0,1.0
-73,173,0.0,757.9534413883744,2.48847,0.0,3.0
-73,175,0.0,718.491270843728,2.09382,0.0,3.0
-73,177,0.0,734.7116669576297,1.25959,0.0,1.0
-73,179,0.0,728.7404011131657,1.51962,0.0,1.0
-71,-179,0.0,678.4175315034134,1.88111,0.0,3.0
-71,-177,0.0,642.3144758698604,1.45895,0.0,1.0
-71,-175,0.0,488.9371896248449,1.56047,0.0,3.0
-71,-173,0.0,493.8653579062066,1.3723,0.0,1.0
-71,-171,0.0,505.6760648738334,1.09632,0.0,1.0
-71,-169,0.0,586.9531357335094,1.14541,0.0,1.0
-71,-167,0.0,577.435416939177,0.96874,0.0,1.0
-71,-165,0.0,567.1106070535297,1.43336,0.0,1.0
-71,-163,0.0,495.7269170415161,1.09303,0.0,1.0
-71,-161,0.0,489.68553559051725,1.10503,0.0,1.0
-71,-159,0.0,486.2764984760314,1.2679,0.0,1.0
-71,-157,0.0,546.355998932169,0.97435,0.0,1.0
-71,-155,0.0,544.2042222738893,1.21616,0.0,1.0
-71,-153,0.0,545.2218634157427,1.20205,0.0,1.0
-71,-151,0.0,550.1585196664896,0.83323,0.0,1.0
-71,-149,0.0,551.7680129281811,0.85811,0.0,1.0
-71,-147,0.0,548.2565512277371,1.16825,0.0,1.0
-71,-145,0.0,541.0831930780175,1.11697,0.0,1.0
-71,-143,0.0,527.1042916962272,1.23237,0.0,1.0
-71,-141,0.0,444.7762148528305,0.97789,0.0,1.0
-71,-139,0.0,425.29863077155557,0.79222,0.0,0.0
-71,-137,0.0,415.1351753239142,1.26888,0.0,0.0
-71,-135,0.0,401.85968290575715,1.17785,0.0,0.0
-71,-133,0.0,401.37322198106375,1.08001,0.0,0.0
-71,-131,0.0,390.6600147148871,1.30123,0.0,0.0
-71,-129,0.0,479.8773294863851,1.36754,0.0,1.0
-71,-127,0.0,482.9504749835393,1.86343,0.0,3.0
-71,-125,0.0,474.04914211899404,2.28143,0.0,3.0
-71,-123,0.0,485.58486217116064,2.25037,0.0,3.0
-71,-121,0.0,477.6220794229126,2.14545,0.0,3.0
-71,-119,0.0,462.6058299507287,2.13451,0.0,3.0
-71,-117,0.0,445.85348693644295,2.14701,0.0,3.0
-71,-115,0.0,453.97547569705387,1.63069,0.0,3.0
-71,-113,0.0,455.37729863335306,2.21962,0.0,3.0
-71,-111,0.0,440.4519625621292,1.74347,0.0,3.0
-71,-109,0.0,274.03772594451516,1.73043,0.0,2.0
-71,-107,0.0,273.3238369856357,2.11438,0.0,2.0
-71,-105,0.0,314.19029492267,1.98234,0.0,2.0
-71,-103,0.0,363.042773164875,2.30894,0.0,2.0
-71,-101,0.0,213.06224774342726,1.85716,0.0,2.0
-71,-99,0.0,294.7418505244958,2.94817,0.0,2.0
-71,-97,0.0,276.3644675149692,2.99297,0.0,2.0
-71,-95,0.0,266.14499804533716,2.72157,0.0,2.0
-71,-93,0.0,225.32155173563123,2.24801,0.0,2.0
-71,-91,0.0,261.4706064638653,2.44679,0.0,2.0
-71,-89,0.0,265.35350047410634,2.41894,0.0,2.0
-71,-87,0.0,262.9077397781703,2.66676,0.0,2.0
-71,-85,0.0,251.47661084311622,2.47893,0.0,2.0
-71,-83,0.0,246.15303714780853,2.36365,0.0,2.0
-71,-81,0.0,214.89039199715404,2.11881,0.0,2.0
-71,-79,0.0,243.7714144535173,2.56273,0.0,2.0
-71,-77,0.0,248.81826069563158,2.39248,0.0,2.0
-71,-75,0.0,,,,
-71,-73,0.0,,,,
-71,-71,0.0,,,,
-71,-69,0.0,,,,
-71,-67,0.0,,,,
-71,-65,0.0,,,,
-71,-63,0.0,,,,
-71,-61,0.0,,,,
-71,-59,0.0,0.0,1.99527,0.0,2.0
-71,-57,0.0,0.0,2.2532,0.0,2.0
-71,-55,0.0,706.503036053335,2.27559,0.0,3.0
-71,-53,0.0,748.1982877227194,2.24081,0.0,3.0
-71,-51,0.0,743.3062155361912,2.27823,0.0,3.0
-71,-49,0.0,734.2970942273435,2.09222,0.0,3.0
-71,-47,0.0,731.040551119355,2.01314,0.0,3.0
-71,-45,0.0,588.6092976708635,2.21185,0.0,3.0
-71,-43,0.0,607.689766215264,2.54696,0.0,3.0
-71,-41,0.0,616.2665344284072,2.04348,0.0,3.0
-71,-39,0.0,617.7481382450877,2.32431,0.0,3.0
-71,-37,0.0,611.2166441426061,2.19061,0.0,3.0
-71,-35,0.0,708.6806683652343,2.22842,0.0,3.0
-71,-33,0.0,636.35458338547,2.22971,0.0,3.0
-71,-31,0.0,648.4037055792746,2.19362,0.0,3.0
-71,-29,0.0,636.0656969138125,2.24377,0.0,3.0
-71,-27,0.0,679.8880474009576,2.21081,0.0,3.0
-71,-25,0.0,570.8252597256061,2.11264,0.0,3.0
-71,-23,0.0,536.0658268597825,1.87793,0.0,3.0
-71,-21,0.0,531.9972768729253,1.49383,0.0,1.0
-71,-19,0.0,529.8720441145744,1.91435,0.0,3.0
-71,-17,0.0,584.6691424876984,1.88664,0.0,3.0
-71,-15,0.0,567.0943296093061,1.9042,0.0,3.0
-71,-13,0.0,19.896885785217734,2.08449,0.0,2.0
-71,-11,0.0,,,,
-71,-9,0.0,,,,
-71,-7,0.0,,,,
-71,-5,0.0,,,,
-71,-3,0.0,,,,
-71,-1,0.0,,,,
-71,1,0.0,,,,
-71,3,0.0,,,,
-71,5,0.0,,,,
-71,7,0.0,,,,
-71,9,0.0,,,,
-71,11,0.0,,,,
-71,13,0.0,,,,
-71,15,0.0,,,,
-71,17,0.0,,,,
-71,19,0.0,,,,
-71,21,0.0,,,,
-71,23,0.0,,,,
-71,25,0.0,,,,
-71,27,0.0,,,,
-71,29,0.0,,,,
-71,31,0.0,,,,
-71,33,0.0,,,,
-71,35,0.0,,,,
-71,37,0.0,,,,
-71,39,0.0,,,,
-71,41,0.0,,,,
-71,43,0.0,,,,
-71,45,0.0,,,,
-71,47,0.0,,,,
-71,49,0.0,,,,
-71,51,0.0,,,,
-71,53,0.0,,,,
-71,55,0.0,,,,
-71,57,0.0,,,,
-71,59,0.0,,,,
-71,61,0.0,,,,
-71,63,0.0,,,,
-71,65,0.0,,,,
-71,67,0.0,,,,
-71,69,0.0,,,,
-71,71,0.0,,,,
-71,73,0.0,,,,
-71,75,0.0,,,,
-71,77,0.0,,,,
-71,79,0.0,,,,
-71,81,0.0,,,,
-71,83,0.0,,,,
-71,85,0.0,,,,
-71,87,0.0,,,,
-71,89,0.0,,,,
-71,91,0.0,,,,
-71,93,0.0,,,,
-71,95,0.0,,,,
-71,97,0.0,,,,
-71,99,0.0,,,,
-71,101,0.0,,,,
-71,103,0.0,,,,
-71,105,0.0,,,,
-71,107,0.0,,,,
-71,109,0.0,,,,
-71,111,0.0,,,,
-71,113,0.0,,,,
-71,115,0.0,,,,
-71,117,0.0,,,,
-71,119,0.0,,,,
-71,121,0.0,,,,
-71,123,0.0,,,,
-71,125,0.0,,,,
-71,127,0.0,,,,
-71,129,0.0,,,,
-71,131,0.0,,,,
-71,133,0.0,,,,
-71,135,0.0,,,,
-71,137,0.0,,,,
-71,139,0.0,,,,
-71,141,0.0,,,,
-71,143,0.0,,,,
-71,145,0.0,,,,
-71,147,0.0,,,,
-71,149,0.0,,,,
-71,151,0.0,,,,
-71,153,0.0,,,,
-71,155,0.0,,,,
-71,157,0.0,,,,
-71,159,0.0,,,,
-71,161,0.0,,,,
-71,163,0.0,,,,
-71,165,0.0,,,,
-71,167,0.0,,,,
-71,169,0.0,,,,
-71,171,0.0,665.6974091503854,1.59694,0.0,3.0
-71,173,0.0,772.6903439388657,1.66359,0.0,3.0
-71,175,0.0,568.4761801892815,1.54356,0.0,3.0
-71,177,0.0,750.2563982750722,1.27459,0.0,1.0
-71,179,0.0,714.1767986294171,1.15033,0.0,1.0
-69,-179,0.0,626.0666865552483,1.95139,0.0,3.0
-69,-177,0.0,509.77885198495954,1.29225,0.0,1.0
-69,-175,0.0,490.104390642476,1.49955,0.0,1.0
-69,-173,0.0,566.4800392504819,1.82217,0.0,3.0
-69,-171,0.0,565.4000035390536,1.12145,0.0,1.0
-69,-169,0.0,492.27012183739726,1.3187,0.0,1.0
-69,-167,0.0,490.55793216152165,1.25306,0.0,1.0
-69,-165,0.0,560.6748631944397,1.09213,0.0,1.0
-69,-163,0.0,498.48397204045693,1.28798,0.0,1.0
-69,-161,0.0,562.0450287688146,1.19233,0.0,1.0
-69,-159,0.0,563.9405228071142,1.0494,0.0,1.0
-69,-157,0.0,567.4389914068062,0.98227,0.0,1.0
-69,-155,0.0,572.4475830079964,1.05251,0.0,1.0
-69,-153,0.0,576.8710401587712,1.00536,0.0,1.0
-69,-151,0.0,524.1488322168588,1.15053,0.0,1.0
-69,-149,0.0,523.3051405984112,1.23545,0.0,1.0
-69,-147,0.0,518.2878228477911,1.23945,0.0,1.0
-69,-145,0.0,560.9723107758427,1.16747,0.0,1.0
-69,-143,0.0,546.7707535587678,1.36905,0.0,1.0
-69,-141,0.0,523.7175938004292,1.2588,0.0,1.0
-69,-139,0.0,443.1908803777376,1.2976,0.0,1.0
-69,-137,0.0,421.9444268453758,1.33164,0.0,0.0
-69,-135,0.0,464.29211382530485,1.05471,0.0,1.0
-69,-133,0.0,457.16367929396534,1.09155,0.0,1.0
-69,-131,0.0,449.2682661703566,1.14489,0.0,1.0
-69,-129,0.0,455.7835011571439,0.8809,0.0,1.0
-69,-127,0.0,457.46040561000837,1.31118,0.0,1.0
-69,-125,0.0,455.3718023653637,1.451,0.0,1.0
-69,-123,0.0,401.40860720965316,1.195,0.0,0.0
-69,-121,0.0,297.5168629574835,1.46444,0.0,0.0
-69,-119,0.0,399.23713023651993,1.46281,0.0,0.0
-69,-117,0.0,439.20089877243083,1.80797,0.0,3.0
-69,-115,0.0,447.54818683179735,1.38567,0.0,1.0
-69,-113,0.0,381.35065088698576,1.45453,0.0,0.0
-69,-111,0.0,456.5476531323343,1.36434,0.0,1.0
-69,-109,0.0,381.5906203708124,1.29605,0.0,0.0
-69,-107,0.0,447.63093677402145,1.66916,0.0,3.0
-69,-105,0.0,437.30118619226346,1.23827,0.0,1.0
-69,-103,0.0,431.6102294757832,1.43463,0.0,0.0
-69,-101,0.0,354.06925298865184,1.29727,0.0,0.0
-69,-99,0.0,354.84974926111,1.31127,0.0,0.0
-69,-97,0.0,356.41262420311097,1.33793,0.0,0.0
-69,-95,0.0,346.5372919742846,1.90103,0.0,2.0
-69,-93,0.0,352.1067245328517,1.16143,0.0,0.0
-69,-91,0.0,425.40862378802575,1.24502,0.0,0.0
-69,-89,0.0,325.9535503965004,2.21864,0.0,2.0
-69,-87,0.0,420.12688127601155,1.86771,0.0,2.0
-69,-85,0.0,305.90975065157437,1.59406,0.0,2.0
-69,-83,0.0,286.27550785597896,1.55829,0.0,2.0
-69,-81,0.0,383.7670474101782,1.84083,0.0,2.0
-69,-79,0.0,236.12558458360647,1.64445,0.0,2.0
-69,-77,0.0,227.04745786297133,1.88102,0.0,2.0
-69,-75,0.0,190.4938485116366,2.556,0.0,2.0
-69,-73,0.0,60.73920750111437,2.02424,0.0,2.0
-69,-71,0.0,,,,
-69,-69,0.0,-0.0,3.15548,0.0,2.0
-69,-67,0.0,,,,
-69,-65,0.0,,,,
-69,-63,0.0,,,,
-69,-61,0.0,,,,
-69,-59,0.0,547.4918041252566,1.45185,0.0,1.0
-69,-57,0.0,0.0,1.81062,0.0,2.0
-69,-55,0.0,723.0692519071335,1.6662,0.0,3.0
-69,-53,0.0,551.6341911031442,1.99913,0.0,3.0
-69,-51,0.0,594.9722106830324,1.91995,0.0,3.0
-69,-49,0.0,732.4915961957922,1.47067,0.0,1.0
-69,-47,0.0,619.981272628537,1.87071,0.0,3.0
-69,-45,0.0,633.7622181749833,2.09052,0.0,3.0
-69,-43,0.0,730.0120698450844,2.20732,0.0,3.0
-69,-41,0.0,729.370731079046,2.28854,0.0,3.0
-69,-39,0.0,653.3423631799295,2.36984,0.0,3.0
-69,-37,0.0,714.6829125292818,2.16707,0.0,3.0
-69,-35,0.0,709.4642400302381,2.04873,0.0,3.0
-69,-33,0.0,650.2432139846555,2.02955,0.0,3.0
-69,-31,0.0,711.0247901813435,2.04844,0.0,3.0
-69,-29,0.0,704.6309854814731,1.99934,0.0,3.0
-69,-27,0.0,683.7183213762701,1.9482,0.0,3.0
-69,-25,0.0,667.3502101539558,1.87003,0.0,3.0
-69,-23,0.0,650.6907089835628,1.86437,0.0,3.0
-69,-21,0.0,644.9585232331563,1.82697,0.0,3.0
-69,-19,0.0,639.2792008569247,1.49568,0.0,1.0
-69,-17,0.0,621.1573763872755,1.69574,0.0,3.0
-69,-15,0.0,532.4293063340104,1.85384,0.0,3.0
-69,-13,0.0,511.16973515675227,1.94068,0.0,3.0
-69,-11,0.0,567.5647872307604,1.91419,0.0,3.0
-69,-9,0.0,578.2924733129836,1.62182,0.0,3.0
-69,-7,0.0,575.8208784237962,1.98381,0.0,3.0
-69,-5,0.0,554.2560620328009,2.24623,0.0,3.0
-69,-3,0.0,556.942824201672,1.75433,0.0,3.0
-69,-1,0.0,552.1792814897137,1.92072,0.0,3.0
-69,1,0.0,555.0108316465022,1.80134,0.0,3.0
-69,3,0.0,614.4323949965045,1.85541,0.0,3.0
-69,5,0.0,739.0607916751941,2.53034,1.4208831608336479,3.0
-69,7,0.0,828.7734283116062,2.11914,0.0018132007465349175,3.0
-69,9,0.0,870.1732844279442,1.99226,0.0010860824866991432,3.0
-69,11,0.0,885.8217242863819,1.94174,0.0,3.0
-69,13,0.0,890.9642994184868,2.01047,2.75942950498823,3.0
-69,15,0.0,879.7907815622422,2.05616,0.0,3.0
-69,17,0.0,859.8493047436965,2.10538,0.0,3.0
-69,19,0.0,836.6923579519042,2.16516,0.0,3.0
-69,21,0.0,812.9497498393106,2.13476,0.0,3.0
-69,23,0.0,791.0190036566825,2.15203,0.0,3.0
-69,25,0.0,765.3097012727837,2.14269,0.0,3.0
-69,27,0.0,738.2697843498873,2.08061,0.0,3.0
-69,29,0.0,661.7821237918137,2.05415,3.221414781454172,3.0
-69,31,0.0,,,,
-69,33,0.0,,,,
-69,35,0.0,,,,
-69,37,0.0,687.9334750167259,2.13513,0.006828575518196916,3.0
-69,39,0.0,489.38656629070874,2.05748,4.229834969013802,3.0
-69,41,0.0,,,,
-69,43,0.0,,,,
-69,45,0.0,,,,
-69,47,0.0,,,,
-69,49,0.0,,,,
-69,51,0.0,,,,
-69,53,0.0,,,,
-69,55,0.0,,,,
-69,57,0.0,,,,
-69,59,0.0,,,,
-69,61,0.0,,,,
-69,63,0.0,,,,
-69,65,0.0,,,,
-69,67,0.0,,,,
-69,69,0.0,,,,
-69,71,0.0,,,,
-69,73,0.0,,,,
-69,75,0.0,931.0673836754546,1.63685,2.06471355628221e-05,3.0
-69,77,0.0,,,,
-69,79,0.0,,,,
-69,81,0.0,,,,
-69,83,0.0,,,,
-69,85,0.0,,,,
-69,87,0.0,,,,
-69,89,0.0,,,,
-69,91,0.0,,,,
-69,93,0.0,,,,
-69,95,0.0,,,,
-69,97,0.0,,,,
-69,99,0.0,,,,
-69,101,0.0,,,,
-69,103,0.0,,,,
-69,105,0.0,,,,
-69,107,0.0,,,,
-69,109,0.0,,,,
-69,111,0.0,,,,
-69,113,0.0,,,,
-69,115,0.0,,,,
-69,117,0.0,,,,
-69,119,0.0,,,,
-69,121,0.0,,,,
-69,123,0.0,,,,
-69,125,0.0,,,,
-69,127,0.0,,,,
-69,129,0.0,,,,
-69,131,0.0,,,,
-69,133,0.0,,,,
-69,135,0.0,,,,
-69,137,0.0,,,,
-69,139,0.0,,,,
-69,141,0.0,,,,
-69,143,0.0,,,,
-69,145,0.0,,,,
-69,147,0.0,,,,
-69,149,0.0,,,,
-69,151,0.0,,,,
-69,153,0.0,,,,
-69,155,0.0,,,,
-69,157,0.0,,,,
-69,159,0.0,,,,
-69,161,0.0,109.84469274943798,1.76955,0.0,2.0
-69,163,0.0,578.0843110105906,1.46903,0.0,1.0
-69,165,0.0,587.0071924160668,1.40434,0.0,1.0
-69,167,0.0,592.6533159082766,1.54005,0.0,3.0
-69,169,0.0,622.7067496879084,1.3192,0.0,1.0
-69,171,0.0,645.5237439294614,1.37543,0.0,1.0
-69,173,0.0,676.7317913385881,1.38216,0.0,1.0
-69,175,0.0,684.8898791628733,1.3576,0.0,1.0
-69,177,0.0,555.6648406458736,1.1355,0.0,1.0
-69,179,0.0,551.8881988029356,1.07885,0.0,1.0
-67,-179,0.0,511.8521105659604,1.36419,0.0,1.0
-67,-177,0.0,411.54452106886174,1.25493,0.0,0.0
-67,-175,0.0,493.5804679425289,1.3535,0.0,1.0
-67,-173,0.0,496.9807477111759,1.21393,0.0,1.0
-67,-171,0.0,511.23609069417535,1.3344,0.0,1.0
-67,-169,0.0,527.6275575789691,1.09301,0.0,1.0
-67,-167,0.0,538.4093821646287,1.04721,0.0,1.0
-67,-165,0.0,539.6189815589762,0.87909,0.0,1.0
-67,-163,0.0,544.2589681058708,0.92501,0.0,1.0
-67,-161,0.0,552.135518244059,0.72876,0.0,1.0
-67,-159,0.0,567.9342482958874,0.88844,0.0,1.0
-67,-157,0.0,579.8208697678047,1.0544,0.0,1.0
-67,-155,0.0,592.616416056163,1.00672,0.0,1.0
-67,-153,0.0,596.975381865153,1.07712,0.0,1.0
-67,-151,0.0,585.8522047405545,1.00136,0.0,1.0
-67,-149,0.0,584.5899299625469,1.15441,0.0,1.0
-67,-147,0.0,580.2989372707891,1.97461,0.0,3.0
-67,-145,0.0,515.563547191719,1.30566,0.0,1.0
-67,-143,0.0,558.8253683873816,1.24758,0.0,1.0
-67,-141,0.0,530.7505706959116,1.22579,0.0,1.0
-67,-139,0.0,499.15201158460053,1.16904,0.0,1.0
-67,-137,0.0,472.36566754352106,1.36984,0.0,1.0
-67,-135,0.0,454.6246735604394,1.2172,0.0,1.0
-67,-133,0.0,443.1896359080828,1.42843,0.0,1.0
-67,-131,0.0,436.55981738682175,1.17281,0.0,1.0
-67,-129,0.0,434.62669699868337,1.23252,0.0,0.0
-67,-127,0.0,431.9209466147189,0.98663,0.0,0.0
-67,-125,0.0,426.7755068682162,1.28797,0.0,0.0
-67,-123,0.0,422.59688568528816,1.44736,0.0,0.0
-67,-121,0.0,417.51028476033156,0.82301,0.0,0.0
-67,-119,0.0,412.7220051423726,1.17956,0.0,0.0
-67,-117,0.0,409.8873312647382,1.37924,0.0,0.0
-67,-115,0.0,406.79485357101544,0.79124,0.0,0.0
-67,-113,0.0,406.0468489049827,1.05457,0.0,0.0
-67,-111,0.0,405.88657959743847,1.10388,0.0,0.0
-67,-109,0.0,405.12248365480303,0.95931,0.0,0.0
-67,-107,0.0,399.5911041380179,0.8515,0.0,0.0
-67,-105,0.0,394.57491320354524,1.02236,0.0,0.0
-67,-103,0.0,393.56528538047564,0.76828,0.0,0.0
-67,-101,0.0,394.49175300907933,0.79831,0.0,0.0
-67,-99,0.0,396.4002463204447,1.22771,0.0,0.0
-67,-97,0.0,396.9702551410594,1.15818,0.0,0.0
-67,-95,0.0,397.71854817711557,0.84517,0.0,0.0
-67,-93,0.0,346.723762476722,0.86493,0.0,0.0
-67,-91,0.0,347.3394586111052,0.85236,0.0,0.0
-67,-89,0.0,337.8885267358448,1.25878,0.0,0.0
-67,-87,0.0,337.4357304943996,1.1039,0.0,0.0
-67,-85,0.0,337.9985421805575,1.88028,0.0,2.0
-67,-83,0.0,330.90646231986705,0.64902,0.0,0.0
-67,-81,0.0,328.5773800603463,1.18098,0.0,0.0
-67,-79,0.0,339.7362375009647,1.48149,0.0,0.0
-67,-77,0.0,323.72244596095624,1.70048,0.0,2.0
-67,-75,0.0,318.4008244373815,1.61023,0.0,2.0
-67,-73,0.0,171.38548840567069,1.53606,0.0,2.0
-67,-71,0.0,203.32557569763975,2.47423,0.0,2.0
-67,-69,0.0,156.91725540830862,2.92084,1.683398809733124,2.0
-67,-67,0.0,,,,
-67,-65,0.0,,,,
-67,-63,0.0,,,,
-67,-61,0.0,,,,
-67,-59,0.0,9.50929070195253,0.8646,0.0,0.0
-67,-57,0.0,399.7720768084013,1.28946,2.525442843917256,0.0
-67,-55,0.0,676.7664360933195,1.82011,0.0,3.0
-67,-53,0.0,535.736245395154,1.80219,0.0,3.0
-67,-51,0.0,583.4588668599108,1.54169,0.0,3.0
-67,-49,0.0,595.959673781572,1.74562,0.0,3.0
-67,-47,0.0,598.3230375979166,1.8986,0.0,3.0
-67,-45,0.0,609.0027687015316,1.93746,0.0,3.0
-67,-43,0.0,622.4403264177616,2.17186,0.0,3.0
-67,-41,0.0,695.3937496111632,2.20863,0.0,3.0
-67,-39,0.0,636.3343587469207,2.22853,0.0,3.0
-67,-37,0.0,697.0392638206093,2.15429,0.0,3.0
-67,-35,0.0,691.8225201362407,2.21575,0.0,3.0
-67,-33,0.0,689.1114455394262,2.11503,0.0,3.0
-67,-31,0.0,690.7590813566623,1.81826,0.0,3.0
-67,-29,0.0,688.8642548887922,1.72761,0.0,3.0
-67,-27,0.0,675.1505001175236,2.13164,0.0,3.0
-67,-25,0.0,667.1695957311755,1.83272,0.0,3.0
-67,-23,0.0,666.9788888147597,1.63271,0.0,3.0
-67,-21,0.0,625.9145530532352,1.62888,0.0,3.0
-67,-19,0.0,621.9250387782137,1.49736,0.0,1.0
-67,-17,0.0,645.7233173345797,1.50473,0.0,1.0
-67,-15,0.0,580.6550795286635,1.36669,0.0,1.0
-67,-13,0.0,562.3093642359008,1.23809,0.0,1.0
-67,-11,0.0,552.6877186250056,0.90248,0.0,1.0
-67,-9,0.0,591.9703500837917,1.72577,0.0,3.0
-67,-7,0.0,539.3249203347228,1.6874,0.0,3.0
-67,-5,0.0,580.1896271891336,1.64225,0.0,3.0
-67,-3,0.0,514.3248134946202,1.74386,0.0,3.0
-67,-1,0.0,513.6326470127216,1.67813,0.0,3.0
-67,1,0.0,508.901343381463,1.79188,0.0,3.0
-67,3,0.0,607.9842676563131,1.72545,0.833506429555453,3.0
-67,5,0.0,596.6337715575055,1.79468,2.3692127667626526,3.0
-67,7,0.0,743.433601925849,2.32463,0.013057983463506947,3.0
-67,9,0.0,799.6817991632333,2.03489,0.0,3.0
-67,11,0.0,822.2280313643136,1.75126,0.0,3.0
-67,13,0.0,817.4197574217147,1.57469,0.0,3.0
-67,15,0.0,800.0763025839392,1.98889,0.32017373211837896,3.0
-67,17,0.0,706.6375199033855,2.05086,0.10243103981919785,3.0
-67,19,0.0,683.1269030064213,1.78056,0.0,3.0
-67,21,0.0,663.6944728466488,1.86168,0.0,3.0
-67,23,0.0,647.206217993773,1.56888,0.05893857838213485,3.0
-67,25,0.0,636.994928693825,1.77402,0.0,3.0
-67,27,0.0,701.4041439984883,1.81926,0.03046835022249347,3.0
-67,29,0.0,620.3185743973254,1.88666,0.0,3.0
-67,31,0.0,616.0900323244113,1.75388,0.012444997339394992,3.0
-67,33,0.0,661.4357031600775,1.77033,0.6207519768843295,3.0
-67,35,0.0,639.8216598973901,1.61666,0.04208134892578414,3.0
-67,37,0.0,641.9480497653165,1.67093,0.5918455114894173,3.0
-67,39,0.0,684.4442613386564,1.46272,1.7921330898739378,1.0
-67,41,0.0,737.7311902706303,1.48824,2.608339914760108,1.0
-67,43,0.0,893.5467082283412,1.84051,2.2619223644816757,3.0
-67,45,0.0,898.0198859098415,1.94824,2.054751758815367,3.0
-67,47,0.0,,,,
-67,49,0.0,,,,
-67,51,0.0,,,,
-67,53,0.0,,,,
-67,55,0.0,,,,
-67,57,0.0,,,,
-67,59,0.0,,,,
-67,61,0.0,0.3254532968236515,1.877,3.822955198269076,2.0
-67,63,0.0,386.2908712415132,1.4484,4.6795825006013265,0.0
-67,65,0.0,0.0,1.31481,2.6068740866716054,0.0
-67,67,0.0,2.0167610334534682,1.43945,1.8636078521086177,0.0
-67,69,0.0,662.3085330221352,1.38893,3.817385783979994,1.0
-67,71,0.0,754.7590567192578,1.4831,3.4050573587274475,1.0
-67,73,0.0,751.1909453012402,1.28837,1.8893780416428712,1.0
-67,75,0.0,414.61710491716804,1.17631,2.6810281356510095,0.0
-67,77,0.0,127.40912218533808,1.17228,1.2629197073392304,0.0
-67,79,0.0,552.4417593578632,1.45455,1.8673743338881037,1.0
-67,81,0.0,652.4881231690977,1.35991,0.6872668683013015,1.0
-67,83,0.0,,,,
-67,85,0.0,,,,
-67,87,0.0,,,,
-67,89,0.0,,,,
-67,91,0.0,,,,
-67,93,0.0,,,,
-67,95,0.0,,,,
-67,97,0.0,,,,
-67,99,0.0,,,,
-67,101,0.0,,,,
-67,103,0.0,,,,
-67,105,0.0,,,,
-67,107,0.0,,,,
-67,109,0.0,,,,
-67,111,0.0,,,,
-67,113,0.0,,,,
-67,115,0.0,,,,
-67,117,0.0,,,,
-67,119,0.0,,,,
-67,121,0.0,,,,
-67,123,0.0,,,,
-67,125,0.0,,,,
-67,127,0.0,,,,
-67,129,0.0,,,,
-67,131,0.0,,,,
-67,133,0.0,,,,
-67,135,0.0,,,,
-67,137,0.0,,,,
-67,139,0.0,,,,
-67,141,0.0,,,,
-67,143,0.0,,,,
-67,145,0.0,,,,
-67,147,0.0,973.7667545165369,2.12497,0.0,3.0
-67,149,0.0,1064.161761309172,2.02587,0.0,3.0
-67,151,0.0,971.1392302526249,1.75412,0.0,3.0
-67,153,0.0,730.8827530661068,1.42802,0.0,1.0
-67,155,0.0,608.6055068150959,1.45868,0.0,1.0
-67,157,0.0,507.3303219822364,1.1841,0.0,1.0
-67,159,0.0,416.47677655360417,1.32004,0.0,0.0
-67,161,0.0,418.3841863873125,1.91463,0.0,2.0
-67,163,0.0,624.655431779878,1.80383,0.0,3.0
-67,165,0.0,,,,
-67,167,0.0,641.9343235534358,1.49978,0.0,1.0
-67,169,0.0,646.7184950886226,1.29079,0.0,1.0
-67,171,0.0,11.965748490450641,1.45524,0.0,0.0
-67,173,0.0,603.5489006595394,1.36604,0.0,1.0
-67,175,0.0,479.79850659191584,1.39916,0.0,1.0
-67,177,0.0,551.5806622291947,1.47439,0.0,1.0
-67,179,0.0,443.00185635540214,1.20386,0.0,1.0
-65,-179,0.0,418.1367733607116,1.46716,0.0,0.0
-65,-177,0.0,422.85564785236676,1.31581,0.0,0.0
-65,-175,0.0,415.79054243713887,1.31502,0.0,0.0
-65,-173,0.0,436.2679950922934,1.1923,0.0,1.0
-65,-171,0.0,447.8056709599608,1.49531,0.0,1.0
-65,-169,0.0,449.3860494343399,1.60004,0.0,3.0
-65,-167,0.0,454.586558559852,1.35404,0.0,1.0
-65,-165,0.0,467.60718116300427,1.38298,0.0,1.0
-65,-163,0.0,482.54389001980076,1.44455,0.0,1.0
-65,-161,0.0,497.47930041909467,1.27855,0.0,1.0
-65,-159,0.0,516.3093690977105,1.22402,0.0,1.0
-65,-157,0.0,534.1805385815524,1.26465,0.0,1.0
-65,-155,0.0,548.9993556428076,1.3055,0.0,1.0
-65,-153,0.0,557.6476587478761,1.22894,0.0,1.0
-65,-151,0.0,496.05456555689324,1.41176,0.0,1.0
-65,-149,0.0,586.0365949672904,1.68372,0.0,3.0
-65,-147,0.0,591.4030311263815,1.34876,0.0,1.0
-65,-145,0.0,576.3952148277792,1.57574,0.0,3.0
-65,-143,0.0,549.9715795036839,1.50561,0.0,1.0
-65,-141,0.0,529.5936892557052,1.38361,0.0,1.0
-65,-139,0.0,488.47939592260025,1.43181,0.0,1.0
-65,-137,0.0,456.7127671202824,0.33164,0.0,1.0
-65,-135,0.0,436.9424302202477,1.39928,0.0,1.0
-65,-133,0.0,424.0819068930427,1.33792,0.0,0.0
-65,-131,0.0,416.73542919015046,0.98158,0.0,0.0
-65,-129,0.0,413.2879794485185,1.08808,0.0,0.0
-65,-127,0.0,403.22892204576476,1.14423,0.0,0.0
-65,-125,0.0,392.17476491442665,1.04138,0.0,0.0
-65,-123,0.0,386.53976380537534,1.08283,0.0,0.0
-65,-121,0.0,345.84300424095835,1.10622,0.0,0.0
-65,-119,0.0,341.45979047688274,1.25323,0.0,0.0
-65,-117,0.0,337.02267465933386,1.31404,0.0,0.0
-65,-115,0.0,369.0243602573165,1.5826,0.0,2.0
-65,-113,0.0,366.80199898538706,0.97632,0.0,0.0
-65,-111,0.0,367.12703651487504,0.93207,0.0,0.0
-65,-109,0.0,367.7504658727963,1.12784,0.0,0.0
-65,-107,0.0,366.54716525498253,0.86283,0.0,0.0
-65,-105,0.0,365.5868438947463,0.81187,0.0,0.0
-65,-103,0.0,365.2056683686119,0.74764,0.0,0.0
-65,-101,0.0,365.45302173610924,0.89453,0.0,0.0
-65,-99,0.0,366.1430714131308,0.69045,0.0,0.0
-65,-97,0.0,364.7716253756566,0.68487,0.0,0.0
-65,-95,0.0,364.2707821623829,0.75488,0.0,0.0
-65,-93,0.0,,,,
-65,-91,0.0,362.98941256363884,0.69565,0.0,0.0
-65,-89,0.0,362.61223445224533,0.56763,0.0,0.0
-65,-87,0.0,363.72769630086697,1.00344,0.0,0.0
-65,-85,0.0,366.0623344001471,0.80207,0.0,0.0
-65,-83,0.0,317.40669179416295,1.13294,0.0,0.0
-65,-81,0.0,373.6976241767021,0.80624,0.0,0.0
-65,-79,0.0,318.1059168058514,1.05109,0.0,0.0
-65,-77,0.0,314.28559128694417,0.63303,0.0,0.0
-65,-75,0.0,393.07367809285535,0.86258,0.0,0.0
-65,-73,0.0,313.7837261558543,1.05607,2.8265756598699086,0.0
-65,-71,0.0,313.6887605720942,1.43355,0.0,0.0
-65,-69,0.0,324.36851562178055,1.90111,2.900667091837495,2.0
-65,-67,0.0,82.41029838076236,3.3135,4.013658308957091,2.0
-65,-65,0.0,14.356866942217328,2.08092,4.560329106279418,2.0
-65,-63,0.0,,,,
-65,-61,0.0,,,,
-65,-59,0.0,1.875792739207859,0.27313,0.0,0.0
-65,-57,0.0,22.92417713683548,0.64721,0.0,0.0
-65,-55,0.0,151.21426326716036,0.57138,1.8337355224663179,0.0
-65,-53,0.0,691.387213422339,0.98256,0.0,1.0
-65,-51,0.0,540.1286999329601,1.44069,0.0,1.0
-65,-49,0.0,529.1317962338998,1.35154,0.0,1.0
-65,-47,0.0,543.423692026872,1.43639,0.0,1.0
-65,-45,0.0,567.4005805803318,1.50325,0.0,1.0
-65,-43,0.0,589.1917605794009,1.43553,2.606546852647562,1.0
-65,-41,0.0,607.3922380864458,1.40589,0.0,1.0
-65,-39,0.0,606.5838208266628,1.72545,0.0,3.0
-65,-37,0.0,616.1097393078572,1.85423,0.0,3.0
-65,-35,0.0,608.6786121101445,1.98087,0.0,3.0
-65,-33,0.0,619.0917437813825,2.01554,0.0,3.0
-65,-31,0.0,679.5109586240317,1.99291,0.0,3.0
-65,-29,0.0,635.9996187117348,1.99751,0.0,3.0
-65,-27,0.0,636.120316192872,2.09064,0.0,3.0
-65,-25,0.0,629.0793034584734,2.16984,0.0,3.0
-65,-23,0.0,625.2208346791808,2.10223,0.0,3.0
-65,-21,0.0,625.5393356648635,1.59623,0.0,3.0
-65,-19,0.0,671.8061121288371,1.80852,0.0,3.0
-65,-17,0.0,670.4111795331896,1.48413,0.0,1.0
-65,-15,0.0,666.6422822802864,1.38269,0.0,1.0
-65,-13,0.0,662.1876424300889,1.52744,0.0,3.0
-65,-11,0.0,657.1095073793317,1.35988,0.0,1.0
-65,-9,0.0,652.282591082865,1.24155,0.0,1.0
-65,-7,0.0,642.0413879311193,1.16363,0.0,1.0
-65,-5,0.0,582.5556810759562,1.24204,0.0,1.0
-65,-3,0.0,564.5833221401706,1.46778,0.0,1.0
-65,-1,0.0,591.314874012663,1.54224,0.0,3.0
-65,1,0.0,581.9841307929981,1.51616,0.0,1.0
-65,3,0.0,576.4880154338792,1.71938,0.0029083656776941955,3.0
-65,5,0.0,599.167928897975,2.03055,1.2789444301554078,3.0
-65,7,0.0,606.2729282625736,2.25683,0.0,3.0
-65,9,0.0,621.7002453791793,1.58242,0.0,3.0
-65,11,0.0,643.6905886720392,1.73169,0.0,3.0
-65,13,0.0,650.7220934590397,1.77811,0.0,3.0
-65,15,0.0,649.6579439922817,1.74365,0.0,3.0
-65,17,0.0,644.5414846410672,1.51103,0.0,1.0
-65,19,0.0,635.2852181979613,1.34786,0.0,1.0
-65,21,0.0,628.6831149364637,1.232,0.0,1.0
-65,23,0.0,624.936393448717,1.22585,0.0,1.0
-65,25,0.0,626.9230535109999,1.91453,0.0,3.0
-65,27,0.0,593.1594226793782,1.77426,0.0,3.0
-65,29,0.0,601.8341520143849,1.54818,0.0,3.0
-65,31,0.0,617.3258854812335,1.49373,0.0,1.0
-65,33,0.0,670.0354669244476,1.66866,0.0,3.0
-65,35,0.0,684.4728344291855,1.45867,0.0,1.0
-65,37,0.0,659.3197054479291,1.6348,0.0011656845057141305,3.0
-65,39,0.0,700.5731427590264,1.53151,0.0011656845057141305,3.0
-65,41,0.0,733.035158822156,1.41205,3.3897985904830303,1.0
-65,43,0.0,822.1312880392626,1.43895,2.8087493631085176,1.0
-65,45,0.0,843.6350464215603,1.55917,2.3137180492839757,3.0
-65,47,0.0,850.6645104404648,1.11928,1.8399218515880793,1.0
-65,49,0.0,836.893829037471,1.07491,2.0908664451058363,1.0
-65,51,0.0,837.7843061485721,1.55578,2.3905898996006294,3.0
-65,53,0.0,818.2552389185396,1.41941,2.3996408392290562,1.0
-65,55,0.0,761.1978838660202,1.4099,3.8600531877707738,1.0
-65,57,0.0,730.8979411121458,1.47509,4.027273873447863,1.0
-65,59,0.0,722.0227143075468,1.19477,0.7092897757139668,1.0
-65,61,0.0,626.3153499117968,1.0753,0.7648990211184424,1.0
-65,63,0.0,731.1446625926791,0.65421,2.4551856486460624,1.0
-65,65,0.0,732.349907048291,1.03877,0.7605166022785635,1.0
-65,67,0.0,740.303133825279,1.27901,1.5555782058083558,1.0
-65,69,0.0,768.7968277270146,0.86714,0.017170636408043664,1.0
-65,71,0.0,786.4610446782692,1.09963,0.2352652450193912,1.0
-65,73,0.0,641.8505221479803,1.08428,5.836212315608875e-06,1.0
-65,75,0.0,597.8789070315175,1.17319,1.0042372116205147,1.0
-65,77,0.0,552.2357077665681,1.11709,0.008793153576382622,1.0
-65,79,0.0,514.651095569543,1.09473,1.7390919410330992,1.0
-65,81,0.0,469.6466638165516,0.86986,1.8340922660324293,1.0
-65,83,0.0,453.4256115156535,1.1643,2.0948845427178933,1.0
-65,85,0.0,626.4987286287995,1.3097,1.165542345175245,1.0
-65,87,0.0,470.1066288842233,1.48242,0.003973760671528732,1.0
-65,89,0.0,482.43900246785694,1.69741,0.0,3.0
-65,91,0.0,713.2652260826164,2.09434,0.0,3.0
-65,93,0.0,382.41517891256376,1.5371,2.441888181784633,2.0
-65,95,0.0,0.2525616767735914,1.43657,0.0,0.0
-65,97,0.0,,,,
-65,99,0.0,,,,
-65,101,0.0,0.09611055046170777,1.94299,0.0,2.0
-65,103,0.0,,,,
-65,105,0.0,0.092708126907519,1.71382,4.602957722253722,2.0
-65,107,0.0,763.089733710963,1.55921,4.444690058430196,3.0
-65,109,0.0,808.9342471874298,1.49657,4.0356021453701425,1.0
-65,111,0.0,895.9500314196438,1.669,3.3822070186747557,3.0
-65,113,0.0,886.682778921733,1.90127,2.936387810296487,3.0
-65,115,0.0,917.077558346772,2.16684,2.97908420342674,3.0
-65,117,0.0,878.4527898609356,1.74153,4.295313658285003,3.0
-65,119,0.0,1019.3701897265984,1.7793,4.8414304764279175,3.0
-65,121,0.0,1046.828151736678,1.58911,3.6993691732933836,3.0
-65,123,0.0,1050.6962588244498,1.99914,3.981292041855201,3.0
-65,125,0.0,1056.0197780709943,2.02454,2.6716031429453464,3.0
-65,127,0.0,996.4137741540834,1.48918,2.82681921349036,1.0
-65,129,0.0,869.6631034636961,1.75129,3.8424080673154064,3.0
-65,131,0.0,156.4853389342979,1.73992,5.179349174885797,2.0
-65,133,0.0,303.82678497688806,2.0242,4.939208216717191,2.0
-65,135,0.0,,,,
-65,137,0.0,565.4081315515738,1.7957,3.3595500900847513,3.0
-65,139,0.0,844.9566666238173,1.88252,3.4434472405261007,3.0
-65,141,0.0,846.6948806023644,1.23996,2.48560615054299,1.0
-65,143,0.0,882.8880275981201,1.40741,2.377166513920091,1.0
-65,145,0.0,701.5211453884511,1.78819,1.753086808878684,3.0
-65,147,0.0,637.4294747666,1.66402,2.4131054755977877,3.0
-65,149,0.0,569.4071548998738,1.43859,2.024016016098605,1.0
-65,151,0.0,513.6975700596972,1.02055,0.0,1.0
-65,153,0.0,445.618693311055,1.32319,1.5390279525982538,1.0
-65,155,0.0,386.871612825256,1.42185,0.0,0.0
-65,157,0.0,377.8798152440636,1.03672,0.0,0.0
-65,159,0.0,544.6415705794442,1.39424,0.0,1.0
-65,161,0.0,564.9412261238929,1.43204,0.0,1.0
-65,163,0.0,574.9281271674736,1.44244,0.0,1.0
-65,165,0.0,548.0013676887042,1.6514,0.0,3.0
-65,167,0.0,516.5854493570097,1.29135,0.0,1.0
-65,169,0.0,471.7375590403356,1.56562,0.0,3.0
-65,171,0.0,465.0336965697043,1.20886,0.0,1.0
-65,173,0.0,448.7009947266501,1.30005,0.0,1.0
-65,175,0.0,382.44502437250134,1.58674,0.0,2.0
-65,177,0.0,407.3578032620164,1.32276,0.0,0.0
-65,179,0.0,403.09338422519437,1.33081,0.0,0.0
-63,-179,0.0,376.1446445898614,1.34797,0.0,0.0
-63,-177,0.0,375.1913601489384,1.31321,0.0,0.0
-63,-175,0.0,373.69151505806434,0.86113,0.0,0.0
-63,-173,0.0,376.57741925194756,0.97152,0.0,0.0
-63,-171,0.0,375.1256219262675,0.91158,0.0,0.0
-63,-169,0.0,364.9305874621235,1.44336,0.0,0.0
-63,-167,0.0,367.7640331486876,1.55595,0.0,2.0
-63,-165,0.0,358.894460002695,1.44972,0.0,0.0
-63,-163,0.0,364.550318209671,1.10385,0.0,0.0
-63,-161,0.0,383.8948153481072,1.3172,0.0,0.0
-63,-159,0.0,404.8131120685091,1.01735,0.0,0.0
-63,-157,0.0,393.15818936011027,0.50758,0.0,0.0
-63,-155,0.0,433.5535060084192,1.40989,0.0,0.0
-63,-153,0.0,466.06698577542795,1.37752,0.0,1.0
-63,-151,0.0,509.1174921970307,1.18723,0.0,1.0
-63,-149,0.0,567.2442951999443,1.52821,0.0,3.0
-63,-147,0.0,602.8040220211874,1.26813,0.0,1.0
-63,-145,0.0,594.4543815368392,1.19574,0.0,1.0
-63,-143,0.0,558.0912263594189,1.02149,0.0,1.0
-63,-141,0.0,514.6808891215111,1.2402,0.0,1.0
-63,-139,0.0,412.7036632803362,0.71569,0.0,0.0
-63,-137,0.0,436.37754646353926,0.85888,0.0,1.0
-63,-135,0.0,422.1072482196163,1.41197,0.0,0.0
-63,-133,0.0,414.0810307608369,1.19748,0.0,0.0
-63,-131,0.0,408.978813967008,1.18781,0.0,0.0
-63,-129,0.0,398.99032430293687,0.93973,0.0,0.0
-63,-127,0.0,384.6152153191804,1.18,0.0,0.0
-63,-125,0.0,337.88928689373233,1.0355,0.0,0.0
-63,-123,0.0,367.29075200716375,1.17836,0.0,0.0
-63,-121,0.0,362.0416342143624,1.32775,0.0,0.0
-63,-119,0.0,355.5764513872094,0.90508,0.0,0.0
-63,-117,0.0,352.3671248320433,1.15972,0.0,0.0
-63,-115,0.0,350.66083014102384,0.93905,0.0,0.0
-63,-113,0.0,348.3565716106836,0.98226,0.0,0.0
-63,-111,0.0,349.08464598094645,0.60966,0.0,0.0
-63,-109,0.0,349.6179739049303,1.2766,0.0,0.0
-63,-107,0.0,347.5716096317397,0.73239,0.0,0.0
-63,-105,0.0,349.12743959116386,0.60323,0.0,0.0
-63,-103,0.0,347.11879579285977,0.71805,0.0,0.0
-63,-101,0.0,345.4496514652573,0.36112,0.0,0.0
-63,-99,0.0,344.73640765397727,0.49346,0.0,0.0
-63,-97,0.0,344.7955304565343,0.39368,0.0,0.0
-63,-95,0.0,344.044097738475,0.42531,0.0,0.0
-63,-93,0.0,343.8088670663813,0.55288,0.0,0.0
-63,-91,0.0,342.93706879106475,0.60001,0.0,0.0
-63,-89,0.0,342.5056131778706,0.80482,0.0,0.0
-63,-87,0.0,343.9870394420897,0.31951,0.0,0.0
-63,-85,0.0,343.82463821807085,0.16101,0.0,0.0
-63,-83,0.0,344.56256606440337,0.77113,0.0,0.0
-63,-81,0.0,343.88603949227655,0.98523,0.0,0.0
-63,-79,0.0,345.3543964526318,0.83278,0.0,0.0
-63,-77,0.0,346.8443460540404,1.02838,0.0,0.0
-63,-75,0.0,350.1279386723153,0.95107,0.0,0.0
-63,-73,0.0,357.0722866573489,0.97218,0.0,0.0
-63,-71,0.0,367.54376476135326,0.97164,0.0,0.0
-63,-69,0.0,308.6802351681543,1.08716,0.0,0.0
-63,-67,0.0,297.86719440300465,0.95803,3.37166908048907,0.0
-63,-65,0.0,414.7741436964385,1.22375,4.328784603796853,0.0
-63,-63,0.0,178.2954833391326,2.03791,5.574804101226858,2.0
-63,-61,0.0,54.26343037946039,1.74279,7.014745138174086,2.0
-63,-59,0.0,0.0,1.74481,7.140924630425964,2.0
-63,-57,0.0,,,,
-63,-55,0.0,,,,
-63,-53,0.0,629.41484494353,1.36822,3.913591000353996,1.0
-63,-51,0.0,631.1001441833208,1.36512,0.0,1.0
-63,-49,0.0,639.4314515694523,1.28118,3.1104273426811413,1.0
-63,-47,0.0,643.74474993199,2.07327,0.0,3.0
-63,-45,0.0,536.1768779325588,1.43904,4.279595538224436,1.0
-63,-43,0.0,536.5273634331696,1.50036,0.0,1.0
-63,-41,0.0,556.8257680861008,1.2106,0.0,1.0
-63,-39,0.0,564.7081705397163,0.95469,0.0,1.0
-63,-37,0.0,559.6915125788389,1.33134,0.0,1.0
-63,-35,0.0,567.890648865285,1.50223,0.0,1.0
-63,-33,0.0,572.7991496068323,1.61982,0.0,3.0
-63,-31,0.0,594.5148453115413,1.64181,2.782510557396019,3.0
-63,-29,0.0,600.0579790412316,1.78111,0.0,3.0
-63,-27,0.0,601.2203051257447,1.98256,0.0,3.0
-63,-25,0.0,598.1136817907638,2.10313,0.0,3.0
-63,-23,0.0,590.8499487845659,1.99407,0.0,3.0
-63,-21,0.0,645.0421398577569,1.8354,0.0,3.0
-63,-19,0.0,652.2558996711533,2.06131,0.0,3.0
-63,-17,0.0,618.054930218087,1.77169,0.0,3.0
-63,-15,0.0,627.9834333076119,1.69867,2.501743735474504,3.0
-63,-13,0.0,633.2328042384045,1.60824,0.0,3.0
-63,-11,0.0,676.4117443827982,1.65846,0.0,3.0
-63,-9,0.0,671.194584862944,1.52322,0.0,3.0
-63,-7,0.0,662.6586903806857,1.16315,1.8031115089231737,1.0
-63,-5,0.0,656.301453273253,1.12763,0.0,1.0
-63,-3,0.0,649.3815690413458,1.21333,1.1142601490415178,1.0
-63,-1,0.0,640.759878597977,1.3132,0.0,1.0
-63,1,0.0,632.762597816327,1.48348,0.0,1.0
-63,3,0.0,585.3701858540322,1.80521,0.0,3.0
-63,5,0.0,627.7899968436162,1.68285,0.2733207385072928,3.0
-63,7,0.0,584.4233188340233,1.76267,0.0,3.0
-63,9,0.0,623.5188887016503,1.61559,0.0,3.0
-63,11,0.0,623.0501111716148,1.2239,0.0,1.0
-63,13,0.0,622.2301940844756,1.59225,0.0,3.0
-63,15,0.0,616.5859538377324,1.44806,0.0,1.0
-63,17,0.0,609.3878800973804,1.44535,0.0,1.0
-63,19,0.0,601.1853213213611,1.23811,0.0,1.0
-63,21,0.0,593.1039192158973,1.43131,0.0,1.0
-63,23,0.0,588.6950689563201,1.2732,0.0,1.0
-63,25,0.0,587.9561322683608,1.32136,0.0,1.0
-63,27,0.0,593.3638118195796,1.37353,0.0,1.0
-63,29,0.0,603.8368660068212,1.13363,0.0,1.0
-63,31,0.0,609.9168221241172,1.09904,0.0,1.0
-63,33,0.0,613.481335953346,1.23108,0.0,1.0
-63,35,0.0,634.99622090712,1.37758,0.0,1.0
-63,37,0.0,625.9415149331735,1.00022,0.0,1.0
-63,39,0.0,647.3724020171716,1.4721,0.0,1.0
-63,41,0.0,656.361311999334,1.33461,0.0,1.0
-63,43,0.0,664.3059618284308,1.21416,0.0,1.0
-63,45,0.0,716.3578448158863,1.0755,0.0,1.0
-63,47,0.0,713.1251007331663,1.2709,0.0,1.0
-63,49,0.0,641.2226781475084,1.03964,1.0865809159786968e-05,1.0
-63,51,0.0,626.837763953606,1.2339,0.0,1.0
-63,53,0.0,612.3480910696654,1.05093,1.5655911946475762,1.0
-63,55,0.0,579.5942174007249,1.46534,1.9417217486204228,1.0
-63,57,0.0,609.1853373733612,1.1892,1.4289876230388496,1.0
-63,59,0.0,523.2067764602486,1.23678,0.08374191288298785,1.0
-63,61,0.0,505.7531338618201,0.93484,0.6109458755043221,1.0
-63,63,0.0,558.853475213287,1.08282,0.010975987101329228,1.0
-63,65,0.0,477.38888965032703,1.02251,0.4193417882146484,1.0
-63,67,0.0,477.9416706204323,1.23391,1.9759954641067166,1.0
-63,69,0.0,473.44751383005706,1.15556,0.050170575853088865,1.0
-63,71,0.0,563.7852163991363,1.10074,0.03168502524695302,1.0
-63,73,0.0,557.8319426604746,1.52882,0.02849136371815691,3.0
-63,75,0.0,444.0745741225453,1.26391,1.8441649159115643,1.0
-63,77,0.0,432.59051227153543,0.93515,0.06777119155965865,0.0
-63,79,0.0,411.50830864155586,0.92886,0.014374173439418728,0.0
-63,81,0.0,391.09891896823785,0.96555,0.0006514678404722032,0.0
-63,83,0.0,511.3733379375623,1.25271,0.0,1.0
-63,85,0.0,526.845392860427,0.71905,0.0,1.0
-63,87,0.0,429.1706952501965,0.76972,0.0,0.0
-63,89,0.0,460.760074300628,0.7366,0.0,1.0
-63,91,0.0,488.2869235906349,1.26007,0.0,1.0
-63,93,0.0,506.5083717975088,1.44886,2.8771377066566233,1.0
-63,95,0.0,667.9571706590191,1.84043,3.6552532881679882,3.0
-63,97,0.0,684.7369521689443,1.7094,1.6630935600330068,3.0
-63,99,0.0,717.4094210621395,2.13671,2.244308913969701,3.0
-63,101,0.0,680.5735303192181,1.2039,3.116867652412733,1.0
-63,103,0.0,738.839736627734,1.9422,3.5029835373360125,3.0
-63,105,0.0,631.559937305932,1.16954,4.567298184450599,1.0
-63,107,0.0,771.7025359892837,1.59637,3.0390027665042094,3.0
-63,109,0.0,787.5702249554056,1.84542,0.0,3.0
-63,111,0.0,670.8440470433677,1.584,1.782092890394152,3.0
-63,113,0.0,659.56632450413,1.58641,0.0,3.0
-63,115,0.0,780.3153854323328,1.8404,0.0,3.0
-63,117,0.0,779.2462304347241,1.70713,2.36088777204017,3.0
-63,119,0.0,703.8322892986761,1.69395,0.0,3.0
-63,121,0.0,827.9978643387263,1.50041,0.0,1.0
-63,123,0.0,792.2550126672847,1.70325,0.0,3.0
-63,125,0.0,638.4401798911592,1.61818,0.0,3.0
-63,127,0.0,562.3447904855722,1.4373,2.5340507054678416,1.0
-63,129,0.0,488.475758517088,1.45874,1.3427502733733463,1.0
-63,131,0.0,428.05997075856425,1.34522,1.9826108456169023,0.0
-63,133,0.0,400.796248935345,1.40789,3.0001256412663957,0.0
-63,135,0.0,391.4161190337108,1.53063,0.0,2.0
-63,137,0.0,491.4962980747993,1.66571,0.0,3.0
-63,139,0.0,361.7291002103685,1.64121,0.8606338727207574,2.0
-63,141,0.0,336.1820639174482,1.66336,2.1049982811569157,2.0
-63,143,0.0,341.19803690804434,1.2826,0.0,0.0
-63,145,0.0,352.14751230706014,1.4987,0.0,0.0
-63,147,0.0,349.4246116124723,1.74384,0.0,2.0
-63,149,0.0,353.9304275618777,1.504,0.0,0.0
-63,151,0.0,487.36358430065013,1.47933,0.0,1.0
-63,153,0.0,497.1671556466499,1.38501,0.0,1.0
-63,155,0.0,487.24591478046756,1.29266,0.0,1.0
-63,157,0.0,455.3394921757418,1.34578,0.0,1.0
-63,159,0.0,451.8058352757831,1.40077,0.0,1.0
-63,161,0.0,452.5151464983387,1.35555,0.0,1.0
-63,163,0.0,436.82879042192377,1.08943,0.0,1.0
-63,165,0.0,312.74530059732245,1.45578,0.0,0.0
-63,167,0.0,377.8155742628692,1.12617,0.0,0.0
-63,169,0.0,301.8903538614917,1.19996,0.0,0.0
-63,171,0.0,295.9891612440909,1.49793,0.0,0.0
-63,173,0.0,380.30725911997814,1.38489,0.0,0.0
-63,175,0.0,382.22962589823555,1.16582,0.0,0.0
-63,177,0.0,380.84814839157406,1.04751,0.0,0.0
-63,179,0.0,374.7949203769307,1.03903,0.0,0.0
-61,-179,0.0,375.7920369407589,1.03323,0.0,0.0
-61,-177,0.0,374.9414484223081,0.88939,0.0,0.0
-61,-175,0.0,352.90587566176987,1.36039,0.0,0.0
-61,-173,0.0,354.3295685321003,1.18034,0.0,0.0
-61,-171,0.0,388.67831399694677,1.20102,0.0,0.0
-61,-169,0.0,356.8381540588568,1.33755,0.0,0.0
-61,-167,0.0,358.4258900604524,1.02563,0.0,0.0
-61,-165,0.0,363.10235868865425,1.33892,0.0,0.0
-61,-163,0.0,370.86211876098156,0.81391,0.0,0.0
-61,-161,0.0,339.460913133492,0.95129,0.0,0.0
-61,-159,0.0,362.2283553847761,1.02088,0.0,0.0
-61,-157,0.0,369.20701068399046,0.72922,0.0,0.0
-61,-155,0.0,380.15343938193587,1.77519,0.0,2.0
-61,-153,0.0,393.0914342250084,1.06661,0.0,0.0
-61,-151,0.0,437.129707722273,1.35108,0.0,1.0
-61,-149,0.0,497.333751542333,1.09528,0.0,1.0
-61,-147,0.0,557.2166319665678,1.37027,0.0,1.0
-61,-145,0.0,561.6386119323329,0.82635,0.0,1.0
-61,-143,0.0,499.22988984420454,1.07914,0.0,1.0
-61,-141,0.0,452.00726738167964,0.82857,0.0,1.0
-61,-139,0.0,429.3551808200171,1.02204,0.0,0.0
-61,-137,0.0,416.2061340229484,1.15573,0.0,0.0
-61,-135,0.0,404.5915193363939,0.95892,0.0,0.0
-61,-133,0.0,393.2338350731788,0.93316,0.0,0.0
-61,-131,0.0,383.53829079618697,0.81267,0.0,0.0
-61,-129,0.0,374.59014533786933,0.70211,0.0,0.0
-61,-127,0.0,368.12020390939807,0.43146,0.0,0.0
-61,-125,0.0,328.0516562156941,0.82621,0.0,0.0
-61,-123,0.0,357.94230315694745,0.80261,0.0,0.0
-61,-121,0.0,352.24042954556336,0.95629,0.0,0.0
-61,-119,0.0,347.2285772318091,1.04549,0.0,0.0
-61,-117,0.0,306.35234329520836,0.643,0.0,0.0
-61,-115,0.0,338.9236658656329,0.54186,0.0,0.0
-61,-113,0.0,336.56407485318266,1.04039,0.0,0.0
-61,-111,0.0,334.36789569104536,0.74371,0.0,0.0
-61,-109,0.0,331.10456190943705,1.22968,0.0,0.0
-61,-107,0.0,329.04960134702276,0.47127,0.0,0.0
-61,-105,0.0,327.88046189275514,0.45627,0.0,0.0
-61,-103,0.0,326.60453207741256,0.60006,0.0,0.0
-61,-101,0.0,325.4491395485398,0.23988,0.0,0.0
-61,-99,0.0,324.3127586006612,0.21575,0.0,0.0
-61,-97,0.0,321.4160314456298,0.36257,0.0,0.0
-61,-95,0.0,321.52242145302836,0.49682,0.0,0.0
-61,-93,0.0,318.85445891444937,0.15727,0.0,0.0
-61,-91,0.0,319.26500040450867,0.17092,0.0,0.0
-61,-89,0.0,317.1661098810955,0.22791,0.0,0.0
-61,-87,0.0,314.03857843128355,0.07021,0.0,0.0
-61,-85,0.0,312.51274941407996,0.07443,0.0,0.0
-61,-83,0.0,313.23965900553014,0.24881,0.0,0.0
-61,-81,0.0,311.95454818839886,0.2039,0.0,0.0
-61,-79,0.0,310.1735400752626,0.43587,0.0,0.0
-61,-77,0.0,311.46272760972255,0.68664,0.0,0.0
-61,-75,0.0,312.1930831088261,0.53842,0.0,0.0
-61,-73,0.0,314.3359729503318,0.80815,0.0,0.0
-61,-71,0.0,270.082840526593,0.91848,0.0,0.0
-61,-69,0.0,276.61189183027534,0.47902,0.0,0.0
-61,-67,0.0,335.28564112083427,0.8336,2.547762940649779,0.0
-61,-65,0.0,320.93381490791023,0.78211,0.005349119618790567,0.0
-61,-63,0.0,282.29424882653564,1.00431,3.9985620701884805,0.0
-61,-61,0.0,321.4563893170602,0.9841,5.578689133287034,0.0
-61,-59,0.0,364.2126205713866,1.35306,6.103417704718562,0.0
-61,-57,0.0,633.9091127157626,1.36171,6.0243803898672175,1.0
-61,-55,0.0,,,,
-61,-53,0.0,558.4465640983676,2.03511,4.346215181151963,3.0
-61,-51,0.0,560.2851641571256,2.15314,4.606753245220494,3.0
-61,-49,0.0,592.9238598874268,1.98359,4.4859312893732985,3.0
-61,-47,0.0,465.2236819722134,2.14459,7.384448769406363,3.0
-61,-45,0.0,166.91692769480193,1.46437,6.7366995467239414,0.0
-61,-43,0.0,337.5256688431654,1.78263,4.442544452523589,2.0
-61,-41,0.0,610.4325595562503,1.57802,4.461090862818341,3.0
-61,-39,0.0,517.5092353565765,1.69657,3.7292028103412656,3.0
-61,-37,0.0,390.88061286635997,1.84461,2.1509903834237276,2.0
-61,-35,0.0,622.5397786259921,2.07781,1.1777564570548797,3.0
-61,-33,0.0,634.5281802715248,1.69131,1.4812522038141014,3.0
-61,-31,0.0,631.1206719654998,1.46401,3.6802260233333173,1.0
-61,-29,0.0,631.3356149457899,1.37215,0.0,1.0
-61,-27,0.0,634.6747399571558,1.52763,0.0,3.0
-61,-25,0.0,620.9692489094948,1.73216,0.0,3.0
-61,-23,0.0,612.978016434735,1.97628,0.0,3.0
-61,-21,0.0,612.3557018524089,1.8493,0.0,3.0
-61,-19,0.0,617.4942344623994,1.72197,0.0,3.0
-61,-17,0.0,623.4074312496712,1.72345,0.0,3.0
-61,-15,0.0,627.2572732474431,1.57982,0.0,3.0
-61,-13,0.0,582.459529515709,1.97281,0.0,3.0
-61,-11,0.0,635.3734185493197,1.91453,0.0,3.0
-61,-9,0.0,629.6826807492201,2.12687,0.0,3.0
-61,-7,0.0,629.0794806086905,1.00313,0.0,1.0
-61,-5,0.0,588.7601275637369,1.39527,0.0,1.0
-61,-3,0.0,592.623065591614,1.36954,0.0,1.0
-61,-1,0.0,594.5877631481889,1.30594,0.0,1.0
-61,1,0.0,599.5181656011287,1.22364,0.0,1.0
-61,3,0.0,599.7891539003517,1.23808,0.0,1.0
-61,5,0.0,607.0206424399662,1.43938,0.07030401819976585,1.0
-61,7,0.0,650.7024003406306,1.27558,0.0,1.0
-61,9,0.0,653.3620696158708,1.39468,0.0,1.0
-61,11,0.0,651.4977181858981,1.52519,0.0,3.0
-61,13,0.0,647.8377224522436,1.47131,0.0,1.0
-61,15,0.0,636.292712615983,1.42922,0.0,1.0
-61,17,0.0,626.7532141769319,1.77966,0.0,3.0
-61,19,0.0,610.2800509716319,1.55224,0.0,3.0
-61,21,0.0,593.868865907641,1.35049,0.0,1.0
-61,23,0.0,579.9424184800442,1.28165,0.0,1.0
-61,25,0.0,571.3677864419611,1.24764,0.0,1.0
-61,27,0.0,570.3971712405919,1.21702,0.0,1.0
-61,29,0.0,574.1784883745229,1.32882,0.0,1.0
-61,31,0.0,571.6787645685803,1.45011,0.0,1.0
-61,33,0.0,573.6153695339345,1.24117,1.6731039565526458,1.0
-61,35,0.0,585.2569464777873,1.19558,2.168596430403616,1.0
-61,37,0.0,598.5535545741886,1.22902,0.19066108214505562,1.0
-61,39,0.0,607.9051982303931,1.31175,0.0,1.0
-61,41,0.0,615.8025750045609,0.88639,0.0,1.0
-61,43,0.0,584.8658584881758,1.1852,3.7187362970699316,1.0
-61,45,0.0,620.716917422319,1.10589,4.120355989940043,1.0
-61,47,0.0,575.2837077003843,1.18741,4.393627175002518,1.0
-61,49,0.0,560.3896627490213,0.8231,2.1134806026828885,1.0
-61,51,0.0,549.610812708966,0.95262,0.0,1.0
-61,53,0.0,577.485660317415,1.05272,0.0,1.0
-61,55,0.0,560.0499710820902,1.01047,0.0,1.0
-61,57,0.0,534.8433527828743,1.39499,0.0,1.0
-61,59,0.0,512.8699374350047,0.46467,0.019888086414722974,1.0
-61,61,0.0,497.03802922810576,1.26457,0.04355051312712785,1.0
-61,63,0.0,486.8692254086083,0.90566,0.04811027274877933,1.0
-61,65,0.0,478.924504425651,1.23677,0.203427010759038,1.0
-61,67,0.0,413.3491766250541,1.57756,0.0,2.0
-61,69,0.0,480.7529164313616,0.93854,2.328224540129459,1.0
-61,71,0.0,411.5264197893066,1.10836,0.23118435472618065,0.0
-61,73,0.0,388.99679873754883,1.13925,0.00505805463176106,0.0
-61,75,0.0,376.56262500520165,1.15562,2.073841711792681,0.0
-61,77,0.0,360.50408957841665,1.00299,0.0,0.0
-61,79,0.0,487.2754153118757,1.20959,0.0,1.0
-61,81,0.0,451.22931944904906,1.11105,0.0,1.0
-61,83,0.0,425.65010822589255,1.0457,0.0,0.0
-61,85,0.0,484.9379942678042,1.44971,0.0,1.0
-61,87,0.0,526.4590827311296,1.40271,0.0,1.0
-61,89,0.0,468.05962200834284,0.75575,0.0,1.0
-61,91,0.0,490.37910664411504,0.85062,0.0,1.0
-61,93,0.0,509.53053196190524,1.63565,0.0,3.0
-61,95,0.0,532.7082263589472,0.84001,0.0,1.0
-61,97,0.0,560.5092559354349,0.87388,0.0,1.0
-61,99,0.0,580.4110325937273,0.86161,0.0,1.0
-61,101,0.0,587.4230484126257,0.81099,0.0,1.0
-61,103,0.0,581.9609345667214,1.30842,0.0,1.0
-61,105,0.0,646.7408900677019,1.20204,0.0,1.0
-61,107,0.0,624.8064220944425,1.28917,0.0,1.0
-61,109,0.0,599.211932636888,1.12777,0.0,1.0
-61,111,0.0,556.3526662304321,1.63826,0.0,3.0
-61,113,0.0,526.2357375478921,1.16639,0.0,1.0
-61,115,0.0,506.2591316059638,1.15852,0.0,1.0
-61,117,0.0,492.9309183093662,1.22403,0.0,1.0
-61,119,0.0,499.82472211279753,1.10004,0.0,1.0
-61,121,0.0,493.69132777164,1.60419,0.0,3.0
-61,123,0.0,478.02203211188714,1.01577,0.0,1.0
-61,125,0.0,396.60504121707186,1.19026,0.0,0.0
-61,127,0.0,386.4004666889364,1.21688,0.0,0.0
-61,129,0.0,376.5224452867316,1.27719,0.0,0.0
-61,131,0.0,365.49669634975936,0.94128,0.0,0.0
-61,133,0.0,357.6987461887012,1.40737,0.0,0.0
-61,135,0.0,352.0127189852367,1.27784,0.0,0.0
-61,137,0.0,416.6588950398991,1.27938,0.0,0.0
-61,139,0.0,408.87466960636397,1.58935,0.0,2.0
-61,141,0.0,323.5667242727511,1.03512,0.0,0.0
-61,143,0.0,326.01419013269924,1.25218,0.0,0.0
-61,145,0.0,409.0281499770553,2.14049,0.0,2.0
-61,147,0.0,416.2379738478815,1.97816,0.0,2.0
-61,149,0.0,428.33080027288156,1.87177,0.0,2.0
-61,151,0.0,444.0967198704555,1.35756,0.0,1.0
-61,153,0.0,455.0785097836521,1.2861,0.0,1.0
-61,155,0.0,447.23658947818126,1.36267,0.0,1.0
-61,157,0.0,426.11933833500075,1.43644,0.0,0.0
-61,159,0.0,394.44034362089064,1.6895,0.0,2.0
-61,161,0.0,388.11858128982425,2.19924,0.0,2.0
-61,163,0.0,379.6422361865542,1.17729,0.0,0.0
-61,165,0.0,377.35722138474716,1.54598,0.0,2.0
-61,167,0.0,369.8567807681113,1.37479,0.0,0.0
-61,169,0.0,311.0730376662672,0.85071,0.0,0.0
-61,171,0.0,322.4860010481072,1.17416,0.0,0.0
-61,173,0.0,390.50813260779137,0.49696,0.0,0.0
-61,175,0.0,383.22444075224917,0.68442,0.0,0.0
-61,177,0.0,380.73229767322795,0.64882,0.0,0.0
-61,179,0.0,390.7495136740844,0.50152,0.0,0.0
-59,-179,0.0,372.0036820687869,0.01627,0.0,0.0
-59,-177,0.0,370.8931801167401,0.46016,0.0,0.0
-59,-175,0.0,372.74659972268387,0.63596,0.0,0.0
-59,-173,0.0,376.4425887554548,0.31872,0.0,0.0
-59,-171,0.0,357.73762893927386,0.53516,0.0,0.0
-59,-169,0.0,380.8227178293289,0.53731,0.0,0.0
-59,-167,0.0,364.2740161038991,0.73098,0.0,0.0
-59,-165,0.0,385.5551027627032,0.81852,0.0,0.0
-59,-163,0.0,321.8179692322437,0.00043,0.0,0.0
-59,-161,0.0,389.3822591482453,0.47965,0.0,0.0
-59,-159,0.0,391.12667419838016,1.24207,0.0,0.0
-59,-157,0.0,369.7132411290412,1.2979,0.0,0.0
-59,-155,0.0,374.1583217581339,0.88186,0.0,0.0
-59,-153,0.0,373.87110955885964,0.93814,0.0,0.0
-59,-151,0.0,395.3444064909373,0.95534,0.0,0.0
-59,-149,0.0,413.03651072442,1.31357,0.0,0.0
-59,-147,0.0,419.2790232713043,0.67795,0.0,0.0
-59,-145,0.0,425.79439284087283,0.88988,0.0,0.0
-59,-143,0.0,408.35438908664116,0.50003,0.0,0.0
-59,-141,0.0,400.3477054501744,0.82828,0.0,0.0
-59,-139,0.0,396.43678448661893,0.43187,0.0,0.0
-59,-137,0.0,388.4258294543996,1.01394,0.0,0.0
-59,-135,0.0,376.9649433140813,0.72305,0.0,0.0
-59,-133,0.0,368.2971909910427,0.88933,0.0,0.0
-59,-131,0.0,303.3559881924048,0.24998,0.0,0.0
-59,-129,0.0,350.51259181438,0.23808,0.0,0.0
-59,-127,0.0,348.3251325815446,0.16796,0.0,0.0
-59,-125,0.0,344.87721152919244,0.53656,0.0,0.0
-59,-123,0.0,341.0615677804307,0.7979,0.0,0.0
-59,-121,0.0,335.20050386196436,0.87265,0.0,0.0
-59,-119,0.0,329.7688498293591,0.65731,0.0,0.0
-59,-117,0.0,284.0964873510003,0.73964,0.0,0.0
-59,-115,0.0,278.26638441301344,0.89013,0.0,0.0
-59,-113,0.0,274.53684540474643,0.53821,0.0,0.0
-59,-111,0.0,279.85884519735424,0.59202,0.0,0.0
-59,-109,0.0,311.19005666800103,0.53338,0.0,0.0
-59,-107,0.0,310.1312449290272,0.41387,0.0,0.0
-59,-105,0.0,298.55536053354734,0.36874,0.0,0.0
-59,-103,0.0,308.22618493280095,0.31819,0.0,0.0
-59,-101,0.0,305.921665270415,0.19908,0.0,0.0
-59,-99,0.0,303.7394644501879,0.13787,0.0,0.0
-59,-97,0.0,302.878262175069,0.18685,0.0,0.0
-59,-95,0.0,301.8430479800559,0.04836,0.0,0.0
-59,-93,0.0,298.94991151705716,0.04706,0.0,0.0
-59,-91,0.0,299.61420547058077,0.03466,0.0,0.0
-59,-89,0.0,298.65934096728296,0.08645,0.0,0.0
-59,-87,0.0,295.69926447804676,0.02664,0.0,0.0
-59,-85,0.0,294.5056990590139,0.02073,0.0,0.0
-59,-83,0.0,293.11068472058844,0.0134,0.0,0.0
-59,-81,0.0,290.0351337201566,0.04785,0.0,0.0
-59,-79,0.0,290.5795532538555,0.22224,0.0,0.0
-59,-77,0.0,253.61641724640634,0.28664,0.0,0.0
-59,-75,0.0,300.3812168081923,0.15738,0.0,0.0
-59,-73,0.0,301.6299387785342,0.34148,0.0,0.0
-59,-71,0.0,306.6682620632433,0.20604,0.0,0.0
-59,-69,0.0,243.0291099265174,0.93547,0.0,0.0
-59,-67,0.0,317.3189168337728,0.66348,0.0,0.0
-59,-65,0.0,319.73284024313216,1.03549,0.0,0.0
-59,-63,0.0,267.1697520890331,1.69693,0.0,2.0
-59,-61,0.0,298.4103408484692,0.80164,0.0,0.0
-59,-59,0.0,415.1527223545249,1.06446,0.0,0.0
-59,-57,0.0,366.2547719108654,0.68065,0.0,0.0
-59,-55,0.0,381.9109155632479,1.6782,0.0,2.0
-59,-53,0.0,473.3573728707903,1.39793,0.0,1.0
-59,-51,0.0,502.7569487151514,1.80007,0.505887094918156,3.0
-59,-49,0.0,419.4842409440095,1.48531,3.987404315625241,0.0
-59,-47,0.0,507.1015865425837,1.59669,6.0063027623528145,3.0
-59,-45,0.0,475.1460581980433,2.26587,5.988416226646619,3.0
-59,-43,0.0,408.94435924359016,1.67151,5.617068124134835,2.0
-59,-41,0.0,533.000075681653,1.75296,2.759224536312267,3.0
-59,-39,0.0,525.41422891687,1.85476,0.0,3.0
-59,-37,0.0,543.0559353872312,1.75521,0.0,3.0
-59,-35,0.0,538.1766114136758,1.88772,3.1362036496738304,3.0
-59,-33,0.0,567.9477501053634,2.26458,0.0,3.0
-59,-31,0.0,578.129967224439,1.44424,0.0,1.0
-59,-29,0.0,587.2332565640941,1.88184,0.0,3.0
-59,-27,0.0,550.3327355869961,1.75705,0.0,3.0
-59,-25,0.0,585.2453500098311,1.40304,0.0,1.0
-59,-23,0.0,564.6263097318124,1.8861,0.0,3.0
-59,-21,0.0,558.4104246898713,1.83919,0.0,3.0
-59,-19,0.0,563.7768274126058,1.9972,0.0,3.0
-59,-17,0.0,568.430249649193,1.98212,0.0,3.0
-59,-15,0.0,573.1370387878629,1.90643,0.0,3.0
-59,-13,0.0,579.9153012756467,2.09815,0.0,3.0
-59,-11,0.0,583.4605786197513,1.67282,0.0,3.0
-59,-9,0.0,590.4838349003611,1.7533,0.0,3.0
-59,-7,0.0,598.2596381296846,1.53646,0.0,3.0
-59,-5,0.0,605.6525039183747,1.63977,0.0,3.0
-59,-3,0.0,552.5656020025713,1.84674,0.0,3.0
-59,-1,0.0,556.2171822439083,1.6356,0.0,3.0
-59,1,0.0,613.159710340108,1.61501,0.0,3.0
-59,3,0.0,570.0707713066104,1.69658,0.0,3.0
-59,5,0.0,600.2019808530966,1.25997,0.09045937710790691,1.0
-59,7,0.0,623.392169016783,1.47162,0.0,1.0
-59,9,0.0,685.5733676567032,1.4123,0.0,1.0
-59,11,0.0,693.1243787699873,1.22353,0.0,1.0
-59,13,0.0,686.9758625697093,1.45574,0.0,1.0
-59,15,0.0,675.7005554024801,1.38927,0.0,1.0
-59,17,0.0,657.8645623972922,1.33955,0.0,1.0
-59,19,0.0,635.5536724186368,1.41269,0.0,1.0
-59,21,0.0,611.5426007379737,1.48918,0.0,1.0
-59,23,0.0,554.5199200143126,1.35778,0.0,1.0
-59,25,0.0,565.7828603090678,1.1699,0.0,1.0
-59,27,0.0,551.0724101274404,1.4749,0.0,1.0
-59,29,0.0,543.7651497020163,1.21769,0.0,1.0
-59,31,0.0,534.0020699006132,1.41581,0.0,1.0
-59,33,0.0,526.1018241233389,1.04491,0.0,1.0
-59,35,0.0,524.8219221863511,1.1164,0.0,1.0
-59,37,0.0,525.9156947044153,1.47847,0.0,1.0
-59,39,0.0,496.1101323362268,1.44753,0.0,1.0
-59,41,0.0,507.8641160706626,1.09759,0.0,1.0
-59,43,0.0,516.9123717242732,1.25639,0.0,1.0
-59,45,0.0,516.5634029953376,1.3502,0.0,1.0
-59,47,0.0,505.9669431623043,1.24713,0.0,1.0
-59,49,0.0,490.06596649408056,1.11107,0.0,1.0
-59,51,0.0,514.7569011420586,0.93925,0.0,1.0
-59,53,0.0,470.24396169482986,1.36853,0.0,1.0
-59,55,0.0,496.28270666728645,1.17592,0.0018208033129770284,1.0
-59,57,0.0,478.09772411096725,1.30011,0.0,1.0
-59,59,0.0,460.5453387078342,0.85478,0.0,1.0
-59,61,0.0,448.6246237025553,0.93122,0.008535842100437844,1.0
-59,63,0.0,441.16308593976055,1.09021,0.018745723006083424,1.0
-59,65,0.0,382.26718197185386,1.20752,0.0,0.0
-59,67,0.0,359.8924850288342,0.71626,0.0,0.0
-59,69,0.0,349.87238824414896,0.7617,0.0,0.0
-59,71,0.0,339.39544439431495,0.95912,0.0,0.0
-59,73,0.0,434.3267253928311,1.12951,0.0,0.0
-59,75,0.0,310.51581146603564,1.04583,0.0,0.0
-59,77,0.0,297.0065273809008,1.04779,0.0,0.0
-59,79,0.0,336.4845253208747,1.1847,0.0,0.0
-59,81,0.0,407.15502181413945,1.08907,0.0,0.0
-59,83,0.0,330.3790425693509,1.24424,0.0,0.0
-59,85,0.0,489.13253725408094,0.94806,0.0,1.0
-59,87,0.0,418.1197874485964,0.45726,0.0,0.0
-59,89,0.0,443.07330663071923,0.79317,0.0,1.0
-59,91,0.0,454.00596359669623,0.77758,0.0,1.0
-59,93,0.0,530.9718173141005,1.06253,0.0,1.0
-59,95,0.0,543.4822204949418,1.41368,0.0,1.0
-59,97,0.0,562.4071737994988,0.64244,0.0,1.0
-59,99,0.0,577.4391103456525,0.60914,0.0,1.0
-59,101,0.0,583.9655950868976,0.51935,0.0,1.0
-59,103,0.0,576.5179021568944,0.81492,0.0,1.0
-59,105,0.0,551.19187165216,0.48527,0.0,1.0
-59,107,0.0,518.8024059384685,0.88446,0.0,1.0
-59,109,0.0,488.9215740789287,0.76355,0.0,1.0
-59,111,0.0,462.17565722074255,0.98515,0.0,1.0
-59,113,0.0,443.5150793378283,0.8691,0.0,1.0
-59,115,0.0,429.008129020391,0.98135,0.0,0.0
-59,117,0.0,423.2055356297492,0.73347,0.0,0.0
-59,119,0.0,424.1806300970025,0.75885,0.0,0.0
-59,121,0.0,422.86059489008403,1.04221,0.0,0.0
-59,123,0.0,420.9066692798019,1.11175,0.0,0.0
-59,125,0.0,418.390754970368,0.9981,0.0,0.0
-59,127,0.0,414.20013144241784,0.92306,0.0,0.0
-59,129,0.0,410.45370356508886,0.85384,0.0,0.0
-59,131,0.0,406.64692510135484,0.86225,0.0,0.0
-59,133,0.0,402.03244526507876,0.77352,0.0,0.0
-59,135,0.0,398.42043163793346,1.21596,0.0,0.0
-59,137,0.0,395.73108118591136,0.97272,0.0,0.0
-59,139,0.0,394.0289224138115,1.18358,0.0,0.0
-59,141,0.0,392.9335811109561,1.3095,0.0,0.0
-59,143,0.0,396.30593279536976,0.67177,0.0,0.0
-59,145,0.0,384.75525958320145,0.69081,0.0,0.0
-59,147,0.0,402.4277201455924,0.86538,0.0,0.0
-59,149,0.0,388.7946408559489,1.36166,0.0,0.0
-59,151,0.0,403.7312816269734,1.06495,0.0,0.0
-59,153,0.0,410.3433016408807,1.03985,0.0,0.0
-59,155,0.0,412.1547091935218,0.90534,0.0,0.0
-59,157,0.0,409.70994549891344,1.15187,0.0,0.0
-59,159,0.0,286.35518501695077,0.95132,0.0,0.0
-59,161,0.0,393.1443051058256,1.07834,0.0,0.0
-59,163,0.0,304.2998191015668,0.71509,0.0,0.0
-59,165,0.0,380.2495999140171,0.47295,0.0,0.0
-59,167,0.0,317.4038467753498,0.17419,0.0,0.0
-59,169,0.0,311.6867217488747,2e-05,0.0,0.0
-59,171,0.0,,,,
-59,173,0.0,,,,
-59,175,0.0,,,,
-59,177,0.0,323.04739629216664,2e-05,0.0,0.0
-59,179,0.0,375.04198116464204,0.1308,0.0,0.0
-57,-179,0.0,,,,
-57,-177,0.0,,,,
-57,-175,0.0,,,,
-57,-173,0.0,,,,
-57,-171,0.0,,,,
-57,-169,0.0,,,,
-57,-167,0.0,,,,
-57,-165,0.0,,,,
-57,-163,0.0,,,,
-57,-161,0.0,349.10194438958746,0.41292,0.0,0.0
-57,-159,0.0,339.3384378451385,0.76241,0.0,0.0
-57,-157,0.0,360.2524361579756,1.00413,0.0,0.0
-57,-155,0.0,348.57720263267925,0.99698,0.0,0.0
-57,-153,0.0,353.521705275789,1.05073,0.0,0.0
-57,-151,0.0,355.87827754119087,1.15017,0.0,0.0
-57,-149,0.0,361.25049032636235,1.08386,0.0,0.0
-57,-147,0.0,350.5301305959154,1.1167,0.0,0.0
-57,-145,0.0,362.7844445270498,1.58484,0.0,2.0
-57,-143,0.0,363.7214979473455,0.30822,0.0,0.0
-57,-141,0.0,353.8948405086329,0.27256,0.0,0.0
-57,-139,0.0,350.1685841205804,0.65899,0.0,0.0
-57,-137,0.0,330.2922047412635,0.32399,0.0,0.0
-57,-135,0.0,348.4631910727153,0.42947,0.0,0.0
-57,-133,0.0,341.16888246126655,1e-05,0.0,0.0
-57,-131,0.0,330.8315452463067,0.00137,0.0,0.0
-57,-129,0.0,,,,
-57,-127,0.0,262.26009341614775,0.00782,0.0,0.0
-57,-125,0.0,,,,
-57,-123,0.0,303.8578335275854,1e-05,0.0,0.0
-57,-121,0.0,,,,
-57,-119,0.0,298.1944795964895,1e-05,0.0,0.0
-57,-117,0.0,293.78869459016084,0.14472,0.0,0.0
-57,-115,0.0,,,,
-57,-113,0.0,,,,
-57,-111,0.0,289.7851878663691,2e-05,0.0,0.0
-57,-109,0.0,,,,
-57,-107,0.0,285.59574020617873,0.09052,0.0,0.0
-57,-105,0.0,287.3109917546044,1e-05,0.0,0.0
-57,-103,0.0,,,,
-57,-101,0.0,,,,
-57,-99,0.0,276.98917093936615,0.05519,0.0,0.0
-57,-97,0.0,280.6824369040134,0.0642,0.0,0.0
-57,-95,0.0,,,,
-57,-93,0.0,281.02467782004123,0.0001,0.0,0.0
-57,-91,0.0,279.15287699093784,0.03013,0.0,0.0
-57,-89,0.0,,,,
-57,-87,0.0,,,,
-57,-85,0.0,,,,
-57,-83,0.0,,,,
-57,-81,0.0,,,,
-57,-79,0.0,,,,
-57,-77,0.0,,,,
-57,-75,0.0,,,,
-57,-73,0.0,,,,
-57,-71,0.0,202.6008776012401,0.00168,0.0,0.0
-57,-69,0.0,-0.0,0.249,0.0,0.0
-57,-67,0.0,234.09614642948728,0.00023,0.0,0.0
-57,-65,0.0,174.23252330845452,0.4772,0.0,0.0
-57,-63,0.0,185.99912582063513,0.68145,0.0,0.0
-57,-61,0.0,198.72106828644039,0.57748,0.0,0.0
-57,-59,0.0,203.68570288230063,0.42476,0.0,0.0
-57,-57,0.0,222.54149399205536,1.12603,0.0,0.0
-57,-55,0.0,238.2704984859321,0.83179,0.0,0.0
-57,-53,0.0,257.16331488387425,1.53665,0.0,2.0
-57,-51,0.0,275.9014296816008,1.92335,0.0,2.0
-57,-49,0.0,351.4470025083418,1.84701,2.5708151588118593,2.0
-57,-47,0.0,355.6201971794147,1.71901,1.9659195252493014,2.0
-57,-45,0.0,372.1904637039728,1.75436,0.0,2.0
-57,-43,0.0,388.9722644323466,1.64035,0.0,2.0
-57,-41,0.0,400.461601298857,1.56929,1.3526298216296035,2.0
-57,-39,0.0,415.81266314432804,1.63503,0.0,2.0
-57,-37,0.0,443.2223650754352,2.0812,0.0,3.0
-57,-35,0.0,454.72549651388266,1.86744,1.522789581585288,3.0
-57,-33,0.0,478.08484748131394,1.62009,0.0,3.0
-57,-31,0.0,508.21043115585087,1.8594,0.0,3.0
-57,-29,0.0,540.8975211238775,2.39727,0.0,3.0
-57,-27,0.0,519.9544911328755,1.76899,0.0,3.0
-57,-25,0.0,549.5784073017107,1.69484,0.0,3.0
-57,-23,0.0,524.9152334940605,2.23611,0.0,3.0
-57,-21,0.0,514.9547208895284,2.71189,0.0,3.0
-57,-19,0.0,517.4935160514858,2.61958,0.0,3.0
-57,-17,0.0,517.6915969097078,1.99179,0.0,3.0
-57,-15,0.0,519.6889843999221,2.37504,0.0,3.0
-57,-13,0.0,528.5290403993368,2.22304,0.0,3.0
-57,-11,0.0,538.7927069503648,2.25818,0.0,3.0
-57,-9,0.0,548.4309706584194,2.12569,0.0,3.0
-57,-7,0.0,539.4223871177356,2.07232,0.0,3.0
-57,-5,0.0,566.1331455262014,1.70916,0.0,3.0
-57,-3,0.0,577.0770879919864,1.61644,0.0,3.0
-57,-1,0.0,585.9616662049569,1.98759,0.0,3.0
-57,1,0.0,591.5987029530422,1.92736,0.0,3.0
-57,3,0.0,603.6955578901369,2.04371,0.0,3.0
-57,5,0.0,623.0240043238704,1.67099,0.0,3.0
-57,7,0.0,584.6449059046182,1.9047,0.0,3.0
-57,9,0.0,620.6601354809945,1.30203,0.0,1.0
-57,11,0.0,631.6290545357788,1.63074,0.0,3.0
-57,13,0.0,633.5079490057576,1.60162,0.0,3.0
-57,15,0.0,623.1537198330032,1.5029,0.0,1.0
-57,17,0.0,609.0276304869869,1.50339,0.0,1.0
-57,19,0.0,633.4274106554877,1.52558,0.0,3.0
-57,21,0.0,614.0206218096496,1.33908,0.0,1.0
-57,23,0.0,590.351936637358,1.42533,0.0,1.0
-57,25,0.0,561.9120647277995,1.40717,0.0,1.0
-57,27,0.0,533.2416475195508,1.33762,0.0,1.0
-57,29,0.0,510.6213701984094,1.58944,0.0,3.0
-57,31,0.0,486.43149176577475,1.47573,0.0,1.0
-57,33,0.0,471.4662465355162,1.60454,0.0,3.0
-57,35,0.0,430.1395916005537,1.24272,0.0,0.0
-57,37,0.0,429.6539346676036,1.20961,0.0,0.0
-57,39,0.0,426.80558246098025,1.16294,0.0,0.0
-57,41,0.0,439.9152935023822,1.54422,0.0,3.0
-57,43,0.0,448.6754135550966,1.32274,0.0,1.0
-57,45,0.0,461.7151999215052,1.15916,0.0,1.0
-57,47,0.0,447.2621873667883,1.08725,0.0,1.0
-57,49,0.0,433.860665592767,1.17343,0.0,0.0
-57,51,0.0,424.51786014149525,1.04691,0.0,0.0
-57,53,0.0,409.53130315279,1.01213,0.0,0.0
-57,55,0.0,395.29415589423655,1.08884,0.0,0.0
-57,57,0.0,430.9634482566435,1.12176,0.0,0.0
-57,59,0.0,374.236258310621,0.80435,0.0,0.0
-57,61,0.0,411.7396555203057,0.62913,0.0,0.0
-57,63,0.0,409.14233044383997,0.85763,0.0,0.0
-57,65,0.0,407.6589324255056,0.89304,0.0,0.0
-57,67,0.0,300.2323241972254,0.99717,0.0,0.0
-57,69,0.0,301.00481929068957,0.84724,0.0,0.0
-57,71,0.0,213.42357750469557,1.49397,0.0,0.0
-57,73,0.0,392.84232524444343,0.85701,0.0,0.0
-57,75,0.0,376.7496169746081,0.95406,0.0,0.0
-57,77,0.0,381.10838632001287,1.00159,0.0,0.0
-57,79,0.0,337.73413173647714,1.28544,0.0,0.0
-57,81,0.0,413.5559368480751,0.92776,0.0,0.0
-57,83,0.0,372.0875126728604,0.49088,0.0,0.0
-57,85,0.0,395.1190724136956,0.25658,0.0,0.0
-57,87,0.0,385.5674029740384,0.30856,0.0,0.0
-57,89,0.0,450.92406632817904,0.4635,0.0,1.0
-57,91,0.0,453.2401659571559,0.97609,0.0,1.0
-57,93,0.0,453.7132770520165,0.72213,0.0,1.0
-57,95,0.0,457.5964876756014,0.29374,0.0,1.0
-57,97,0.0,467.71532882262466,0.73907,0.0,1.0
-57,99,0.0,479.1314763293694,0.66325,0.0,1.0
-57,101,0.0,488.32085681050296,0.66318,0.0,1.0
-57,103,0.0,499.2056272648453,0.69031,0.0,1.0
-57,105,0.0,491.1037910319127,0.58501,0.0,1.0
-57,107,0.0,472.0586557223663,0.5629,0.0,1.0
-57,109,0.0,450.0222118182466,0.70939,0.0,1.0
-57,111,0.0,432.71800489924647,0.70993,0.0,0.0
-57,113,0.0,418.50490317980876,0.72796,0.0,0.0
-57,115,0.0,407.5536887669263,0.77238,0.0,0.0
-57,117,0.0,402.5705023416603,0.56776,0.0,0.0
-57,119,0.0,402.43331540880143,0.58963,0.0,0.0
-57,121,0.0,400.6790446632524,0.83794,0.0,0.0
-57,123,0.0,398.0682948750937,0.5704,0.0,0.0
-57,125,0.0,395.41004831565544,0.58624,0.0,0.0
-57,127,0.0,391.91013716240957,0.70045,0.0,0.0
-57,129,0.0,388.4876417334944,0.83586,0.0,0.0
-57,131,0.0,386.4052339337916,1.03937,0.0,0.0
-57,133,0.0,382.7722068026249,0.98858,0.0,0.0
-57,135,0.0,382.59893008292266,1.28256,0.0,0.0
-57,137,0.0,385.4792207086528,0.66519,0.0,0.0
-57,139,0.0,386.704671455075,0.97482,0.0,0.0
-57,141,0.0,390.42022150888164,0.76557,0.0,0.0
-57,143,0.0,394.94497588050655,0.55161,0.0,0.0
-57,145,0.0,377.42939239458144,1.25567,0.0,0.0
-57,147,0.0,330.6523668709581,1.2776,0.0,0.0
-57,149,0.0,391.74487455669276,1.16535,0.0,0.0
-57,151,0.0,377.0841175323613,0.58021,0.0,0.0
-57,153,0.0,373.75647195188094,0.51801,0.0,0.0
-57,155,0.0,384.84181990211783,0.0655,0.0,0.0
-57,157,0.0,384.6358311365194,0.92812,0.0,0.0
-57,159,0.0,358.3262034690812,0.62483,0.0,0.0
-57,161,0.0,373.2297189054264,0.28186,0.0,0.0
-57,163,0.0,,,,
-57,165,0.0,,,,
-57,167,0.0,,,,
-57,169,0.0,,,,
-57,171,0.0,,,,
-57,173,0.0,,,,
-57,175,0.0,,,,
-57,177,0.0,,,,
-57,179,0.0,,,,
-55,-179,0.0,,,,
-55,-177,0.0,,,,
-55,-175,0.0,,,,
-55,-173,0.0,,,,
-55,-171,0.0,,,,
-55,-169,0.0,,,,
-55,-167,0.0,,,,
-55,-165,0.0,,,,
-55,-163,0.0,,,,
-55,-161,0.0,346.1890459606653,3e-05,0.0,0.0
-55,-159,0.0,344.25225950642914,0.32445,0.0,0.0
-55,-157,0.0,321.37272895205484,0.58572,0.0,0.0
-55,-155,0.0,322.1145905446745,0.79489,0.0,0.0
-55,-153,0.0,311.65550223919536,1.12016,0.0,0.0
-55,-151,0.0,324.16192631391647,0.38707,0.0,0.0
-55,-149,0.0,324.2322091031049,0.82742,0.0,0.0
-55,-147,0.0,320.578676290857,0.59704,0.0,0.0
-55,-145,0.0,319.5077095331929,0.00169,0.0,0.0
-55,-143,0.0,,,,
-55,-141,0.0,,,,
-55,-139,0.0,,,,
-55,-137,0.0,,,,
-55,-135,0.0,283.27134749295516,0.1172,0.0,0.0
-55,-133,0.0,,,,
-55,-131,0.0,,,,
-55,-129,0.0,,,,
-55,-127,0.0,,,,
-55,-125,0.0,,,,
-55,-123,0.0,,,,
-55,-121,0.0,,,,
-55,-119,0.0,,,,
-55,-117,0.0,,,,
-55,-115,0.0,,,,
-55,-113,0.0,,,,
-55,-111,0.0,,,,
-55,-109,0.0,,,,
-55,-107,0.0,,,,
-55,-105,0.0,,,,
-55,-103,0.0,,,,
-55,-101,0.0,,,,
-55,-99,0.0,,,,
-55,-97,0.0,,,,
-55,-95,0.0,,,,
-55,-93,0.0,,,,
-55,-91,0.0,,,,
-55,-89,0.0,,,,
-55,-87,0.0,,,,
-55,-85,0.0,,,,
-55,-83,0.0,,,,
-55,-81,0.0,,,,
-55,-79,0.0,,,,
-55,-77,0.0,,,,
-55,-75,0.0,,,,
-55,-73,0.0,,,,
-55,-71,0.0,,,,
-55,-69,0.0,,,,
-55,-67,0.0,,,,
-55,-65,0.0,110.5956483442638,5e-05,0.0,0.0
-55,-63,0.0,95.18650497307645,0.01319,0.0,0.0
-55,-61,0.0,112.05776430741895,0.00116,0.0,0.0
-55,-59,0.0,134.3987367285163,0.0003,0.0,0.0
-55,-57,0.0,,,,
-55,-55,0.0,195.3368974962856,1e-05,0.0,0.0
-55,-53,0.0,206.78085550866868,1.03169,0.0,0.0
-55,-51,0.0,235.51347689494023,1.13909,0.0,0.0
-55,-49,0.0,247.15278450074555,1.06615,0.0,0.0
-55,-47,0.0,248.70762155606775,1.51118,0.0,0.0
-55,-45,0.0,252.9218984623628,1.28863,2.444437729312142,0.0
-55,-43,0.0,335.3135080554275,1.76298,0.0,2.0
-55,-41,0.0,346.06643001545524,1.54254,2.97390113284692,2.0
-55,-39,0.0,373.0837087183074,1.7967,5.251479933820192,2.0
-55,-37,0.0,106.4031171404967,2.39536,6.070823096361773,2.0
-55,-35,0.0,1.1319649990524736,2.55336,6.598064888442934,2.0
-55,-33,0.0,429.0997268274246,1.51077,2.144965733274906,0.0
-55,-31,0.0,476.4172219022712,1.49431,0.0,1.0
-55,-29,0.0,449.17817074057064,2.14922,0.0,3.0
-55,-27,0.0,462.9849377755137,1.99061,2.6955624078188083,3.0
-55,-25,0.0,488.89709762036466,2.17325,0.0,3.0
-55,-23,0.0,466.83009310491434,1.76219,0.0,3.0
-55,-21,0.0,455.36073754424564,1.96391,0.0,3.0
-55,-19,0.0,399.318038190329,1.87985,0.0,2.0
-55,-17,0.0,443.63695563111986,2.01532,0.0,3.0
-55,-15,0.0,448.8068950385181,2.1089,0.0,3.0
-55,-13,0.0,463.001503198793,2.06574,0.0,3.0
-55,-11,0.0,478.17918168197815,2.17607,0.0,3.0
-55,-9,0.0,491.6264376491454,2.36679,0.0,3.0
-55,-7,0.0,507.5886321639418,2.28707,0.0,3.0
-55,-5,0.0,517.9677289963015,2.04912,0.0,3.0
-55,-3,0.0,523.5261421736045,3.00696,0.0,3.0
-55,-1,0.0,531.8866441672118,1.75374,0.0,3.0
-55,1,0.0,544.0404813363206,1.85186,0.0,3.0
-55,3,0.0,558.1126311534229,1.91779,0.0,3.0
-55,5,0.0,574.9207080680621,1.90031,0.0,3.0
-55,7,0.0,586.5804251380451,1.97,0.0,3.0
-55,9,0.0,600.4859826237421,1.39909,0.0,1.0
-55,11,0.0,611.7648121911319,1.79658,0.0,3.0
-55,13,0.0,555.2763243758675,1.5317,0.0,3.0
-55,15,0.0,553.3990864682414,2.06909,0.0,3.0
-55,17,0.0,548.4591452726504,1.60961,0.0,3.0
-55,19,0.0,599.4044604712784,2.05875,0.0,3.0
-55,21,0.0,588.7583681047852,1.58474,0.0,3.0
-55,23,0.0,574.9738705098961,1.30097,0.0,1.0
-55,25,0.0,551.2332845433249,1.7186,0.0,3.0
-55,27,0.0,469.973018047315,1.73223,0.0,3.0
-55,29,0.0,432.6295989638545,2.19964,0.0,2.0
-55,31,0.0,403.3353476066609,1.64029,0.0,2.0
-55,33,0.0,388.80619940400805,1.91498,0.0,2.0
-55,35,0.0,415.76462953914955,1.78107,4.153297050408467,2.0
-55,37,0.0,415.0002150820793,1.53914,2.8224450250859805,2.0
-55,39,0.0,418.29341685212165,1.53377,2.37775099473503,2.0
-55,41,0.0,425.82800432231056,1.47731,0.0,0.0
-55,43,0.0,363.2049712854028,1.51533,0.0,0.0
-55,45,0.0,365.58303434045825,1.08649,0.8993438814946786,0.0
-55,47,0.0,372.5725977125805,1.18561,0.0,0.0
-55,49,0.0,366.7442287030461,0.95026,0.0,0.0
-55,51,0.0,370.97981568163283,1.17899,0.0,0.0
-55,53,0.0,414.7392675788515,1.12901,0.0,0.0
-55,55,0.0,355.12946004441966,1.1943,0.0,0.0
-55,57,0.0,394.1275691459012,1.07189,0.0,0.0
-55,59,0.0,387.21028627296124,1.07408,0.0,0.0
-55,61,0.0,383.06284534781,1.3098,0.0,0.0
-55,63,0.0,381.691952109501,0.94703,0.0,0.0
-55,65,0.0,374.77617425613175,1.11927,0.0,0.0
-55,67,0.0,382.9326783031524,1.01944,0.0,0.0
-55,69,0.0,287.572106898679,1.28149,0.0,0.0
-55,71,0.0,260.59182774804196,0.79169,0.0,0.0
-55,73,0.0,348.57072313861477,1.15516,0.0,0.0
-55,75,0.0,336.37190186599304,0.79667,0.0,0.0
-55,77,0.0,290.1766127509584,0.7684,0.0,0.0
-55,79,0.0,371.01045361934587,0.58967,0.0,0.0
-55,81,0.0,431.55107916550537,1.01032,0.0,0.0
-55,83,0.0,441.143235727186,0.25059,0.0,1.0
-55,85,0.0,363.3547003535235,0.24242,0.0,0.0
-55,87,0.0,361.6943095905355,0.46474,0.0,0.0
-55,89,0.0,416.58547512449127,0.19946,0.0,0.0
-55,91,0.0,415.80437364655705,0.26402,0.0,0.0
-55,93,0.0,344.95800912921146,0.70608,0.0,0.0
-55,95,0.0,411.9120155237249,0.362,0.0,0.0
-55,97,0.0,412.35567922645515,0.73356,0.0,0.0
-55,99,0.0,391.41726218925675,0.59758,0.0,0.0
-55,101,0.0,423.83643207165426,0.61108,0.0,0.0
-55,103,0.0,433.9590439721438,1.04669,0.0,0.0
-55,105,0.0,435.4883044160748,0.51198,0.0,1.0
-55,107,0.0,432.1963752720143,0.51326,0.0,0.0
-55,109,0.0,426.4911597389417,0.46025,0.0,0.0
-55,111,0.0,417.6853683530545,0.38955,0.0,0.0
-55,113,0.0,408.1735061306172,1.07657,0.0,0.0
-55,115,0.0,324.79125007066773,0.47967,0.0,0.0
-55,117,0.0,382.84272433529554,0.26255,0.0,0.0
-55,119,0.0,379.9019147015457,0.14887,0.0,0.0
-55,121,0.0,378.10947747733,0.49109,0.0,0.0
-55,123,0.0,375.29963877080536,0.30175,0.0,0.0
-55,125,0.0,371.996907142705,0.12671,0.0,0.0
-55,127,0.0,368.98050763402017,0.18747,0.0,0.0
-55,129,0.0,365.8955728431073,0.31805,0.0,0.0
-55,131,0.0,366.68664996454027,0.42437,0.0,0.0
-55,133,0.0,364.011239742421,0.38539,0.0,0.0
-55,135,0.0,366.5796135681108,0.25053,0.0,0.0
-55,137,0.0,370.5728482674507,0.40123,0.0,0.0
-55,139,0.0,374.07215113210515,0.24323,0.0,0.0
-55,141,0.0,363.26917439141033,0.3581,0.0,0.0
-55,143,0.0,335.2576688208751,0.43029,0.0,0.0
-55,145,0.0,328.57663510853473,0.98374,0.0,0.0
-55,147,0.0,311.14787779546936,0.76989,0.0,0.0
-55,149,0.0,,,,
-55,151,0.0,360.39857889528713,0.24153,0.0,0.0
-55,153,0.0,,,,
-55,155,0.0,,,,
-55,157,0.0,,,,
-55,159,0.0,250.24141075008026,0.0026,0.0,0.0
-55,161,0.0,,,,
-55,163,0.0,,,,
-55,165,0.0,,,,
-55,167,0.0,,,,
-55,169,0.0,,,,
-55,171,0.0,,,,
-55,173,0.0,,,,
-55,175,0.0,,,,
-55,177,0.0,,,,
-55,179,0.0,,,,
-53,-179,0.0,,,,
-53,-177,0.0,,,,
-53,-175,0.0,,,,
-53,-173,0.0,,,,
-53,-171,0.0,,,,
-53,-169,0.0,,,,
-53,-167,0.0,,,,
-53,-165,0.0,,,,
-53,-163,0.0,,,,
-53,-161,0.0,,,,
-53,-159,0.0,,,,
-53,-157,0.0,,,,
-53,-155,0.0,,,,
-53,-153,0.0,,,,
-53,-151,0.0,,,,
-53,-149,0.0,,,,
-53,-147,0.0,,,,
-53,-145,0.0,,,,
-53,-143,0.0,,,,
-53,-141,0.0,,,,
-53,-139,0.0,,,,
-53,-137,0.0,,,,
-53,-135,0.0,,,,
-53,-133,0.0,,,,
-53,-131,0.0,,,,
-53,-129,0.0,,,,
-53,-127,0.0,,,,
-53,-125,0.0,,,,
-53,-123,0.0,,,,
-53,-121,0.0,,,,
-53,-119,0.0,,,,
-53,-117,0.0,,,,
-53,-115,0.0,,,,
-53,-113,0.0,,,,
-53,-111,0.0,,,,
-53,-109,0.0,,,,
-53,-107,0.0,,,,
-53,-105,0.0,,,,
-53,-103,0.0,,,,
-53,-101,0.0,,,,
-53,-99,0.0,,,,
-53,-97,0.0,,,,
-53,-95,0.0,,,,
-53,-93,0.0,,,,
-53,-91,0.0,,,,
-53,-89,0.0,,,,
-53,-87,0.0,,,,
-53,-85,0.0,,,,
-53,-83,0.0,,,,
-53,-81,0.0,,,,
-53,-79,0.0,,,,
-53,-77,0.0,,,,
-53,-75,0.0,,,,
-53,-73,0.0,,,,
-53,-71,0.0,,,,
-53,-69,0.0,,,,
-53,-67,0.0,,,,
-53,-65,0.0,,,,
-53,-63,0.0,,,,
-53,-61,0.0,,,,
-53,-59,0.0,,,,
-53,-57,0.0,,,,
-53,-55,0.0,,,,
-53,-53,0.0,,,,
-53,-51,0.0,,,,
-53,-49,0.0,321.51554990522754,0.39373,0.0,0.0
-53,-47,0.0,220.72457131931108,1.18858,2.0578454034670015,0.0
-53,-45,0.0,300.22975626544616,1.06785,2.7957431704381865,0.0
-53,-43,0.0,206.95416804418667,1.35346,4.9906217196635785,0.0
-53,-41,0.0,308.7587452563111,1.52675,3.7896767433353045,2.0
-53,-39,0.0,280.63495993211296,1.53783,6.436131749561644,2.0
-53,-37,0.0,372.78183700302196,1.8551,6.764706903257551,2.0
-53,-35,0.0,397.6785825456362,2.0988,6.628268710061699,2.0
-53,-33,0.0,400.54927690417486,1.57397,0.0,2.0
-53,-31,0.0,440.8338616110884,1.9115,0.0,3.0
-53,-29,0.0,446.2774110953888,1.98322,0.0,3.0
-53,-27,0.0,429.0994599634367,1.67268,0.0,2.0
-53,-25,0.0,410.007178121924,1.10931,0.0,0.0
-53,-23,0.0,395.92380096562175,1.52956,0.0,2.0
-53,-21,0.0,386.92230093652535,1.8924,0.0,2.0
-53,-19,0.0,382.9525496225799,2.00847,0.0,2.0
-53,-17,0.0,385.3023524308792,2.02294,0.0,2.0
-53,-15,0.0,393.1425751446877,1.31979,0.0,0.0
-53,-13,0.0,403.9351621674824,1.7115,0.0,2.0
-53,-11,0.0,417.40523319925126,1.90993,0.0,2.0
-53,-9,0.0,432.7534888560567,1.87323,0.0,2.0
-53,-7,0.0,445.2715685941026,1.84689,1.2982967851103795,3.0
-53,-5,0.0,451.45486978223664,2.1855,0.0,3.0
-53,-3,0.0,407.05670210968924,1.8794,0.0,2.0
-53,-1,0.0,437.7901194447653,1.92145,0.0,3.0
-53,1,0.0,462.05013927446225,1.89986,0.0,3.0
-53,3,0.0,467.5536985417267,1.36084,0.0,1.0
-53,5,0.0,472.2196437092469,1.8838,0.0,3.0
-53,7,0.0,469.3423897278801,2.00495,0.0,3.0
-53,9,0.0,470.323179470204,1.83231,0.0,3.0
-53,11,0.0,487.5640330973321,1.76211,0.0,3.0
-53,13,0.0,494.584937815376,1.71884,0.0,3.0
-53,15,0.0,506.0025289818098,1.92184,0.0,3.0
-53,17,0.0,497.1309972839811,1.82719,0.0,3.0
-53,19,0.0,485.6792162378463,1.64268,0.0,3.0
-53,21,0.0,488.5281184800639,1.44267,0.0,1.0
-53,23,0.0,485.6833875103037,1.67647,0.0,3.0
-53,25,0.0,495.8891594706774,1.93133,0.0,3.0
-53,27,0.0,470.9928632901433,1.93493,0.0,3.0
-53,29,0.0,422.58783604735055,1.68462,0.0,2.0
-53,31,0.0,363.0753779645116,1.66504,0.0,2.0
-53,33,0.0,355.2559255252508,1.45199,0.0,0.0
-53,35,0.0,379.6103460568995,1.75008,0.6789647581218821,2.0
-53,37,0.0,376.5649605948334,1.45196,4.051270203114642,0.0
-53,39,0.0,377.6875383147162,1.26798,0.0,0.0
-53,41,0.0,376.2011384820764,1.40047,0.0,0.0
-53,43,0.0,363.9801097849213,1.50077,0.0,0.0
-53,45,0.0,80.24580295742322,1.44464,0.0,0.0
-53,47,0.0,351.6392513677027,1.35422,0.0,0.0
-53,49,0.0,362.6431314323518,1.31735,0.0,0.0
-53,51,0.0,384.16615985406503,1.23712,0.0,0.0
-53,53,0.0,381.6186926982821,1.17026,0.0,0.0
-53,55,0.0,375.5631264491765,1.38848,0.0,0.0
-53,57,0.0,370.903009811706,1.01298,0.0,0.0
-53,59,0.0,310.6440811089962,0.94376,0.0,0.0
-53,61,0.0,309.58510266880285,1.27817,0.0,0.0
-53,63,0.0,364.9935304404423,1.40596,0.0,0.0
-53,65,0.0,356.22946128756746,0.78699,0.0,0.0
-53,67,0.0,252.97607836701158,0.91232,0.0,0.0
-53,69,0.0,220.57755620416472,0.98264,0.0,0.0
-53,71,0.0,192.01789040446886,0.83905,0.0,0.0
-53,73,0.0,11.7285852020233,0.78786,0.0,0.0
-53,75,0.0,135.8261385543698,0.93064,0.0,0.0
-53,77,0.0,175.26127630235328,0.59944,0.0,0.0
-53,79,0.0,268.8000109659859,0.66203,0.0,0.0
-53,81,0.0,254.8604906842739,0.68666,0.0,0.0
-53,83,0.0,395.51052532301475,0.46539,0.0,0.0
-53,85,0.0,323.0980715916304,0.01088,0.0,0.0
-53,87,0.0,315.3435206444986,0.12778,0.0,0.0
-53,89,0.0,317.42269182374747,0.02844,0.0,0.0
-53,91,0.0,,,,
-53,93,0.0,383.54216550582964,0.10083,0.0,0.0
-53,95,0.0,381.11891986263095,0.183,0.0,0.0
-53,97,0.0,381.78501662079503,0.27289,0.0,0.0
-53,99,0.0,382.63520443968054,0.23781,0.0,0.0
-53,101,0.0,383.7739751799888,0.40813,0.0,0.0
-53,103,0.0,391.0349248328108,0.43154,0.0,0.0
-53,105,0.0,391.82314871220365,0.43131,0.0,0.0
-53,107,0.0,397.42731958696703,0.41244,0.0,0.0
-53,109,0.0,396.4140713132971,0.33384,0.0,0.0
-53,111,0.0,393.31698360463287,0.32407,0.0,0.0
-53,113,0.0,387.87374404496137,0.46613,0.0,0.0
-53,115,0.0,377.49441528073993,0.12267,0.0,0.0
-53,117,0.0,366.33662327412776,0.08839,0.0,0.0
-53,119,0.0,298.7371139464402,0.93047,0.0,0.0
-53,121,0.0,295.96689213680924,0.21916,0.0,0.0
-53,123,0.0,363.9608883484649,0.18584,0.0,0.0
-53,125,0.0,362.631892287187,0.05532,0.0,0.0
-53,127,0.0,361.0458401363891,4e-05,0.0,0.0
-53,129,0.0,360.3846306179975,0.10182,0.0,0.0
-53,131,0.0,358.58040347199926,0.32773,0.0,0.0
-53,133,0.0,356.94942938399305,0.09068,0.0,0.0
-53,135,0.0,358.94698862994136,0.00079,0.0,0.0
-53,137,0.0,,,,
-53,139,0.0,357.76450277642385,0.18102,0.0,0.0
-53,141,0.0,340.98680413890924,0.22714,0.0,0.0
-53,143,0.0,337.2422635811667,0.36627,0.0,0.0
-53,145,0.0,335.5377577862326,0.46339,0.0,0.0
-53,147,0.0,352.7064280164172,0.00092,0.0,0.0
-53,149,0.0,,,,
-53,151,0.0,,,,
-53,153,0.0,,,,
-53,155,0.0,,,,
-53,157,0.0,,,,
-53,159,0.0,,,,
-53,161,0.0,,,,
-53,163,0.0,,,,
-53,165,0.0,,,,
-53,167,0.0,,,,
-53,169,0.0,,,,
-53,171,0.0,,,,
-53,173,0.0,,,,
-53,175,0.0,,,,
-53,177,0.0,,,,
-53,179,0.0,,,,
-51,-179,0.0,,,,
-51,-177,0.0,,,,
-51,-175,0.0,,,,
-51,-173,0.0,,,,
-51,-171,0.0,,,,
-51,-169,0.0,,,,
-51,-167,0.0,,,,
-51,-165,0.0,,,,
-51,-163,0.0,,,,
-51,-161,0.0,,,,
-51,-159,0.0,,,,
-51,-157,0.0,,,,
-51,-155,0.0,,,,
-51,-153,0.0,,,,
-51,-151,0.0,,,,
-51,-149,0.0,,,,
-51,-147,0.0,,,,
-51,-145,0.0,,,,
-51,-143,0.0,,,,
-51,-141,0.0,,,,
-51,-139,0.0,,,,
-51,-137,0.0,,,,
-51,-135,0.0,,,,
-51,-133,0.0,,,,
-51,-131,0.0,,,,
-51,-129,0.0,,,,
-51,-127,0.0,,,,
-51,-125,0.0,,,,
-51,-123,0.0,,,,
-51,-121,0.0,,,,
-51,-119,0.0,,,,
-51,-117,0.0,,,,
-51,-115,0.0,,,,
-51,-113,0.0,,,,
-51,-111,0.0,,,,
-51,-109,0.0,,,,
-51,-107,0.0,,,,
-51,-105,0.0,,,,
-51,-103,0.0,,,,
-51,-101,0.0,,,,
-51,-99,0.0,,,,
-51,-97,0.0,,,,
-51,-95,0.0,,,,
-51,-93,0.0,,,,
-51,-91,0.0,,,,
-51,-89,0.0,,,,
-51,-87,0.0,,,,
-51,-85,0.0,,,,
-51,-83,0.0,,,,
-51,-81,0.0,,,,
-51,-79,0.0,,,,
-51,-77,0.0,,,,
-51,-75,0.0,,,,
-51,-73,0.0,,,,
-51,-71,0.0,,,,
-51,-69,0.0,,,,
-51,-67,0.0,,,,
-51,-65,0.0,,,,
-51,-63,0.0,,,,
-51,-61,0.0,,,,
-51,-59,0.0,,,,
-51,-57,0.0,,,,
-51,-55,0.0,,,,
-51,-53,0.0,,,,
-51,-51,0.0,,,,
-51,-49,0.0,297.0016368257591,0.00095,0.0,0.0
-51,-47,0.0,303.6843833262111,0.00469,0.0,0.0
-51,-45,0.0,291.9010058634557,2e-05,0.0,0.0
-51,-43,0.0,,,,
-51,-41,0.0,330.47022881471116,0.80023,0.0,0.0
-51,-39,0.0,357.45016379745977,1.19148,0.0,0.0
-51,-37,0.0,304.8018188258449,1.4203,2.817926927416422,0.0
-51,-35,0.0,312.29789203788397,1.48185,0.0,0.0
-51,-33,0.0,359.6899760896577,1.68115,0.0,2.0
-51,-31,0.0,372.5857217179532,1.41822,0.0,0.0
-51,-29,0.0,372.9963650177817,1.31913,0.0,0.0
-51,-27,0.0,,,,
-51,-25,0.0,352.10303094860865,1.30848,0.0,0.0
-51,-23,0.0,355.664729063813,1.30712,0.0,0.0
-51,-21,0.0,353.7183417111535,1.16075,0.0,0.0
-51,-19,0.0,299.9594129387087,1.41317,0.0,0.0
-51,-17,0.0,,,,
-51,-15,0.0,364.4407087489108,0.44737,0.0,0.0
-51,-13,0.0,369.6780946789851,1.07803,0.0,0.0
-51,-11,0.0,376.50902385772747,1.61922,0.0,2.0
-51,-9,0.0,392.7409880654473,1.79859,0.0,2.0
-51,-7,0.0,391.18319101076935,1.85047,0.0,2.0
-51,-5,0.0,364.8873570898939,1.95679,0.0,2.0
-51,-3,0.0,382.756928359466,1.73807,0.0,2.0
-51,-1,0.0,372.40955383792516,1.72032,0.0,2.0
-51,1,0.0,210.0216289078131,1.92957,0.0,2.0
-51,3,0.0,378.0160704267364,1.77904,0.0,2.0
-51,5,0.0,379.95751540642823,1.70959,0.0,2.0
-51,7,0.0,376.2246524857273,1.63076,0.0,2.0
-51,9,0.0,375.5143834588249,1.8107,0.0,2.0
-51,11,0.0,380.6095991132529,1.85747,0.0,2.0
-51,13,0.0,343.12482969594186,1.81454,0.0,2.0
-51,15,0.0,393.7410731220082,2.05826,0.0,2.0
-51,17,0.0,390.76471012645027,1.83349,0.0,2.0
-51,19,0.0,395.2821909505087,1.67349,0.0,2.0
-51,21,0.0,396.90256812234117,1.59221,0.0,2.0
-51,23,0.0,399.5421982150555,1.53682,0.0,2.0
-51,25,0.0,397.8221317933282,1.72875,0.0,2.0
-51,27,0.0,390.715595088857,2.12996,0.0,2.0
-51,29,0.0,369.5809575578255,1.56268,0.0,2.0
-51,31,0.0,359.2580421730526,1.53461,0.0,2.0
-51,33,0.0,362.9272853106018,1.71165,0.0,2.0
-51,35,0.0,359.7436568177469,1.50614,0.0,0.0
-51,37,0.0,359.1817912388557,1.17475,0.0,0.0
-51,39,0.0,362.02387758774603,1.14472,0.0,0.0
-51,41,0.0,358.8919924808976,1.25922,0.0,0.0
-51,43,0.0,358.330715201305,1.02765,0.0,0.0
-51,45,0.0,367.0353086460046,0.81863,0.0,0.0
-51,47,0.0,367.63216771782857,1.31955,0.0,0.0
-51,49,0.0,299.79630917620585,1.22366,0.0,0.0
-51,51,0.0,299.2237124671796,1.24392,0.0,0.0
-51,53,0.0,299.8218035073217,1.40682,0.0,0.0
-51,55,0.0,309.3806419389009,1.11114,0.0,0.0
-51,57,0.0,362.645442164199,1.1138,0.0,0.0
-51,59,0.0,360.5421800784384,0.74804,0.0,0.0
-51,61,0.0,360.4929434696762,1.21534,0.0,0.0
-51,63,0.0,279.4579587986737,0.86103,0.0,0.0
-51,65,0.0,348.21594299210216,0.79442,0.0,0.0
-51,67,0.0,283.23113477992405,0.67361,0.0,0.0
-51,69,0.0,-0.0,0.87083,0.0,0.0
-51,71,0.0,78.16599708536145,0.98875,0.0,0.0
-51,73,0.0,88.91229545475846,0.81119,0.0,0.0
-51,75,0.0,133.91258169435594,0.99958,0.0,0.0
-51,77,0.0,221.8038374067504,0.30293,0.0,0.0
-51,79,0.0,,,,
-51,81,0.0,,,,
-51,83,0.0,283.08967231909685,0.00053,0.0,0.0
-51,85,0.0,,,,
-51,87,0.0,,,,
-51,89,0.0,,,,
-51,91,0.0,,,,
-51,93,0.0,,,,
-51,95,0.0,,,,
-51,97,0.0,361.21590877156893,1e-05,0.0,0.0
-51,99,0.0,,,,
-51,101,0.0,,,,
-51,103,0.0,353.85093723538796,0.0927,0.0,0.0
-51,105,0.0,365.0426990624897,0.06841,0.0,0.0
-51,107,0.0,366.9906950752773,0.21127,0.0,0.0
-51,109,0.0,359.4358497850019,0.06709,0.0,0.0
-51,111,0.0,366.73605951404534,0.16495,0.0,0.0
-51,113,0.0,364.25607128241717,0.17929,0.0,0.0
-51,115,0.0,362.05552252720764,0.02819,0.0,0.0
-51,117,0.0,357.7004792482048,0.01426,0.0,0.0
-51,119,0.0,,,,
-51,121,0.0,,,,
-51,123,0.0,,,,
-51,125,0.0,,,,
-51,127,0.0,,,,
-51,129,0.0,,,,
-51,131,0.0,,,,
-51,133,0.0,,,,
-51,135,0.0,,,,
-51,137,0.0,,,,
-51,139,0.0,,,,
-51,141,0.0,,,,
-51,143,0.0,,,,
-51,145,0.0,325.98303402508924,1e-05,0.0,0.0
-51,147,0.0,,,,
-51,149,0.0,,,,
-51,151,0.0,,,,
-51,153,0.0,,,,
-51,155,0.0,,,,
-51,157,0.0,,,,
-51,159,0.0,,,,
-51,161,0.0,,,,
-51,163,0.0,,,,
-51,165,0.0,,,,
-51,167,0.0,,,,
-51,169,0.0,,,,
-51,171,0.0,,,,
-51,173,0.0,,,,
-51,175,0.0,,,,
-51,177,0.0,,,,
-51,179,0.0,,,,
-49,-179,0.0,,,,
-49,-177,0.0,,,,
-49,-175,0.0,,,,
-49,-173,0.0,,,,
-49,-171,0.0,,,,
-49,-169,0.0,,,,
-49,-167,0.0,,,,
-49,-165,0.0,,,,
-49,-163,0.0,,,,
-49,-161,0.0,,,,
-49,-159,0.0,,,,
-49,-157,0.0,,,,
-49,-155,0.0,,,,
-49,-153,0.0,,,,
-49,-151,0.0,,,,
-49,-149,0.0,,,,
-49,-147,0.0,,,,
-49,-145,0.0,,,,
-49,-143,0.0,,,,
-49,-141,0.0,,,,
-49,-139,0.0,,,,
-49,-137,0.0,,,,
-49,-135,0.0,,,,
-49,-133,0.0,,,,
-49,-131,0.0,,,,
-49,-129,0.0,,,,
-49,-127,0.0,,,,
-49,-125,0.0,,,,
-49,-123,0.0,,,,
-49,-121,0.0,,,,
-49,-119,0.0,,,,
-49,-117,0.0,,,,
-49,-115,0.0,,,,
-49,-113,0.0,,,,
-49,-111,0.0,,,,
-49,-109,0.0,,,,
-49,-107,0.0,,,,
-49,-105,0.0,,,,
-49,-103,0.0,,,,
-49,-101,0.0,,,,
-49,-99,0.0,,,,
-49,-97,0.0,,,,
-49,-95,0.0,,,,
-49,-93,0.0,,,,
-49,-91,0.0,,,,
-49,-89,0.0,,,,
-49,-87,0.0,,,,
-49,-85,0.0,,,,
-49,-83,0.0,,,,
-49,-81,0.0,,,,
-49,-79,0.0,,,,
-49,-77,0.0,,,,
-49,-75,0.0,,,,
-49,-73,0.0,,,,
-49,-71,0.0,,,,
-49,-69,0.0,,,,
-49,-67,0.0,,,,
-49,-65,0.0,,,,
-49,-63,0.0,,,,
-49,-61,0.0,,,,
-49,-59,0.0,,,,
-49,-57,0.0,,,,
-49,-55,0.0,,,,
-49,-53,0.0,,,,
-49,-51,0.0,,,,
-49,-49,0.0,,,,
-49,-47,0.0,,,,
-49,-45,0.0,,,,
-49,-43,0.0,,,,
-49,-41,0.0,,,,
-49,-39,0.0,,,,
-49,-37,0.0,,,,
-49,-35,0.0,,,,
-49,-33,0.0,,,,
-49,-31,0.0,294.37011410152354,0.06066,0.0,0.0
-49,-29,0.0,,,,
-49,-27,0.0,,,,
-49,-25,0.0,,,,
-49,-23,0.0,,,,
-49,-21,0.0,,,,
-49,-19,0.0,342.72526296607407,0.00033,0.0,0.0
-49,-17,0.0,,,,
-49,-15,0.0,,,,
-49,-13,0.0,,,,
-49,-11,0.0,,,,
-49,-9,0.0,206.06806191167118,0.00105,0.0,0.0
-49,-7,0.0,365.1408314946864,1.06889,0.0,0.0
-49,-5,0.0,355.284569055097,5e-05,0.0,0.0
-49,-3,0.0,349.06679948727964,0.0393,0.0,0.0
-49,-1,0.0,342.38860660813936,0.42577,0.0,0.0
-49,1,0.0,,,,
-49,3,0.0,343.04808036798306,0.00072,0.0,0.0
-49,5,0.0,343.33874508685517,0.95516,0.0,0.0
-49,7,0.0,305.20915620150026,1.24441,0.0,0.0
-49,9,0.0,344.5447364797698,1.5313,0.0,2.0
-49,11,0.0,345.71779311581884,1.1795,0.0,0.0
-49,13,0.0,347.31301797548355,0.6253,0.0,0.0
-49,15,0.0,345.3133250405263,1.16776,0.0,0.0
-49,17,0.0,347.3891946627752,0.802,0.0,0.0
-49,19,0.0,351.04922648173033,1.27455,0.0,0.0
-49,21,0.0,351.3387517701937,1.29196,0.0,0.0
-49,23,0.0,351.8446722854146,1.32109,0.0,0.0
-49,25,0.0,348.2292235880604,1.45804,0.0,0.0
-49,27,0.0,312.10499990603256,0.00344,0.0,0.0
-49,29,0.0,347.8538151647865,1.20752,0.0,0.0
-49,31,0.0,342.8808561642504,0.01175,0.0,0.0
-49,33,0.0,352.87087908736487,0.00186,0.0,0.0
-49,35,0.0,355.08181973367806,1.20755,0.0,0.0
-49,37,0.0,288.45300019210214,1.24442,0.0,0.0
-49,39,0.0,289.9188624877428,1.06384,0.0,0.0
-49,41,0.0,280.13629930191945,0.88028,0.0,0.0
-49,43,0.0,350.77536483851435,0.80608,0.0,0.0
-49,45,0.0,280.5576922404805,0.90216,0.0,0.0
-49,47,0.0,280.2824322523272,0.9846,0.0,0.0
-49,49,0.0,278.51996882961254,0.9548,0.0,0.0
-49,51,0.0,275.95899324260444,0.99813,0.0,0.0
-49,53,0.0,285.0392640093799,0.92143,0.0,0.0
-49,55,0.0,356.4911987550499,0.94488,0.0,0.0
-49,57,0.0,354.4866422144901,0.89499,0.0,0.0
-49,59,0.0,354.56005103430533,1.02649,0.0,0.0
-49,61,0.0,354.8061731020602,0.71249,0.0,0.0
-49,63,0.0,238.39435010109446,0.66716,0.0,0.0
-49,65,0.0,298.71002370242144,0.51983,0.0,0.0
-49,67,0.0,211.80709540579687,0.67323,0.0,0.0
-49,69,0.0,,,,
-49,71,0.0,0.08384437665255096,0.73411,0.0,0.0
-49,73,0.0,273.8219981184084,0.73288,0.0,0.0
-49,75,0.0,321.1839884506827,0.3744,0.0,0.0
-49,77,0.0,337.4506909686006,0.62541,0.0,0.0
-49,79,0.0,338.95844646052495,0.08272,0.0,0.0
-49,81,0.0,,,,
-49,83,0.0,,,,
-49,85,0.0,,,,
-49,87,0.0,,,,
-49,89,0.0,,,,
-49,91,0.0,,,,
-49,93,0.0,,,,
-49,95,0.0,,,,
-49,97,0.0,,,,
-49,99,0.0,,,,
-49,101,0.0,,,,
-49,103,0.0,,,,
-49,105,0.0,,,,
-49,107,0.0,308.83165169656706,0.06483,0.0,0.0
-49,109,0.0,337.59443604512256,1e-05,0.0,0.0
-49,111,0.0,,,,
-49,113,0.0,,,,
-49,115,0.0,,,,
-49,117,0.0,,,,
-49,119,0.0,,,,
-49,121,0.0,,,,
-49,123,0.0,,,,
-49,125,0.0,,,,
-49,127,0.0,,,,
-49,129,0.0,,,,
-49,131,0.0,,,,
-49,133,0.0,,,,
-49,135,0.0,,,,
-49,137,0.0,,,,
-49,139,0.0,,,,
-49,141,0.0,,,,
-49,143,0.0,,,,
-49,145,0.0,,,,
-49,147,0.0,,,,
-49,149,0.0,,,,
-49,151,0.0,,,,
-49,153,0.0,,,,
-49,155,0.0,,,,
-49,157,0.0,,,,
-49,159,0.0,,,,
-49,161,0.0,,,,
-49,163,0.0,,,,
-49,165,0.0,,,,
-49,167,0.0,,,,
-49,169,0.0,,,,
-49,171,0.0,,,,
-49,173,0.0,,,,
-49,175,0.0,,,,
-49,177,0.0,,,,
-49,179,0.0,,,,
-47,-179,0.0,,,,
-47,-177,0.0,,,,
-47,-175,0.0,,,,
-47,-173,0.0,,,,
-47,-171,0.0,,,,
-47,-169,0.0,,,,
-47,-167,0.0,,,,
-47,-165,0.0,,,,
-47,-163,0.0,,,,
-47,-161,0.0,,,,
-47,-159,0.0,,,,
-47,-157,0.0,,,,
-47,-155,0.0,,,,
-47,-153,0.0,,,,
-47,-151,0.0,,,,
-47,-149,0.0,,,,
-47,-147,0.0,,,,
-47,-145,0.0,,,,
-47,-143,0.0,,,,
-47,-141,0.0,,,,
-47,-139,0.0,,,,
-47,-137,0.0,,,,
-47,-135,0.0,,,,
-47,-133,0.0,,,,
-47,-131,0.0,,,,
-47,-129,0.0,,,,
-47,-127,0.0,,,,
-47,-125,0.0,,,,
-47,-123,0.0,,,,
-47,-121,0.0,,,,
-47,-119,0.0,,,,
-47,-117,0.0,,,,
-47,-115,0.0,,,,
-47,-113,0.0,,,,
-47,-111,0.0,,,,
-47,-109,0.0,,,,
-47,-107,0.0,,,,
-47,-105,0.0,,,,
-47,-103,0.0,,,,
-47,-101,0.0,,,,
-47,-99,0.0,,,,
-47,-97,0.0,,,,
-47,-95,0.0,,,,
-47,-93,0.0,,,,
-47,-91,0.0,,,,
-47,-89,0.0,,,,
-47,-87,0.0,,,,
-47,-85,0.0,,,,
-47,-83,0.0,,,,
-47,-81,0.0,,,,
-47,-79,0.0,,,,
-47,-77,0.0,,,,
-47,-75,0.0,,,,
-47,-73,0.0,,,,
-47,-71,0.0,,,,
-47,-69,0.0,,,,
-47,-67,0.0,,,,
-47,-65,0.0,,,,
-47,-63,0.0,,,,
-47,-61,0.0,,,,
-47,-59,0.0,,,,
-47,-57,0.0,,,,
-47,-55,0.0,,,,
-47,-53,0.0,,,,
-47,-51,0.0,,,,
-47,-49,0.0,,,,
-47,-47,0.0,,,,
-47,-45,0.0,,,,
-47,-43,0.0,,,,
-47,-41,0.0,,,,
-47,-39,0.0,,,,
-47,-37,0.0,,,,
-47,-35,0.0,,,,
-47,-33,0.0,,,,
-47,-31,0.0,,,,
-47,-29,0.0,,,,
-47,-27,0.0,,,,
-47,-25,0.0,,,,
-47,-23,0.0,,,,
-47,-21,0.0,,,,
-47,-19,0.0,,,,
-47,-17,0.0,,,,
-47,-15,0.0,,,,
-47,-13,0.0,,,,
-47,-11,0.0,,,,
-47,-9,0.0,305.7029734467022,0.00053,0.0,0.0
-47,-7,0.0,339.00758806195466,0.00065,0.0,0.0
-47,-5,0.0,,,,
-47,-3,0.0,,,,
-47,-1,0.0,,,,
-47,1,0.0,,,,
-47,3,0.0,,,,
-47,5,0.0,,,,
-47,7,0.0,293.54436485842723,8e-05,0.0,0.0
-47,9,0.0,321.0015111534047,1.1084,0.0,0.0
-47,11,0.0,,,,
-47,13,0.0,,,,
-47,15,0.0,,,,
-47,17,0.0,333.6032864737344,0.0006,0.0,0.0
-47,19,0.0,,,,
-47,21,0.0,,,,
-47,23,0.0,335.7553000814562,0.60253,0.0,0.0
-47,25,0.0,335.4945207165772,4e-05,0.0,0.0
-47,27,0.0,334.6842049685654,0.00786,0.0,0.0
-47,29,0.0,334.4815272072944,1e-05,0.0,0.0
-47,31,0.0,,,,
-47,33,0.0,289.6220307166734,0.01168,0.0,0.0
-47,35,0.0,332.7088793422229,5e-05,0.0,0.0
-47,37,0.0,,,,
-47,39,0.0,270.0654536938797,0.00028,0.0,0.0
-47,41,0.0,260.7598046408313,0.493,0.0,0.0
-47,43,0.0,,,,
-47,45,0.0,,,,
-47,47,0.0,328.0373931788984,0.00566,0.0,0.0
-47,49,0.0,265.88607244189086,0.55662,0.0,0.0
-47,51,0.0,298.813283543705,0.61427,0.0,0.0
-47,53,0.0,330.59380204461064,0.76252,0.0,0.0
-47,55,0.0,,,,
-47,57,0.0,341.46272502494736,0.0028,0.0,0.0
-47,59,0.0,,,,
-47,61,0.0,,,,
-47,63,0.0,330.66927243254855,0.00965,0.0,0.0
-47,65,0.0,298.90728457532583,0.38558,0.0,0.0
-47,67,0.0,45.645605371237636,0.29983,0.0,0.0
-47,69,0.0,44.367955202018855,0.35615,0.0,0.0
-47,71,0.0,88.20379776203116,0.0181,0.0,0.0
-47,73,0.0,,,,
-47,75,0.0,,,,
-47,77,0.0,,,,
-47,79,0.0,,,,
-47,81,0.0,,,,
-47,83,0.0,,,,
-47,85,0.0,,,,
-47,87,0.0,,,,
-47,89,0.0,,,,
-47,91,0.0,,,,
-47,93,0.0,,,,
-47,95,0.0,,,,
-47,97,0.0,,,,
-47,99,0.0,,,,
-47,101,0.0,,,,
-47,103,0.0,,,,
-47,105,0.0,,,,
-47,107,0.0,,,,
-47,109,0.0,,,,
-47,111,0.0,,,,
-47,113,0.0,,,,
-47,115,0.0,,,,
-47,117,0.0,,,,
-47,119,0.0,,,,
-47,121,0.0,,,,
-47,123,0.0,,,,
-47,125,0.0,,,,
-47,127,0.0,,,,
-47,129,0.0,,,,
-47,131,0.0,,,,
-47,133,0.0,,,,
-47,135,0.0,,,,
-47,137,0.0,,,,
-47,139,0.0,,,,
-47,141,0.0,,,,
-47,143,0.0,,,,
-47,145,0.0,,,,
-47,147,0.0,,,,
-47,149,0.0,,,,
-47,151,0.0,,,,
-47,153,0.0,,,,
-47,155,0.0,,,,
-47,157,0.0,,,,
-47,159,0.0,,,,
-47,161,0.0,,,,
-47,163,0.0,,,,
-47,165,0.0,,,,
-47,167,0.0,,,,
-47,169,0.0,,,,
-47,171,0.0,,,,
-47,173,0.0,,,,
-47,175,0.0,,,,
-47,177,0.0,,,,
-47,179,0.0,,,,
